,raw_group_size,raw_waiting_band_eligible_member_count,cohort_eligible_member_count,eligible_member_fraction_of_group,dbscan_centroid_x_m,dbscan_centroid_y_m,dbscan_spread_m,dbscan_mean_vx_mps,dbscan_mean_vy_mps,dbscan_mean_speed_mps,group_male_ratio,group_female_ratio,group_unknown_gender_ratio,group_young_ratio,group_adult_ratio,group_old_ratio,group_unknown_age_ratio,member_distance_to_crossing_line_m_mean,member_distance_to_crossing_line_m_min,member_distance_to_crossing_line_m_max,member_current_vy_mps_mean,member_current_vy_mps_min,member_current_vy_mps_max,member_current_speed_mps_mean,member_current_speed_mps_min,member_current_speed_mps_max,member_history_mean_vy_mps_mean,member_history_mean_vy_mps_min,member_history_mean_vy_mps_max,member_history_mean_speed_mps_mean,member_history_mean_speed_mps_min,member_history_mean_speed_mps_max,member_history_y_displacement_m_mean,member_history_y_displacement_m_min,member_history_y_displacement_m_max,member_window_low_speed_fraction_mean,member_window_low_speed_fraction_min,member_window_low_speed_fraction_max,member_waiting_band_dwell_sec_mean,member_waiting_band_dwell_sec_min,member_waiting_band_dwell_sec_max,member_waiting_low_speed_time_sec_mean,member_waiting_low_speed_time_sec_min,member_waiting_low_speed_time_sec_max,member_history_observed_fraction_mean,member_history_observed_fraction_min,member_history_observed_fraction_max,member_history_interpolated_fraction_mean,member_history_interpolated_fraction_min,member_history_interpolated_fraction_max,member_history_max_unobserved_gap_sec_mean,member_history_max_unobserved_gap_sec_min,member_history_max_unobserved_gap_sec_max,active_vehicle_count,approaching_vehicle_count,stopped_vehicle_count,veh1_lateral_x_m,veh1_front_y_m,veh1_speed_mps,veh1_closing_speed_mps,veh1_ttc_capped_sec,veh1_history_mean_front_y_m,veh1_history_front_y_change_m,veh1_history_observed_fraction,veh2_lateral_x_m,veh2_front_y_m,veh2_speed_mps,veh2_closing_speed_mps,veh2_ttc_capped_sec,veh2_history_mean_front_y_m,veh2_history_front_y_change_m,veh2_history_observed_fraction,veh3_lateral_x_m,veh3_front_y_m,veh3_speed_mps,veh3_closing_speed_mps,veh3_ttc_capped_sec,veh3_history_mean_front_y_m,veh3_history_front_y_change_m,veh3_history_observed_fraction
raw_group_size,1.0,0.2676889022853353,0.2676889022853353,-0.38596526259681235,0.02628871377924878,-0.051016102456560505,0.7256675745732043,-0.017255669342264166,0.008711072634818025,0.09349384525821267,-0.1898648451036782,0.10144042131053235,0.24143418411594336,0.08690694854478295,-0.09383162042579572,0.10978337095696561,0.12113290006251047,0.013482555610421847,-0.046881776117183964,0.09027328460124437,-0.01789734658208108,-0.12181688306419604,0.08055825283869524,0.04664457871252669,-0.07774702779253004,0.11334821082530348,-0.008345954011515552,-0.07840044244779734,0.0679483682726342,0.04261115075943039,-0.04155175317525203,0.11837374554636458,-0.007458023430997371,-0.07752635257064536,0.06920510908200361,0.024425796485684693,-0.04786140910097179,0.0827574026848795,-0.00563182761714746,-0.13798385730393048,0.027749030402793636,0.029847166043760604,-0.08580785474184945,0.052649858957499095,-0.10829888809353395,-0.13362859001771418,-0.024478178035675327,0.11858991655376938,0.03432465380142269,0.14248204558173433,0.10271303171536063,0.023730723407901687,0.1280655450281695,0.052601594795619495,0.15309442819625715,-0.0247819585288013,-0.1404180600248628,-0.03701855394549811,-0.01798002276563998,-0.02084912627976463,-0.02769984984574361,-0.017933448720027778,0.006270765724068379,0.031934141084804746,-0.041731773458578494,-0.00595478463045061,0.04103099769421899,0.03710239967531226,-0.09901626267495986,0.02321082067147923,-0.03281318145999647,0.017666512614019258,-0.013664500913729737,0.02007115903276731,0.11829532881369591,0.1295583389011659,-0.14961971254498357,0.06192717299355048,-0.12181702704965944,0.021933398045518318
raw_waiting_band_eligible_member_count,0.2676889022853353,1.0,1.0,0.7507082412831885,0.04185423228126356,0.041305358801001404,0.10541070945070018,0.020921700647768667,-0.016795028027961338,-0.19194882938454116,0.03988741030124478,0.07164980601880967,-0.07421708746200578,0.048764882997909424,0.02035959095694961,-0.04069870469776635,-0.010276879525138357,-0.023216760915446152,-0.13906192851351581,0.12449018778978466,-0.028844616630674873,-0.28902838550817966,0.23795336271003706,-0.08931016940193608,-0.42196252858270084,0.10478127285453136,-0.01411021998747883,-0.21236517375637418,0.19908257692772824,-0.15414480812698206,-0.3786666411276129,0.050498230212596765,-0.012451267251116345,-0.21319075293130693,0.203414315917245,0.24070876905744,0.019373720903046798,0.3902358193986527,0.35207574639195005,0.04383986899508207,0.4535386145510463,0.36124533669975323,0.05633479789754689,0.43435741136452455,-0.049202376889721476,-0.12890604386265694,0.3163591155216867,0.056287265217035476,-0.3169174440177099,0.12972225899306564,0.0437703802682897,-0.3159200372934435,0.12620016840114764,-0.08195398893211485,0.08183093922627126,-0.14228516204336894,-0.0720324227954884,-0.02490262904512133,0.08422678283300734,0.07430880363067091,-0.09932435875914013,0.02145211158362304,-0.08412855530450296,-0.011453182686874152,-0.02174922277499592,0.011975156158132416,0.12067968435258909,0.10625908183266232,-0.1479911115559834,0.0749884251949815,-0.11570089816070381,0.014427284682606718,0.03263810564855537,0.01666296486903722,0.1635978773568149,0.1604570171570703,-0.17814356473929743,0.10669626097083879,-0.1689308241040372,-0.015936994913280544
cohort_eligible_member_count,0.2676889022853353,1.0,1.0,0.7507082412831885,0.04185423228126356,0.041305358801001404,0.10541070945070018,0.020921700647768667,-0.016795028027961338,-0.19194882938454116,0.03988741030124478,0.07164980601880967,-0.07421708746200578,0.048764882997909424,0.02035959095694961,-0.04069870469776635,-0.010276879525138357,-0.023216760915446152,-0.13906192851351581,0.12449018778978466,-0.028844616630674873,-0.28902838550817966,0.23795336271003706,-0.08931016940193608,-0.42196252858270084,0.10478127285453136,-0.01411021998747883,-0.21236517375637418,0.19908257692772824,-0.15414480812698206,-0.3786666411276129,0.050498230212596765,-0.012451267251116345,-0.21319075293130693,0.203414315917245,0.24070876905744,0.019373720903046798,0.3902358193986527,0.35207574639195005,0.04383986899508207,0.4535386145510463,0.36124533669975323,0.05633479789754689,0.43435741136452455,-0.049202376889721476,-0.12890604386265694,0.3163591155216867,0.056287265217035476,-0.3169174440177099,0.12972225899306564,0.0437703802682897,-0.3159200372934435,0.12620016840114764,-0.08195398893211485,0.08183093922627126,-0.14228516204336894,-0.0720324227954884,-0.02490262904512133,0.08422678283300734,0.07430880363067091,-0.09932435875914013,0.02145211158362304,-0.08412855530450296,-0.011453182686874152,-0.02174922277499592,0.011975156158132416,0.12067968435258909,0.10625908183266232,-0.1479911115559834,0.0749884251949815,-0.11570089816070381,0.014427284682606718,0.03263810564855537,0.01666296486903722,0.1635978773568149,0.1604570171570703,-0.17814356473929743,0.10669626097083879,-0.1689308241040372,-0.015936994913280544
eligible_member_fraction_of_group,-0.38596526259681235,0.7507082412831885,0.7507082412831885,1.0,0.007957180173522734,0.09079723914717282,-0.390539214256148,0.028659125160163907,-0.02732454888457113,-0.25501452908858885,0.1602153770586525,0.010872824762181833,-0.23522752171723313,-0.013310230421249614,0.09537480476332186,-0.1111906184543153,-0.10235029926244597,-0.04097134618044094,-0.10320933566132003,0.03996216637591053,-0.020256381496699002,-0.19101575624512138,0.16049161998514802,-0.11799965821251387,-0.34482456965272196,0.01791465451314964,-0.01027283072442165,-0.14958245960389938,0.13749816375478602,-0.17193028798590762,-0.32451693358313016,-0.033648979380958004,-0.010755087281066633,-0.15173667922416148,0.1398467473958118,0.21044166589844754,0.05327392273340205,0.3094186870686354,0.34012637973619325,0.14284962762492956,0.4097775094880843,0.3232551316909103,0.11636739550613533,0.3752737291181871,0.02776534006869518,-0.02777844357586869,0.304335761679049,-0.027567680595166795,-0.30735101909793666,0.022696225108568228,-0.02839185067188565,-0.30356648540448444,0.02924989986485329,-0.11137000016852054,-0.023296290027136415,-0.11961933631728959,0.04071118232718697,0.0010600419502876577,0.09816752108707663,0.08974211254467279,-0.08181405864721446,0.03608613590722642,-0.09443240175499892,-0.03878436064685958,0.018031848805540762,0.020443466157072817,0.09633148776646806,0.08591959439164822,-0.0855062619915995,0.06323045165255806,-0.09780016348161821,0.0030616100437510646,0.045172730589475144,0.0028879374794779184,0.0718638951789047,0.06351959648271807,-0.06546027163181983,0.06011473379288072,-0.07250188493090698,-0.02428220194738441
dbscan_centroid_x_m,0.02628871377924878,0.04185423228126356,0.04185423228126356,0.007957180173522734,1.0,0.007384832221079512,0.027103386103828994,0.031164654758971882,-0.01630983368886879,0.11938609796993521,0.18853198605672497,-0.13287469453277428,-0.09381949477066077,0.0530479792305004,-0.05567169210381885,-0.08660082162506325,0.07281095107555637,-0.00039762128631724863,0.00439430544469711,0.007438861053095207,-0.0026503779438742017,-0.007034316607763919,0.014047512331417673,0.1349557253507693,0.10628305280473964,0.1339850655404654,-0.03714557251653216,-0.054402697097632256,-0.003269974077501215,0.1296476297282298,0.1104433905915607,0.12511865993096105,-0.03602433003135139,-0.05565717816784714,-0.0034746582677963895,-0.1677915151302878,-0.18248645406607528,-0.14507778891525555,-0.017223050100041278,-0.05472687668242762,-0.006260907164204643,-0.08228500955352151,-0.11935383347823209,-0.07145713213763945,0.06555679822229982,0.06162886218744977,0.06479120328418458,-0.044901906870389564,-0.049822199879955995,-0.04081025842262725,-0.06022049524774287,-0.06272050900250552,-0.05594622479328529,-0.06552318367002395,-0.153362924822024,0.06635954586954555,-0.10415909571629457,-0.18037559072971468,-0.16808499342907707,-0.15244484250591497,0.11387763500723824,-0.20088854808350182,0.14629646884889697,-0.008270421384695989,-0.1828144495494899,-0.16576423190630582,-0.17889359414249428,-0.17401593031976814,0.1383811262704423,-0.19901130674940787,0.16480539906902097,-0.0629750860392402,-0.17160995492912107,-0.14734176198007415,-0.11894069033982177,-0.11016662794753808,0.06562377751481904,-0.16090870970975443,0.09158965323805994,-0.029406861121036
dbscan_centroid_y_m,-0.051016102456560505,0.041305358801001404,0.041305358801001404,0.09079723914717282,0.007384832221079512,1.0,-0.037639704721193004,-0.018592629806332677,0.04338124850809977,0.010513763370291446,0.0931607001547042,0.13924666172248787,-0.233647083691214,-0.03452242364966383,0.15811037434484193,0.1474068152605596,-0.19025045678544278,-0.9587805308989293,-0.9397561879446593,-0.9212041611394695,0.008407443814999563,-0.0375476063275677,0.04322883327860686,0.06995212929957811,0.02610044050205266,0.08079036573558922,0.05675352037384113,0.02489667254690777,0.08047294050636598,0.08614427283696335,0.07600105059800197,0.08351863491941193,0.05689302799546633,0.02363918040037883,0.08150695805302567,-0.08368164714709485,-0.08072438247933195,-0.07468858200710544,-0.043685019913484245,-0.061146622096517715,-0.029767299567778394,-0.040895072940652095,-0.05671867978658866,-0.03096534388675812,0.0230481597919084,0.01867770328991854,0.02808429104631447,-0.03775924558263238,-0.046918212415257066,-0.03315544339058534,-0.021107094138636588,-0.027781078110187273,-0.015682614922384864,-0.0711248908167854,-0.034464349007170915,-0.11510548339010473,0.05736049904566688,0.04892189094848694,0.10649424853518995,0.11203837207326046,-0.11746029463314944,0.09635069495850981,-0.12413017500620979,-0.053250528349134685,-0.031636616605605725,0.07136625564821109,0.1010661693490844,0.1014104435007813,-0.0903518011710999,0.10426888180110791,-0.10112114365885845,-0.09642016545369897,-0.09794615008194217,0.0008146124647127124,0.030203320539742288,0.04755180561100246,-0.0018510253044733182,0.022058122182173193,-0.0334010671356256,-0.07988152227428377
dbscan_spread_m,0.7256675745732043,0.10541070945070018,0.10541070945070018,-0.390539214256148,0.027103386103828994,-0.037639704721193004,1.0,-0.019138622405158626,-0.005449080539571106,0.2317337654316239,-0.09198671525077985,0.08536208528905131,0.11952109646224879,0.1334995660035805,-0.0918463005103483,0.13232388978061888,0.0477039393581433,-0.0009329678841073038,-0.06112635178010901,0.07562002484210535,-0.01234289546208908,-0.09943173633735519,0.07429077851250088,0.16674300025783056,0.06267022597050191,0.20588601683264401,-0.014879492124012718,-0.07534341427613736,0.052371003567445985,0.15468020929175183,0.08733700452381911,0.20320706814913153,-0.011532128786857198,-0.07404175427936031,0.05594751632365036,-0.11331262182420909,-0.16220347912194527,-0.06326994691830183,-0.08670340257723991,-0.17387788261798154,-0.06580686100421762,-0.09057831203320038,-0.17734244870923993,-0.074874842729797,-0.06369126986046235,-0.0785689526501626,-0.029081018251693385,0.06565158201786282,0.03115207747627641,0.08023569518572189,0.06026863852236395,0.028764386164211075,0.07507811337481538,-0.026286776302023543,0.06964923885799713,-0.07073200653805958,-0.11959927188168773,0.0014737905982456331,0.010216733094020361,0.015049760846468148,-0.051683543856120735,0.02905595281505794,-0.03406503398163112,-0.015529737687057777,-0.0975365492732849,0.012325443246027362,0.027841179931977968,0.02669798706512568,-0.058736240383525165,0.033926355349500774,-0.02853846167428677,-0.024276288195441045,-0.04180292774537533,0.0507434301464498,0.08946870231346792,0.10335243694322203,-0.0985866456560709,0.08195068362957937,-0.1002622108645772,-0.024936981534436783
dbscan_mean_vx_mps,-0.017255669342264166,0.020921700647768667,0.020921700647768667,0.028659125160163907,0.031164654758971882,-0.018592629806332677,-0.019138622405158626,1.0,-0.2166229111476233,0.009075403868823358,0.03128636156750487,-0.021755687655536763,-0.01637138261554226,0.03357056797472942,-0.029924194313828915,-0.012180463367946493,0.01539175937294425,0.01836064506980424,0.016892032882682793,0.020215989017935296,-0.17590088918491512,-0.1420362254502236,-0.12135402428067278,0.011736487587863753,0.008822413872695804,0.013865627521583185,-0.11594417487938422,-0.10326060807674735,-0.09930917282510887,-0.0006865108643823499,0.00859037925489312,-0.005223985669275174,-0.11848888446612957,-0.10719251599344388,-0.10061498820169731,-0.002833415398219105,0.008834322481533667,-0.004566494978450483,0.03358181846928489,0.05808393702217009,0.027641814907316434,0.014249346374568905,0.0272503882032357,0.012687462889479728,-0.011421408587355105,-0.010777697887928081,-0.01331105282662477,0.012078290804762498,0.011381009743770862,0.011781956432208888,0.014783898249653737,0.014866373219664742,0.015251775024865516,-0.017994494062512082,-0.07231475245053696,0.0307434392428573,-0.03605454569901378,-0.0007930075481452685,-0.03997496141008441,-0.037595248362378535,0.04690598736737451,-0.017063205817189248,0.022265086075915846,0.04115668942603757,-0.048242906705691875,-0.019877402822128278,-0.04340394912684179,-0.04054262704641864,0.03543025591861955,-0.036559708228962075,0.0387426527901706,0.020726954895440044,-0.021835171594580673,-0.004918458913791891,-0.06013855170221775,-0.04332559399421305,0.04025092385991499,-0.025524793503239135,0.058422840771977236,-0.008031417619023686
dbscan_mean_vy_mps,0.008711072634818025,-0.016795028027961338,-0.016795028027961338,-0.02732454888457113,-0.01630983368886879,0.04338124850809977,-0.005449080539571106,-0.2166229111476233,1.0,-0.030245016886323098,-0.010339979669007607,-0.015829366159261508,0.02678796750143125,-0.08730691364464116,0.045258981629097694,-0.03476398467614152,0.025606178262487043,-0.04575884637181553,-0.04743270189770011,-0.038262981567257645,0.8078938762298856,0.6779696261482124,0.6756466837949148,-0.04564053695828423,-0.024969621620493827,-0.051617544908478225,0.42981226065110745,0.4023863676633396,0.3800672435554486,0.0008566710138192282,-0.012511745932426956,0.0067491090538951345,0.4312534660015142,0.4049823753021796,0.3793405597263279,0.01446606736233364,0.016117432289792098,0.014820797957654126,0.037101350032412356,0.03128716170170206,0.03671676067275936,0.02363741876753714,0.017645634845959244,0.02463997053060978,-0.06788155966446655,-0.06871645126601714,-0.04265475964727661,0.0575743583162505,0.029271817125035772,0.05868057682962866,0.06303732426719652,0.04066253906119829,0.06275987460927902,0.026009885949670665,0.03656849245127452,-0.0032572658513632287,0.06200021484786481,-0.009183831776932442,0.02654756979356307,0.005745357795550989,-0.026078978975963438,-0.0022032673717769283,-0.008739407326361475,0.002851653704357671,0.05218185516305066,-0.005302522705285705,0.02260618313006168,0.003089345923040187,-0.016828286469188877,-0.0021472412313333013,-0.010270834717077366,0.012711527149367229,0.03116840805060548,-0.0021075722799295806,0.02060315137270966,0.015439512049269652,-0.012847403947263974,0.007885093892659763,-0.014281581990320884,0.010940401218398503
dbscan_mean_speed_mps,0.09349384525821267,-0.19194882938454116,-0.19194882938454116,-0.25501452908858885,0.11938609796993521,0.010513763370291446,0.2317337654316239,0.009075403868823358,-0.030245016886323098,1.0,-0.010135177790600613,0.041521103071122986,0.000278264313917987,0.13800622852377392,-0.07390876358096768,0.04602160147357697,-0.029052892096092024,-0.02049661222782843,-0.03910321841900637,-0.007750945681379105,-0.03675373416361484,-0.19399495884679335,0.1301598610220122,0.8652469564873518,0.7563522450304132,0.817706813482879,-0.11866918669373337,-0.19107022510644442,8.888017015345806e-05,0.6667913566873127,0.6397662799764977,0.6191080358375834,-0.11807343973707048,-0.19250506045801166,0.0013454505587911691,-0.6589839044519565,-0.6283489511375216,-0.6298432592666074,-0.513791849534839,-0.49821910356845006,-0.4892624049397827,-0.6059936716698799,-0.6189406499396999,-0.5833651520419274,-0.20062352160886732,-0.18630822996839996,-0.1912573558035583,0.1871616815280643,0.17910406870797546,0.1742817954468459,0.20164515215694434,0.19013855470806934,0.18607507394578263,-0.05821737037301473,-0.15560880011286335,0.019069064581672304,-0.09561760787291482,-0.03448242849409436,-0.07569075168766648,-0.04196294363339718,0.015876478140568695,-0.035578046364090926,0.04364694303550429,-0.01715210373234527,-0.17413640494547078,-0.04240479570638308,-0.13157919058270462,-0.11239131032945636,0.11911482260226386,-0.07544190582548395,0.11188068488849857,-0.057728659782945335,-0.18016929602868462,-0.016526454504987097,-0.12109732022361742,-0.0873604695219888,0.1056063925100301,-0.06081576164580038,0.10179451103241109,-0.027970662551104777
group_male_ratio,-0.1898648451036782,0.03988741030124478,0.03988741030124478,0.1602153770586525,0.18853198605672497,0.0931607001547042,-0.09198671525077985,0.03128636156750487,-0.010339979669007607,-0.010135177790600613,1.0,-0.5853760752415169,-0.689591063786805,0.011409141128013209,-0.13663053743905257,0.009881537368791193,0.1269953754143418,-0.06358808867362695,-0.051236894635308075,-0.06876051524843997,-0.015837756732271144,-0.018629109346985535,-0.010120267624290783,0.01911464376455289,0.000714182957435426,0.021271232164987667,-0.042754126346753275,-0.04863764985398486,-0.025933689563597595,0.010858168862743595,0.0021023116383735983,0.012489056092112065,-0.040822909713714974,-0.050638471136112966,-0.02406785445170315,0.003045938655269572,-0.0021371745914733737,0.0027131715933246324,0.06655192649916314,0.05535218679741784,0.06552965186457421,0.050029022317312544,0.02320305432442774,0.05081032319052396,0.14490353096477804,0.14550282552515767,0.10191621706890204,-0.1375020369482414,-0.09926719375727208,-0.13869512257106295,-0.1403951408640332,-0.10023760105427029,-0.14044075121534524,-0.06314427810029699,-0.1453733932046017,0.010561433003184057,0.05547384195622709,-0.03311918849857696,0.005917586230235032,0.036708502406053146,-0.03961362968976963,0.004547107252755891,-0.06916974035168538,0.02138664851642458,0.012963521536458193,-0.057582390980212964,-0.016404204551344826,0.016541081820578556,0.01699323693934955,-0.03215706600024625,-0.028783815356857007,0.007699297688259422,-0.029449451070940408,-0.04558614321324161,-0.09642273243132381,-0.08663812054363461,0.10381050465489707,-0.04923522782292094,0.07877434629152176,0.010360044913324432
group_female_ratio,0.10144042131053235,0.07164980601880967,0.07164980601880967,0.010872824762181833,-0.13287469453277428,0.13924666172248787,0.08536208528905131,-0.021755687655536763,-0.015829366159261508,0.041521103071122986,-0.5853760752415169,1.0,-0.11894220079429418,0.04187652509235956,0.16717514345323814,0.14346087949388525,-0.2361089098415821,-0.14258179310309166,-0.15834855565943184,-0.11438270897235335,-0.003271733548872682,-0.033439079173975754,0.029333859575135304,0.04497371979484594,0.009865026968068237,0.05842498018714964,0.027097035874364774,0.006008226716420033,0.04364287252517066,0.0458720583963862,0.03162571672514601,0.05578755151597673,0.028731269964319087,0.008331813495606239,0.04604007544685063,-0.05577317566688023,-0.06816306972187382,-0.040463805822701024,-0.04124395521474322,-0.049376707424676015,-0.033885191595283366,-0.04873979731168625,-0.05557946461685166,-0.04111666161775918,-0.043409606123432,-0.05166515159567192,0.006519025517724324,0.04049887138729717,-0.004754614530626995,0.04805919507068369,0.04267306378345104,-0.006249960618018076,0.0517615206317367,-0.10245493254641316,-0.026347322411634993,-0.12387012793677855,0.0026969128653566436,0.07319869492775445,0.0951951584450283,0.0807402388090725,-0.05231232455120288,0.07789228749700192,-0.05857662018169819,-0.1240047915114523,-0.046322863474335035,0.05426235471239518,0.06277064218317778,0.04967189795159833,-0.027704881437530162,0.06568456349642054,-0.038391619365129255,-0.13268624454519767,-0.055238739652014625,0.011514489562239678,0.08404306761292844,0.08597017608715875,-0.03471011042291917,0.043293804758058704,-0.07349167583672925,-0.1253324356931718
group_unknown_gender_ratio,0.24143418411594336,-0.07421708746200578,-0.07421708746200578,-0.23522752171723313,-0.09381949477066077,-0.233647083691214,0.11952109646224879,-0.01637138261554226,0.02678796750143125,0.000278264313917987,-0.689591063786805,-0.11894220079429418,1.0,-0.04526771641587693,0.0045646907489523166,-0.11018063907209898,0.0771077693464246,0.20358692815178572,0.1932029655544178,0.1963701346606096,0.02068097592099085,0.03174445416106136,0.004574296231419703,-0.041396104295930915,-0.010590045052636547,-0.04646340527911114,0.02091059563661994,0.03500582254156913,0.0014161107661130393,-0.033836911438074095,-0.023562305795041573,-0.034754885515237144,0.018195322862760703,0.03617209516544415,-0.0012861476212536849,0.02608369159450525,0.03490480242918308,0.022656406212120665,-0.058947143379114594,-0.051912836562696976,-0.058689799679940015,-0.03362041321590327,-0.008046520464832976,-0.03745809810781716,-0.12861053938873196,-0.1254249808159846,-0.11864398292891457,0.11993764052649071,0.11259479003754011,0.11734681346222477,0.1241233411554416,0.11626585786490805,0.11954523613029697,0.13682089462897196,0.17103446298055244,0.08408565493042618,-0.07878943611482893,-0.012123557725923585,-0.07711883816030857,-0.09857029249272485,0.08079096161372137,-0.05774120833998154,0.11951480231473427,0.07038354325435885,0.013320070280913872,0.03694446022986529,-0.023698437423047895,-0.04475117913760042,0.00356108143898318,0.0009011693757101123,0.05002265231581168,0.0981819073212993,0.058079201940615006,0.04839994106521601,0.04898663318574014,0.03834290941111495,-0.086217453273393,0.03124752544569595,-0.0368122752410781,0.08733605451770914
group_young_ratio,0.08690694854478295,0.048764882997909424,0.048764882997909424,-0.013310230421249614,0.0530479792305004,-0.03452242364966383,0.1334995660035805,0.03357056797472942,-0.08730691364464116,0.13800622852377392,0.011409141128013209,0.04187652509235956,-0.04526771641587693,1.0,-0.3981760715443562,0.02835095521466621,-0.25559444328812303,0.034764570442499934,0.02318320322549584,0.050961769448391175,-0.0961596296609017,-0.13178413074751238,-0.032693785637666846,0.13256271496258815,0.08480642557663454,0.14334398691957703,-0.11817218396792649,-0.15478859303336062,-0.04046431818347097,0.15748383456135862,0.1168984567283707,0.17363652476857647,-0.11424997684436992,-0.15385148517406963,-0.03815142826487847,-0.15534282466450072,-0.18396414218863075,-0.11255677148521379,-0.09417155193022506,-0.11643808390371883,-0.07996627516572419,-0.1168080281356567,-0.14615961901270097,-0.10637456008859536,0.013979923029473611,0.008129601296905646,0.028977263367416926,-0.015122277760034494,-0.02668829834902745,-0.009365822675343952,-0.009693742026632535,-0.028398292019279275,-0.002178973552358944,-0.05867379451673981,-0.1057944671262234,0.020347889898443487,-0.07936519287148756,-0.047688029492334416,-0.06287525865293513,-0.06657063465655796,0.06145703170981622,-0.06548431656389098,0.08291898745515598,-0.00933296987213267,-0.08868874186873804,-0.0012248717037897934,-0.07231547936390918,-0.08354620136220929,0.08245614823405188,-0.03899859116500568,0.10315104085640901,-0.015027360654081555,-0.09980558532682639,0.004031170243741617,-0.04983829599989813,-0.05096417348048253,0.05766771549393214,-0.033024501453840505,0.06232521889275357,-0.0073435400962758215
group_adult_ratio,-0.09383162042579572,0.02035959095694961,0.02035959095694961,0.09537480476332186,-0.05567169210381885,0.15811037434484193,-0.0918463005103483,-0.029924194313828915,0.045258981629097694,-0.07390876358096768,-0.13663053743905257,0.16717514345323814,0.0045646907489523166,-0.3981760715443562,1.0,-0.10823796019824797,-0.6957075170132077,-0.141428500881859,-0.13645397065134396,-0.13867411434013993,0.04692180920830824,0.05265472442585366,0.029910558846877645,-0.04576976120221069,-0.04596382150703159,-0.04453635521706382,0.07313147977600765,0.08785200740632584,0.03847620597812761,-0.07428147201388083,-0.05714993184538448,-0.07862995059722226,0.07078881335357587,0.08687901532785229,0.038685206398464005,0.07115194720339683,0.08404344876546609,0.05289085819635855,0.027794319464892463,0.02880033072830319,0.029806490398178096,0.034595800013670804,0.04524351166072689,0.03363235035836065,-0.03571330142205468,-0.033919492397070865,-0.03238944603199986,0.019997666727146184,0.008588908081395823,0.018719517448449675,0.03641263092917686,0.03263695141648345,0.034665563748959176,0.08184840935998253,0.1600104498777906,-0.041638008884850565,0.1421091145756533,0.07384227513286266,0.12074808476106977,0.1312926895762515,-0.11160616819568629,0.10253762656222783,-0.1456656969535419,0.023144911491492566,0.16229522624545964,0.05555453935791577,0.13255457350112,0.1327003515864295,-0.1553789493439351,0.10651970582098039,-0.15690563563566284,0.07585970695147529,0.09674127194827288,0.07385044498170587,0.07450601258827926,0.0649299291398707,-0.09989561687449515,0.10620935948055134,-0.07902042795615877,0.08121164568069802
group_old_ratio,0.10978337095696561,-0.04069870469776635,-0.04069870469776635,-0.1111906184543153,-0.08660082162506325,0.1474068152605596,0.13232388978061888,-0.012180463367946493,-0.03476398467614152,0.04602160147357697,0.009881537368791193,0.14346087949388525,-0.11018063907209898,0.02835095521466621,-0.10823796019824797,1.0,-0.19566727163798592,-0.1455978694212714,-0.14259372933303294,-0.13976790397742936,-0.04392841839374372,-0.05109718887959379,-0.03481405473049635,0.010348073614872591,0.01238183001452719,0.007555833042935426,-0.00987038042609236,-0.01010827639643606,-0.0014599093841699124,0.027185765067971983,0.03324062061371822,0.02082096531547963,-0.010979625815495652,-0.012024780177935202,-0.0021301316971823066,-0.02464700488900119,-0.0286320075057122,-0.019563494285418502,-0.05720788066160092,-0.03462567842328671,-0.058732430858688046,-0.037400151149633604,-0.026645040200247685,-0.03914067167575279,0.014233411614708787,0.013503245240945125,0.01390778463126358,-0.016619439444703205,-0.007768640153782663,-0.016164081003456825,-0.01090662947203672,-0.012710970849490471,-0.01026752901923337,-0.17973170358864848,-0.18081230892827432,-0.11675450236940366,0.046359405437519915,0.039419052533133554,0.12219494640001889,0.12391293108739213,-0.07968062493141348,0.08322269687886011,-0.10919363107455207,-0.16825044186057544,-0.01927281197826184,0.010565799492689201,0.06634415179548893,0.07994704699487248,-0.00038987489795550126,0.04936364247487329,-0.06484168866584261,-0.2020788811568208,-0.06936015201501042,0.002653750403844246,0.020899622546609903,0.04574331185375312,0.05686686414131104,0.01866423083215631,-0.03124779888100781,-0.1901629641781754
group_unknown_age_ratio,0.12113290006251047,-0.010276879525138357,-0.010276879525138357,-0.10235029926244597,0.07281095107555637,-0.19025045678544278,0.0477039393581433,0.01539175937294425,0.025606178262487043,-0.029052892096092024,0.1269953754143418,-0.2361089098415821,0.0771077693464246,-0.25559444328812303,-0.6957075170132077,-0.19566727163798592,1.0,0.17363099178730718,0.16991858709480828,0.16682175193924575,0.026712006865680826,0.03511289594207989,0.011453380256288014,-0.047172459803557984,-0.03290891281054951,-0.04637091115836431,0.006998210954192982,0.0071818721127046075,-0.00015670969740063777,-0.03656851728497799,-0.04140198540773389,-0.030676008140955464,0.008038236708768961,0.009035249632666538,-0.0014586068458496213,0.046892443213058264,0.0472372347782563,0.03931247851514692,0.059676502926483695,0.047507813568407616,0.05502733633198577,0.06713960155964524,0.05901043122855489,0.064603021704837,0.0054797147679292195,0.005493872784017817,-0.00033371688758595034,0.014358851623771037,0.016539257043372942,0.014692632826830377,-0.010539896610770386,-0.001027318435651166,-0.01176400041158506,-0.0009250251833784537,-0.041114334992617046,0.057023989855324975,-0.10080621696952961,-0.06780570470469897,-0.10903055359970842,-0.12237506042745167,0.09169221764403382,-0.09348665369620417,0.12203330834003967,0.020826518929306835,-0.10000540020346067,-0.07122776994091119,-0.0962810485661461,-0.09314342320518589,0.09850498306748917,-0.10236607848705687,0.09892843312949418,-0.016660230673292434,-0.02410933161371679,-0.09444057383393951,-0.042124027381730114,-0.03540692250265396,0.04051506649764849,-0.09795399782108208,0.03341698232227528,-0.027878875283344245
member_distance_to_crossing_line_m_mean,0.013482555610421847,-0.023216760915446152,-0.023216760915446152,-0.04097134618044094,-0.00039762128631724863,-0.9587805308989293,-0.0009329678841073038,0.01836064506980424,-0.04575884637181553,-0.02049661222782843,-0.06358808867362695,-0.14258179310309166,0.20358692815178572,0.034764570442499934,-0.141428500881859,-0.1455978694212714,0.17363099178730718,1.0,0.977829057469692,0.9654781840468708,-0.016531116235624085,0.024550889119001856,-0.04218845255336101,-0.055578316966922676,-0.01850482365339653,-0.06616797377408745,-0.06871538455222952,-0.03799455265750079,-0.08701639577246173,-0.07786101241377776,-0.07224553513447558,-0.07427614941202829,-0.06890584716053866,-0.0364409560324502,-0.08788513903207207,0.07354387695161223,0.06652382013737251,0.06813596531114349,0.034466839354073034,0.0471648412504223,0.023800704614173985,0.02911122776709734,0.03946382326130839,0.02136470677606682,-0.02569362130405622,-0.022933991414157445,-0.022464645214779515,0.03958992916564397,0.040045640337700264,0.03660063852894176,0.02374409197262758,0.02218565100181148,0.020091966538658263,0.05025235877176249,0.01894682507147522,0.10416690056365092,-0.04952149062873134,-0.03898436967866519,-0.08470031055756558,-0.09610505106238425,0.10313938130906672,-0.0819815421322768,0.107476803284484,0.04493059070470369,0.028887354456867725,-0.06437818108074032,-0.0815585993524713,-0.08394647689635693,0.08042851651701377,-0.09505736002255849,0.0826137053245531,0.09776713490705094,0.09459269940307954,0.008569683854803237,-0.03737932904648226,-0.05513305226256026,0.012470414727638175,-0.015056700249585869,0.0422775292991798,0.08227870384705932
member_distance_to_crossing_line_m_min,-0.046881776117183964,-0.13906192851351581,-0.13906192851351581,-0.10320933566132003,0.00439430544469711,-0.9397561879446593,-0.06112635178010901,0.016892032882682793,-0.04743270189770011,-0.03910321841900637,-0.051236894635308075,-0.15834855565943184,0.1932029655544178,0.02318320322549584,-0.13645397065134396,-0.14259372933303294,0.16991858709480828,0.977829057469692,1.0,0.8983908309497304,-0.01568887669631657,0.07032859978394852,-0.08467905836697741,-0.08358543632889202,0.0011486649830127326,-0.11725077085802106,-0.06732225033717779,-0.0025126726787039113,-0.12208424238739432,-0.09345579662002268,-0.05500952022323861,-0.11663509669919311,-0.06902849046564655,-0.0016833572204729386,-0.12440401400521878,0.07812822101457532,0.1016111521415869,0.05014535917641365,0.03604004325424607,0.09898219379270473,0.005313394443839226,0.025769718235574394,0.08198160048964628,0.005627755355469769,-0.00011944385837414631,0.013295009594801482,-0.05326960562676725,0.013447135154315613,0.07120384714354668,0.000561385435736114,-0.0008337297324819725,0.052912047525774344,-0.01501140092358191,0.058111788720816106,0.011509824946125614,0.11638315232803516,-0.03402669897408035,-0.03918238542381483,-0.08992235166239579,-0.10294282148936573,0.11208314241403113,-0.08629312510043195,0.11574852590630859,0.04449960689734238,0.03854662514785996,-0.06790396523817896,-0.08864155244311665,-0.09132361452351737,0.0937084277657447,-0.10464915906818231,0.0914405620513047,0.09555725948822112,0.09375374354018244,0.000775268988426354,-0.04736127823263902,-0.0640097311950444,0.024424743830350645,-0.027920767303637985,0.05475895396931064,0.083871768298148
member_distance_to_crossing_line_m_max,0.09027328460124437,0.12449018778978466,0.12449018778978466,0.03996216637591053,0.007438861053095207,-0.9212041611394695,0.07562002484210535,0.020215989017935296,-0.038262981567257645,-0.007750945681379105,-0.06876051524843997,-0.11438270897235335,0.1963701346606096,0.050961769448391175,-0.13867411434013993,-0.13976790397742936,0.16682175193924575,0.9654781840468708,0.8983908309497304,1.0,-0.014510866708466467,-0.02692069110331516,0.01172985342432429,-0.028735374292510045,-0.05508420519380112,-0.007464199715368354,-0.06175603796740401,-0.07325625812211986,-0.038226882956155867,-0.06629690126743568,-0.1033174419196809,-0.025277616972072054,-0.06033833327808096,-0.07102675773015601,-0.037368373076673185,0.07626942982027116,0.026750871530261875,0.099866056367602,0.0445341113273898,-0.009759965665381377,0.057212933310008096,0.04515100643591741,-0.0058372043610719505,0.0520979997006322,-0.05439756375041933,-0.06649622175745701,0.020175941068140833,0.06849198071709697,-0.00345613412950075,0.07930604682572194,0.05101263282957758,-0.020248067988087076,0.06232558606123103,0.028199628573432292,0.02540863463884871,0.07512906334014134,-0.06266863138311875,-0.034677777064173174,-0.07213954258981706,-0.08113836088228518,0.08622965801167187,-0.06972798101498234,0.08998254711944204,0.039429106669590125,0.016506940153577458,-0.05471517399656572,-0.06104962027621451,-0.062400826856017035,0.055562029913155356,-0.07431696223048675,0.062384406050061424,0.09031214780380922,0.08661960226605947,0.02109995532734941,-0.013483231229306631,-0.0310260826900641,-0.010687904233867448,0.008591931674637305,0.014780680990497914,0.06942366936818185
member_current_vy_mps_mean,-0.01789734658208108,-0.028844616630674873,-0.028844616630674873,-0.020256381496699002,-0.0026503779438742017,0.008407443814999563,-0.01234289546208908,-0.17590088918491512,0.8078938762298856,-0.03675373416361484,-0.015837756732271144,-0.003271733548872682,0.02068097592099085,-0.0961596296609017,0.04692180920830824,-0.04392841839374372,0.026712006865680826,-0.016531116235624085,-0.01568887669631657,-0.014510866708466467,1.0,0.8567401364082547,0.8512396564953073,-0.056623551942914165,-0.031642275470862895,-0.06393123843463101,0.48075373932915155,0.45083537039518895,0.42500205306422745,0.006125549294899821,-0.002403095695996109,0.006699283209251725,0.4822193072941766,0.45248459795971735,0.4252599193785673,0.013385642092655642,0.018116843448661924,0.010673515501274603,0.025477425579855696,0.01795115530114888,0.02574540354484586,0.01032177465151517,0.0021041738117465658,0.011788463562665209,-0.07886966537457929,-0.07689322412322512,-0.05935727565271258,0.06174830717940349,0.04068958316995928,0.06115031922305537,0.07444381444880385,0.05749802531706508,0.07164741093677597,0.02722128764266374,0.04280118491761151,0.0008475004140744821,0.05434253706985141,-0.011434926316491968,0.010032478482764865,-0.0026249359112080696,-0.016915359413518752,-0.008583538051911841,6.9470146157949e-05,0.013273346251613917,0.050829592637204636,-0.010359043607431409,0.01896046191041604,0.003969380136743903,-0.018220877255147233,-0.0054553181018625364,-0.009772600738581265,0.023718092296651328,0.03920878694197893,0.003930194432962403,0.013008080497523243,0.001643540628699035,-0.009709826755388546,0.009049334770431258,-0.009367953870428566,0.015267657174658255
member_current_vy_mps_min,-0.12181688306419604,-0.28902838550817966,-0.28902838550817966,-0.19101575624512138,-0.007034316607763919,-0.0375476063275677,-0.09943173633735519,-0.1420362254502236,0.6779696261482124,-0.19399495884679335,-0.018629109346985535,-0.033439079173975754,0.03174445416106136,-0.13178413074751238,0.05265472442585366,-0.05109718887959379,0.03511289594207989,0.024550889119001856,0.07032859978394852,-0.02692069110331516,0.8567401364082547,1.0,0.5607698335967948,-0.2600521370301046,-0.08219024681497737,-0.32577085271282896,0.46421064710607185,0.5440455272019465,0.2908796963486955,-0.12041527954520892,-0.03814072654747937,-0.1826124049287186,0.46376644972625847,0.5456987950024385,0.28928750251752067,0.0905013229207053,0.16766204058810297,0.027414341489586328,0.036473709002552215,0.1472938265403717,-0.010231319348381037,0.0328317930877012,0.14783704182361881,0.0004756759423242551,0.01177710881555559,0.037606891578752445,-0.10269569525188454,-0.023682503574744447,0.08954395115162656,-0.046395763444676864,-0.013398967882509159,0.10105578628803197,-0.04031135233776985,0.049815234408859974,0.03537464150991073,0.0454371673328301,0.09336475230761164,0.008889790248169408,-0.004521073633499123,-0.017490876358771956,0.024221992469434232,-0.008332316423318536,0.02449438705117612,0.014242326196927136,0.08146807319737936,-0.005233831278948467,0.0018136996861523027,-0.007217341413310998,0.012219388218633323,-0.01462882570319008,0.0017410040453263703,0.026558674690211923,0.07130126902004541,0.010574290961797812,-0.011352419788220847,-0.029232055056188443,0.02809004040937609,-0.006688560573949621,0.028124630128720778,0.01878464149732477
member_current_vy_mps_max,0.08055825283869524,0.23795336271003706,0.23795336271003706,0.16049161998514802,0.014047512331417673,0.04322883327860686,0.07429077851250088,-0.12135402428067278,0.6756466837949148,0.1301598610220122,-0.010120267624290783,0.029333859575135304,0.004574296231419703,-0.032693785637666846,0.029910558846877645,-0.03481405473049635,0.011453380256288014,-0.04218845255336101,-0.08467905836697741,0.01172985342432429,0.8512396564953073,0.5607698335967948,1.0,0.16527787020182,0.02750386645889806,0.2207709239718617,0.3980130534461684,0.2675356845331087,0.4873623333331452,0.13504793780779675,0.04152580040270183,0.19554405304192063,0.4007296024122502,0.26823118749081354,0.4897049386942998,-0.08401755964411184,-0.14992018236829546,-0.02635008252795494,0.0031662441962273823,-0.10902912632027804,0.047735521290318786,-0.02882741764761677,-0.15131537956779673,0.004740074184775699,-0.13989008737663328,-0.16012343394416392,-0.0033966145638127648,0.12268501602113034,-0.019070474511124716,0.14254329765016877,0.1333505289089742,0.0015060088946181863,0.15297208727466935,-0.013644098800286312,0.024090399840780038,-0.03642831131971548,0.008952156614274015,-0.01870550036905932,0.013923647537798019,0.00602134183093909,-0.03708731446553529,-0.006361014380296968,-0.010573495925053501,0.004994989784441986,-0.00018979806130189935,-0.00163265616284813,0.021021828562823662,0.007086788512244751,-0.02792447112041062,0.009446574325135182,-0.014936334612359568,0.006730064891369863,0.0015075432101250728,0.006571873249419788,0.029898595979201113,0.031746900988679515,-0.03670910442582428,0.025853549584595417,-0.03505699177500618,0.0007647651409818209
member_current_speed_mps_mean,0.04664457871252669,-0.08931016940193608,-0.08931016940193608,-0.11799965821251387,0.1349557253507693,0.06995212929957811,0.16674300025783056,0.011736487587863753,-0.04564053695828423,0.8652469564873518,0.01911464376455289,0.04497371979484594,-0.041396104295930915,0.13256271496258815,-0.04576976120221069,0.010348073614872591,-0.047172459803557984,-0.055578316966922676,-0.08358543632889202,-0.028735374292510045,-0.056623551942914165,-0.2600521370301046,0.16527787020182,1.0,0.8408510985250621,0.9653925916687922,-0.14695317516021353,-0.2489497246883187,0.0017047625646087674,0.7099754876715795,0.6568306941757583,0.6770632927169925,-0.14491613911652398,-0.24859920443373162,0.004413378886059121,-0.707053031878913,-0.6960243405562887,-0.655913088632268,-0.5124178722768463,-0.5297842131773564,-0.4744959222092148,-0.6277951771048109,-0.6778129184063202,-0.5922913387651074,-0.21969186927038137,-0.21151269454731114,-0.17150853623185164,0.2106184521593163,0.16619462468284177,0.20227544524319557,0.2198292572428541,0.17052266481936587,0.21048331547303764,-0.057394492493841084,-0.15922867061507598,0.022230331933234287,-0.0921730696769063,-0.026597738199276435,-0.06997831873981694,-0.03944245426252977,0.013993974153519051,-0.032760895413541706,0.04220719522831224,-0.006225484068403945,-0.17446192774937314,-0.02301355117025262,-0.1307224572077633,-0.1156822482316059,0.12567279185860114,-0.06330123342793552,0.11938990735555544,-0.053142162295368243,-0.18513055051431182,-0.016383207793734762,-0.13033941617919842,-0.09249115789659669,0.1100892014383266,-0.05925588293284891,0.10061150999206483,-0.016576585779738303
member_current_speed_mps_min,-0.07774702779253004,-0.42196252858270084,-0.42196252858270084,-0.34482456965272196,0.10628305280473964,0.02610044050205266,0.06267022597050191,0.008822413872695804,-0.024969621620493827,0.7563522450304132,0.000714182957435426,0.009865026968068237,-0.010590045052636547,0.08480642557663454,-0.04596382150703159,0.01238183001452719,-0.03290891281054951,-0.01850482365339653,0.0011486649830127326,-0.05508420519380112,-0.031642275470862895,-0.08219024681497737,0.02750386645889806,0.8408510985250621,1.0,0.6908832308395316,-0.1281492742772407,-0.13785942227845002,-0.08777551947250548,0.6703858501380187,0.7471066698253097,0.5362728821682138,-0.1281263547491663,-0.13637094459872273,-0.08718225833603421,-0.7352295801896549,-0.6087155971697178,-0.76577132068939,-0.6028239218759219,-0.4617826286140558,-0.6105800316569233,-0.7234644801396487,-0.6011286540989648,-0.7236051195658786,-0.1646356777682331,-0.12755015608099735,-0.2548449080430324,0.15467843934094852,0.24928174496883898,0.11934783266908118,0.16834890637678465,0.2542952422180259,0.12935695864354668,0.007974395956504936,-0.17997933937131366,0.1166815315115552,-0.04911068831984374,-0.025453167299432984,-0.12853304664073414,-0.1013334893396985,0.09819759035132092,-0.0664966719059494,0.10854947496005081,0.008946273751925369,-0.1380684257942529,-0.04867348968509838,-0.19901929213335817,-0.17696797553169677,0.19910202074892092,-0.1188786599110203,0.1781815328274556,-0.03715466989683382,-0.16243249073872024,-0.0398090842526089,-0.21640659431459042,-0.17835496022065603,0.19111185737618644,-0.1259961287223756,0.18243723003892168,0.01415091050730057
member_current_speed_mps_max,0.11334821082530348,0.10478127285453136,0.10478127285453136,0.01791465451314964,0.1339850655404654,0.08079036573558922,0.20588601683264401,0.013865627521583185,-0.051617544908478225,0.817706813482879,0.021271232164987667,0.05842498018714964,-0.04646340527911114,0.14334398691957703,-0.04453635521706382,0.007555833042935426,-0.04637091115836431,-0.06616797377408745,-0.11725077085802106,-0.007464199715368354,-0.06393123843463101,-0.32577085271282896,0.2207709239718617,0.9653925916687922,0.6908832308395316,1.0,-0.14094686859847386,-0.283831011662941,0.05065297170717142,0.657802222513745,0.5474527231623966,0.680382824324143,-0.1385719170634083,-0.28427039959065026,0.05376181291235072,-0.6252194202735496,-0.6748405952539845,-0.5366945563491589,-0.41784898708491375,-0.5136266989638459,-0.3604979343190056,-0.5191746028959109,-0.6508857325361523,-0.4689778245021654,-0.22694350331063404,-0.23577442305024215,-0.10928064199722289,0.22075199771526052,0.10380859691451216,0.22849252920953142,0.22519982163898183,0.10819650152545993,0.2333762613986976,-0.07756860544185627,-0.12889304350019318,-0.021702245985470898,-0.10742512337940205,-0.027854114013709262,-0.039426131750373114,-0.012636097016036171,-0.02230258837538033,-0.018924996812006552,0.012916641109623178,-0.010414550094205378,-0.17521156647663813,-0.010967569419058068,-0.08739285397955239,-0.07749104164737494,0.07631608009168799,-0.03327960415373955,0.08104601487956502,-0.05106450639985643,-0.17720008300932957,-0.00575791201841493,-0.07889216515822452,-0.043788762270880965,0.05879596421377373,-0.0245375360192064,0.05177516175253545,-0.02486963846505846
member_history_mean_vy_mps_mean,-0.008345954011515552,-0.01411021998747883,-0.01411021998747883,-0.01027283072442165,-0.03714557251653216,0.05675352037384113,-0.014879492124012718,-0.11594417487938422,0.42981226065110745,-0.11866918669373337,-0.042754126346753275,0.027097035874364774,0.02091059563661994,-0.11817218396792649,0.07313147977600765,-0.00987038042609236,0.006998210954192982,-0.06871538455222952,-0.06732225033717779,-0.06175603796740401,0.48075373932915155,0.46421064710607185,0.3980130534461684,-0.14695317516021353,-0.1281492742772407,-0.14094686859847386,1.0,0.9003884680053355,0.8768902131234267,-0.032442715795521104,-0.053778991526884486,-0.010620455989533623,0.991427310834334,0.8941398515183064,0.8695094969021231,0.08408830960763085,0.08229883211088282,0.07807329257385826,0.10105830286852568,0.08207020248108149,0.0961394632773156,0.10324247384320873,0.0907149528033758,0.10079115152898076,-0.11954829111975837,-0.11769902137183934,-0.08797013636294572,0.09341747042108786,0.055033216633832885,0.09323985253528058,0.11624363146569879,0.08748258998743082,0.11375237436923077,0.01942954140605742,0.09515010953646512,-0.052461876615497754,0.08576514014328174,0.009766913420746799,0.0814949348953655,0.06522826738738155,-0.09598638287927519,0.04249677674183128,-0.066058737151172,-0.005828853649255948,0.04512910510080592,0.0002617786339214683,0.08641277274515564,0.06690739360576807,-0.09173010808398117,0.036351777127052225,-0.08340156035429312,0.016203233232093044,0.03151987720785888,0.023125846456535176,0.08196668121884534,0.07436024428020645,-0.07067594298176186,0.061701634884172185,-0.0787700093624803,-0.0003809261288047748
member_history_mean_vy_mps_min,-0.07840044244779734,-0.21236517375637418,-0.21236517375637418,-0.14958245960389938,-0.054402697097632256,0.02489667254690777,-0.07534341427613736,-0.10326060807674735,0.4023863676633396,-0.19107022510644442,-0.04863764985398486,0.006008226716420033,0.03500582254156913,-0.15478859303336062,0.08785200740632584,-0.01010827639643606,0.0071818721127046075,-0.03799455265750079,-0.0025126726787039113,-0.07325625812211986,0.45083537039518895,0.5440455272019465,0.2675356845331087,-0.2489497246883187,-0.13785942227845002,-0.283831011662941,0.9003884680053355,1.0,0.6461159219242261,-0.15785822571960895,-0.09014715050756991,-0.1956313094484332,0.8936708682657625,0.991866444112743,0.6415905367873821,0.16890514506769352,0.23490192141007404,0.10582147972003578,0.12527468670000846,0.2081227647346381,0.07875659482420311,0.1363030972444412,0.2252166675858945,0.10460096114569797,-0.02550506536669221,-0.004312432362023663,-0.11621239636396481,0.006171775167611483,0.09681721846544346,-0.01254197217553377,0.02220983024089644,0.11526411050842185,5.0370557368942545e-05,0.04790390902407682,0.12029220874562707,-0.02920996365132808,0.11027282640811019,0.023974043915218946,0.07955265128310929,0.06500935749428602,-0.07946055426155253,0.04601788072766718,-0.059777744979678055,0.005036755613962601,0.08133463673724359,0.0033629247491047034,0.09418908231345066,0.07643500167170067,-0.0971444032752816,0.03960211224188089,-0.09558747398274611,0.02164651222839302,0.054262376453632105,0.024860774038134067,0.0905330688063726,0.07883697257052438,-0.07837337386743495,0.06144174744402296,-0.0791183659913088,0.012123007106100514
member_history_mean_vy_mps_max,0.0679483682726342,0.19908257692772824,0.19908257692772824,0.13749816375478602,-0.003269974077501215,0.08047294050636598,0.052371003567445985,-0.09930917282510887,0.3800672435554486,8.888017015345806e-05,-0.025933689563597595,0.04364287252517066,0.0014161107661130393,-0.04046431818347097,0.03847620597812761,-0.0014599093841699124,-0.00015670969740063777,-0.08701639577246173,-0.12208424238739432,-0.038226882956155867,0.42500205306422745,0.2908796963486955,0.4873623333331452,0.0017047625646087674,-0.08777551947250548,0.05065297170717142,0.8768902131234267,0.6461159219242261,1.0,0.11093177373673788,0.007874927048125322,0.18686355264010196,0.8706977362647216,0.6416597619803353,0.9896926833215451,-0.027166097993595883,-0.09627042163109133,0.027163812805476403,0.04622941727522046,-0.06978677381801394,0.08655026218733677,0.03970211139588568,-0.07575826901829294,0.06842721098891558,-0.17251145325259695,-0.18910061362296474,-0.04008551754080884,0.14046318723801676,-0.001814375425481585,0.15776726395417084,0.1691592641522049,0.0401064744956394,0.1858027272646074,-0.010305481029433352,0.04675214258002,-0.05427768207322366,0.03624696179746403,-0.014773168489148452,0.05161612778669243,0.04164634474631458,-0.08117667126671987,0.017635662210029258,-0.04918425404439263,-0.010686071099367702,-0.014313137723477774,-0.013455148550586646,0.04548201714533786,0.03187531763966606,-0.058016840621468,0.013553080980284574,-0.04622557991900572,0.0050116915072051784,-0.005661977803578404,0.002303739166425574,0.05159851766089423,0.04902164675878171,-0.05084466593693474,0.03709274469669763,-0.056780611842908287,-0.007044365232855481
member_history_mean_speed_mps_mean,0.04261115075943039,-0.15414480812698206,-0.15414480812698206,-0.17193028798590762,0.1296476297282298,0.08614427283696335,0.15468020929175183,-0.0006865108643823499,0.0008566710138192282,0.6667913566873127,0.010858168862743595,0.0458720583963862,-0.033836911438074095,0.15748383456135862,-0.07428147201388083,0.027185765067971983,-0.03656851728497799,-0.07786101241377776,-0.09345579662002268,-0.06629690126743568,0.006125549294899821,-0.12041527954520892,0.13504793780779675,0.7099754876715795,0.6703858501380187,0.657802222513745,-0.032442715795521104,-0.15785822571960895,0.11093177373673788,1.0,0.9179149814854913,0.9457678008547146,-0.02446709848305176,-0.15137736635694862,0.12021191715674502,-0.8876183064568195,-0.8458357475608769,-0.8357454737161549,-0.6348142852807841,-0.6152806912244914,-0.599549175725651,-0.7583668475737306,-0.7707380601655265,-0.7237838768775369,-0.3675641560560236,-0.3434436347687632,-0.3377538732399946,0.3741963765893848,0.3264353758576601,0.35369576850777845,0.3638099359580607,0.33468488181951017,0.33640933771099446,-0.06972692909732488,-0.1836883295321778,0.020213186688685523,-0.09822422226041187,-0.026767821991580898,-0.07074357500191451,-0.0432860203103112,0.008435708295585192,-0.030152549045468078,0.044772246701659274,-0.013128203390614934,-0.19497285492293678,-0.047253197447845056,-0.13057684784781567,-0.11137465129429226,0.11504878458526276,-0.07666608281702685,0.10691563940226328,-0.05315240125653471,-0.1931666270475287,-0.022818879297415263,-0.13642163593580603,-0.09835022239026736,0.12845420568903235,-0.06706238852090984,0.11031839092143239,-0.01890076969878161
member_history_mean_speed_mps_min,-0.04155175317525203,-0.3786666411276129,-0.3786666411276129,-0.32451693358313016,0.1104433905915607,0.07600105059800197,0.08733700452381911,0.00859037925489312,-0.012511745932426956,0.6397662799764977,0.0021023116383735983,0.03162571672514601,-0.023562305795041573,0.1168984567283707,-0.05714993184538448,0.03324062061371822,-0.04140198540773389,-0.07224553513447558,-0.05500952022323861,-0.1033174419196809,-0.002403095695996109,-0.03814072654747937,0.04152580040270183,0.6568306941757583,0.7471066698253097,0.5474527231623966,-0.053778991526884486,-0.09014715050756991,0.007874927048125322,0.9179149814854913,1.0,0.7558622407654463,-0.048090287521900414,-0.08430801976491879,0.013878186476080624,-0.8844823403742681,-0.7290530443762339,-0.9185205748539723,-0.6964162434113835,-0.5371336999135274,-0.700010664202334,-0.8171918206949018,-0.6752997800105103,-0.8142667137064209,-0.26672228304234097,-0.22046231203272165,-0.3676249075135176,0.26886505286673806,0.364415167230968,0.22659874528049245,0.26788285268841655,0.36506408099081267,0.21860017830205344,-0.03190337641635974,-0.17510899104362018,0.05746637435645548,-0.05878826832644414,-0.005589295251101086,-0.08655332983158248,-0.05828912777947678,0.038949665468818874,-0.023838205584804074,0.06037849610330003,-0.008625201432584804,-0.15656179728588182,-0.04664465055218645,-0.1436082295652531,-0.11585030232998451,0.13379041599957778,-0.08403811500989786,0.11482313568639103,-0.04981094711238233,-0.1797323396472539,-0.028220971847622796,-0.16623202562476325,-0.12998407309620827,0.16203996091460843,-0.08942993498173682,0.1365737595092512,-0.007077976422306082
member_history_mean_speed_mps_max,0.11837374554636458,0.050498230212596765,0.050498230212596765,-0.033648979380958004,0.12511865993096105,0.08351863491941193,0.20320706814913153,-0.005223985669275174,0.0067491090538951345,0.6191080358375834,0.012489056092112065,0.05578755151597673,-0.034754885515237144,0.17363652476857647,-0.07862995059722226,0.02082096531547963,-0.030676008140955464,-0.07427614941202829,-0.11663509669919311,-0.025277616972072054,0.006699283209251725,-0.1826124049287186,0.19554405304192063,0.6770632927169925,0.5362728821682138,0.680382824324143,-0.010620455989533623,-0.1956313094484332,0.18686355264010196,0.9457678008547146,0.7558622407654463,1.0,-0.002486885008725172,-0.18962290345196847,0.19716937397999554,-0.789535016930817,-0.8506531011934456,-0.6774975744540972,-0.5164601257248524,-0.618645240532066,-0.45478318873698487,-0.6258248664879726,-0.7679920405651322,-0.5705843929910545,-0.41080065945724736,-0.40830549799032045,-0.27625766263430546,0.4189557881615531,0.2617194648833891,0.4192295344254149,0.40358949526665167,0.2729322900450478,0.3985123264916283,-0.08435786815144908,-0.15990738910419214,-0.012067588216878927,-0.11396839170806759,-0.035527514098196794,-0.04657319958200631,-0.025881395423560834,-0.020306248340803936,-0.027179222729211867,0.026356984730089576,-0.013919897806471643,-0.1951259915772993,-0.04449135962101435,-0.10303402793568339,-0.09468630109663852,0.0832426631209233,-0.06265675661418948,0.0882957064842949,-0.047846678678684224,-0.17652406660839357,-0.014224783991236903,-0.09364827627456211,-0.0574518297207004,0.08331914689131395,-0.039596766399824145,0.0707703261259745,-0.023924734341478297
member_history_y_displacement_m_mean,-0.007458023430997371,-0.012451267251116345,-0.012451267251116345,-0.010755087281066633,-0.03602433003135139,0.05689302799546633,-0.011532128786857198,-0.11848888446612957,0.4312534660015142,-0.11807343973707048,-0.040822909713714974,0.028731269964319087,0.018195322862760703,-0.11424997684436992,0.07078881335357587,-0.010979625815495652,0.008038236708768961,-0.06890584716053866,-0.06902849046564655,-0.06033833327808096,0.4822193072941766,0.46376644972625847,0.4007296024122502,-0.14491613911652398,-0.1281263547491663,-0.1385719170634083,0.991427310834334,0.8936708682657625,0.8706977362647216,-0.02446709848305176,-0.048090287521900414,-0.002486885008725172,1.0,0.8989808377445261,0.87709904033206,0.07888358884894615,0.07639433943140185,0.07410547960301717,0.09946596891440461,0.07961502567240825,0.09479166828981378,0.10129054059018128,0.08783029559604875,0.09893148406171202,-0.11960041816590297,-0.11806885662380143,-0.08783038444328387,0.09498330658744446,0.05454280577659409,0.09537527452594453,0.11600079701456426,0.08716927389168065,0.11390980176244254,0.02163702150863003,0.09642451090762996,-0.04966099692582489,0.08465393809359857,0.009863899163384192,0.08028856155203795,0.0642607628796959,-0.09483830009315228,0.04210719418794053,-0.06443784624208644,-0.0023065420255279447,0.045004797724374344,0.00038158397931524707,0.08485674403426668,0.06697507878003262,-0.0916082798681423,0.036497688340549006,-0.08397723937962266,0.020043129707924028,0.032927027301436936,0.02111659953787038,0.08134699508576536,0.07286876714403225,-0.07120632090687258,0.06085099433983325,-0.08018358833148166,0.002656025964346803
member_history_y_displacement_m_min,-0.07752635257064536,-0.21319075293130693,-0.21319075293130693,-0.15173667922416148,-0.05565717816784714,0.02363918040037883,-0.07404175427936031,-0.10719251599344388,0.4049823753021796,-0.19250506045801166,-0.050638471136112966,0.008331813495606239,0.03617209516544415,-0.15385148517406963,0.08687901532785229,-0.012024780177935202,0.009035249632666538,-0.0364409560324502,-0.0016833572204729386,-0.07102675773015601,0.45248459795971735,0.5456987950024385,0.26823118749081354,-0.24859920443373162,-0.13637094459872273,-0.28427039959065026,0.8941398515183064,0.991866444112743,0.6416597619803353,-0.15137736635694862,-0.08430801976491879,-0.18962290345196847,0.8989808377445261,1.0,0.6450182250917039,0.16410610011395385,0.23037729652196673,0.10161427866553255,0.12228127235747845,0.20692714228044115,0.07530768489637907,0.1332172575459241,0.22364953589580644,0.1013423826935388,-0.027246649781686713,-0.005913929669711548,-0.11908324331619073,0.006409094677532706,0.09917844342188181,-0.012414806818855553,0.023727416233700935,0.11799118440757878,0.001388884365453807,0.049264908334615186,0.12111481725339945,-0.028062988622174944,0.11076316613592328,0.025422751427913663,0.07958171984042911,0.06479168569473479,-0.07853810651858045,0.047260273009188086,-0.05843160473940253,0.005534545788016882,0.08254416773399982,0.0045333100797569845,0.09435607808449209,0.07856596321362591,-0.09712334184434732,0.04046526407449844,-0.09655539682494661,0.02407965300189503,0.05597513103160908,0.02453650636634755,0.09061224888841815,0.0770460200246136,-0.07740822654297363,0.0613483359149221,-0.08080019968085186,0.013839153581503217
member_history_y_displacement_m_max,0.06920510908200361,0.203414315917245,0.203414315917245,0.1398467473958118,-0.0034746582677963895,0.08150695805302567,0.05594751632365036,-0.10061498820169731,0.3793405597263279,0.0013454505587911691,-0.02406785445170315,0.04604007544685063,-0.0012861476212536849,-0.03815142826487847,0.038685206398464005,-0.0021301316971823066,-0.0014586068458496213,-0.08788513903207207,-0.12440401400521878,-0.037368373076673185,0.4252599193785673,0.28928750251752067,0.4897049386942998,0.004413378886059121,-0.08718225833603421,0.05376181291235072,0.8695094969021231,0.6415905367873821,0.9896926833215451,0.12021191715674502,0.013878186476080624,0.19716937397999554,0.87709904033206,0.6450182250917039,1.0,-0.0331960088086823,-0.1037429159974779,0.022783515492603396,0.04814537388510472,-0.07108844208935343,0.08938020640565887,0.040207261740285556,-0.07915494370243499,0.06967820916086676,-0.17195933385060944,-0.18911197092501916,-0.03684308402814246,0.145190239914962,-0.0020858949814356463,0.16336031711441812,0.1682474973942595,0.03663384438231095,0.18546216439516994,-0.008930039235131157,0.04903594353688347,-0.05382574949159447,0.0364356061467759,-0.014599558440150128,0.05263403920679049,0.043699111616291926,-0.08372010247055356,0.01827346841393241,-0.04921949781027487,-0.006575401283277843,-0.014079776876270845,-0.012769599129074835,0.04579881514942553,0.03282494474352349,-0.05908962652560684,0.015069081209992313,-0.0485416223941366,0.008697256261915686,-0.0038467160547754737,0.0025499668515631163,0.05401756815383355,0.050947086358846844,-0.053753573541446935,0.03928049079305518,-0.06121487515276712,-0.005350323147567728
member_window_low_speed_fraction_mean,0.024425796485684693,0.24070876905744,0.24070876905744,0.21044166589844754,-0.1677915151302878,-0.08368164714709485,-0.11331262182420909,-0.002833415398219105,0.01446606736233364,-0.6589839044519565,0.003045938655269572,-0.05577317566688023,0.02608369159450525,-0.15534282466450072,0.07115194720339683,-0.02464700488900119,0.046892443213058264,0.07354387695161223,0.07812822101457532,0.07626942982027116,0.013385642092655642,0.0905013229207053,-0.08401755964411184,-0.707053031878913,-0.7352295801896549,-0.6252194202735496,0.08408830960763085,0.16890514506769352,-0.027166097993595883,-0.8876183064568195,-0.8844823403742681,-0.789535016930817,0.07888358884894615,0.16410610011395385,-0.0331960088086823,1.0,0.9238498174454763,0.9616344681691232,0.6721893366762987,0.5922107322464464,0.6508042829713019,0.8490582957319183,0.8012918106520063,0.8232606558147789,0.23527691381935886,0.20947385858671874,0.2526853503758707,-0.22421907744117325,-0.23611365733307338,-0.2015474796892917,-0.2381638390476029,-0.25164160486477916,-0.21135805913600247,0.06142614373841132,0.2589235679943337,-0.09934444064610883,0.08979512598194218,0.028878327707346885,0.1399411172357104,0.1065620610851037,-0.1029658889288739,0.06886082831967862,-0.11610122825501473,0.018741030920437853,0.203218354458174,0.056554122759944356,0.21690259452318053,0.19251743432235097,-0.22383801495723676,0.12634114376306513,-0.18931361550862136,0.05992244073724836,0.2202604191676084,0.044117825062091394,0.23628415330169408,0.20283615407873676,-0.23415746296243778,0.133984512195312,-0.20305300365636977,0.019391317038659164
member_window_low_speed_fraction_min,-0.04786140910097179,0.019373720903046798,0.019373720903046798,0.05327392273340205,-0.18248645406607528,-0.08072438247933195,-0.16220347912194527,0.008834322481533667,0.016117432289792098,-0.6283489511375216,-0.0021371745914733737,-0.06816306972187382,0.03490480242918308,-0.18396414218863075,0.08404344876546609,-0.0286320075057122,0.0472372347782563,0.06652382013737251,0.1016111521415869,0.026750871530261875,0.018116843448661924,0.16766204058810297,-0.14992018236829546,-0.6960243405562887,-0.6087155971697178,-0.6748405952539845,0.08229883211088282,0.23490192141007404,-0.09627042163109133,-0.8458357475608769,-0.7290530443762339,-0.8506531011934456,0.07639433943140185,0.23037729652196673,-0.1037429159974779,0.9238498174454763,1.0,0.7992387883530553,0.5525355032210445,0.616450581765949,0.49895884829900633,0.7234296979521064,0.8494055851516095,0.669181404831592,0.26590265834465004,0.2634722993998251,0.17133316437140372,-0.25524316384631435,-0.1555618651981205,-0.2548928411105065,-0.26714794099377714,-0.17039864472168392,-0.26454995750571103,0.0909507129249,0.2601108717806255,-0.0679410461609432,0.11823900570713702,0.05215993495519033,0.12601465122964536,0.09612077016171641,-0.08286299054726909,0.0796246656272353,-0.10232366987649139,0.025351598616226653,0.22233857541948918,0.06212439059442333,0.2019019259661825,0.18704343665714596,-0.20272385919236902,0.1251616034000168,-0.18500061511380148,0.06249595626046956,0.22441857465656384,0.04248650638324055,0.20627105175636493,0.17505302966864733,-0.20381435253929958,0.11880030253089738,-0.17478842046384804,0.03395689904789959
member_window_low_speed_fraction_max,0.0827574026848795,0.3902358193986527,0.3902358193986527,0.3094186870686354,-0.14507778891525555,-0.07468858200710544,-0.06326994691830183,-0.004566494978450483,0.014820797957654126,-0.6298432592666074,0.0027131715933246324,-0.040463805822701024,0.022656406212120665,-0.11255677148521379,0.05289085819635855,-0.019563494285418502,0.03931247851514692,0.06813596531114349,0.05014535917641365,0.099866056367602,0.010673515501274603,0.027414341489586328,-0.02635008252795494,-0.655913088632268,-0.76577132068939,-0.5366945563491589,0.07807329257385826,0.10582147972003578,0.027163812805476403,-0.8357454737161549,-0.9185205748539723,-0.6774975744540972,0.07410547960301717,0.10161427866553255,0.022783515492603396,0.9616344681691232,0.7992387883530553,1.0,0.6973544756719277,0.5252049332187824,0.7019489355881485,0.8634802768428653,0.7084322113082264,0.8612236458557958,0.1924839112873728,0.15269260270252558,0.28458564240693035,-0.18243310535635415,-0.26877801894820863,-0.14664330824371624,-0.19641956511140624,-0.28368092130354466,-0.15500673081761684,0.04303818666780659,0.24500537614645324,-0.10890914076358851,0.05241643334574315,0.006548801742437665,0.13270226755901215,0.10119222834525546,-0.10491187521285593,0.051196531006870646,-0.1135864178427175,0.019003667358205995,0.1688633200220782,0.04877482243758081,0.20719151856316856,0.17761738604498659,-0.21984591707662218,0.11782020149623713,-0.1768431683683659,0.06141350334141757,0.20357756444952013,0.04048402726480957,0.2377936975766159,0.20553462535792374,-0.24035851324630886,0.1332486547214915,-0.2058862647517976,0.01461610445031311
member_waiting_band_dwell_sec_mean,-0.00563182761714746,0.35207574639195005,0.35207574639195005,0.34012637973619325,-0.017223050100041278,-0.043685019913484245,-0.08670340257723991,0.03358181846928489,0.037101350032412356,-0.513791849534839,0.06655192649916314,-0.04124395521474322,-0.058947143379114594,-0.09417155193022506,0.027794319464892463,-0.05720788066160092,0.059676502926483695,0.034466839354073034,0.03604004325424607,0.0445341113273898,0.025477425579855696,0.036473709002552215,0.0031662441962273823,-0.5124178722768463,-0.6028239218759219,-0.41784898708491375,0.10105830286852568,0.12527468670000846,0.04622941727522046,-0.6348142852807841,-0.6964162434113835,-0.5164601257248524,0.09946596891440461,0.12228127235747845,0.04814537388510472,0.6721893366762987,0.5525355032210445,0.6973544756719277,1.0,0.8299670075656054,0.9816292482822966,0.9181909844317498,0.753374180530658,0.9132368493742052,0.20144301722270497,0.16808251943548472,0.2773270947015796,-0.1517350577672379,-0.23849922608297533,-0.12082098127734188,-0.20363546192906504,-0.2762366653323764,-0.16826186276980984,-0.005812356385279259,0.15626112086339972,-0.1068359023782461,0.06823681152224657,-0.0035131250511947574,0.09194611023436935,0.06693030650537933,-0.07006459231574247,0.025375959341681475,-0.06579160701076908,-0.010208039983557458,0.09396446275913659,0.018949909728194003,0.13619249146064846,0.11135547643973638,-0.14973950645190687,0.06668410709406941,-0.1115899961338948,0.024780110142570904,0.0976561800906786,-0.01928217192780474,0.19276015212129122,0.16743406986819603,-0.1937826897566058,0.07431720226291307,-0.16962117649258904,-0.029524717679453784
member_waiting_band_dwell_sec_min,-0.13798385730393048,0.04383986899508207,0.04383986899508207,0.14284962762492956,-0.05472687668242762,-0.061146622096517715,-0.17387788261798154,0.05808393702217009,0.03128716170170206,-0.49821910356845006,0.05535218679741784,-0.049376707424676015,-0.051912836562696976,-0.11643808390371883,0.02880033072830319,-0.03462567842328671,0.047507813568407616,0.0471648412504223,0.09898219379270473,-0.009759965665381377,0.01795115530114888,0.1472938265403717,-0.10902912632027804,-0.5297842131773564,-0.4617826286140558,-0.5136266989638459,0.08207020248108149,0.2081227647346381,-0.06978677381801394,-0.6152806912244914,-0.5371336999135274,-0.618645240532066,0.07961502567240825,0.20692714228044115,-0.07108844208935343,0.5922107322464464,0.616450581765949,0.5252049332187824,0.8299670075656054,1.0,0.7327551390015004,0.738204717563245,0.8689271570172791,0.6839117886738195,0.25889420337621594,0.2570016536866492,0.18020842729878,-0.2228016091698542,-0.15293619953112136,-0.22085192876724935,-0.25745172147230844,-0.17875867805364024,-0.2545689634926221,0.01182514386464767,0.10668160570487037,-0.05037164052024236,0.11638540729504529,0.03364790690731625,0.06826250616471487,0.034210346696749085,-0.013660977904820232,0.032544071978350166,-0.03284794140787538,-0.022338548318464997,0.1260687204019219,0.027754327287238135,0.08920279042754438,0.0684237099817421,-0.0768379595014368,0.04526908666043769,-0.07230412245315355,0.01215060710128203,0.10812919066292209,-0.019077975753669627,0.1205608523756139,0.09461010062659808,-0.10679787623017842,0.04119255393368258,-0.09365294377783884,-0.025186803676181452
member_waiting_band_dwell_sec_max,0.027749030402793636,0.4535386145510463,0.4535386145510463,0.4097775094880843,-0.006260907164204643,-0.029767299567778394,-0.06580686100421762,0.027641814907316434,0.03671676067275936,-0.4892624049397827,0.06552965186457421,-0.033885191595283366,-0.058689799679940015,-0.07996627516572419,0.029806490398178096,-0.058732430858688046,0.05502733633198577,0.023800704614173985,0.005313394443839226,0.057212933310008096,0.02574540354484586,-0.010231319348381037,0.047735521290318786,-0.4744959222092148,-0.6105800316569233,-0.3604979343190056,0.0961394632773156,0.07875659482420311,0.08655026218733677,-0.599549175725651,-0.700010664202334,-0.45478318873698487,0.09479166828981378,0.07530768489637907,0.08938020640565887,0.6508042829713019,0.49895884829900633,0.7019489355881485,0.9816292482822966,0.7327551390015004,1.0,0.9087037361496538,0.6771522248820738,0.9240251299211916,0.16678204704721883,0.12395204053316945,0.3011028308193464,-0.11680619971366119,-0.2612692515781339,-0.07714926257353862,-0.169931639288108,-0.3000577816120687,-0.12494636253389502,-0.012803567659443396,0.15027277944264208,-0.10972770489731817,0.052971419541499185,-0.019580615656915545,0.08629391209063113,0.06577063920507806,-0.07313296258106626,0.013521486545673011,-0.06431317200595513,-0.007994894276572729,0.07927287159394668,0.012296539800305345,0.1312093862122487,0.10793477453666336,-0.1512842719727195,0.06209483838541791,-0.10691621241293182,0.02736120373939289,0.09183054539540804,-0.022450704267891454,0.18960417093366866,0.1657811689420798,-0.1969516344002876,0.07208038160574544,-0.17005753696745576,-0.02604871240876467
member_waiting_low_speed_time_sec_mean,0.029847166043760604,0.36124533669975323,0.36124533669975323,0.3232551316909103,-0.08228500955352151,-0.040895072940652095,-0.09057831203320038,0.014249346374568905,0.02363741876753714,-0.6059936716698799,0.050029022317312544,-0.04873979731168625,-0.03362041321590327,-0.1168080281356567,0.034595800013670804,-0.037400151149633604,0.06713960155964524,0.02911122776709734,0.025769718235574394,0.04515100643591741,0.01032177465151517,0.0328317930877012,-0.02882741764761677,-0.6277951771048109,-0.7234644801396487,-0.5191746028959109,0.10324247384320873,0.1363030972444412,0.03970211139588568,-0.7583668475737306,-0.8171918206949018,-0.6258248664879726,0.10129054059018128,0.1332172575459241,0.040207261740285556,0.8490582957319183,0.7234296979521064,0.8634802768428653,0.9181909844317498,0.738204717563245,0.9087037361496538,1.0,0.8346180257715352,0.9914323916432337,0.20879440947223776,0.17275650228497208,0.2857534452772329,-0.1691537376917006,-0.25204152651346007,-0.13593534320400588,-0.21273635738122668,-0.2850293510348672,-0.17494941966739566,0.0268687769578031,0.22196033941539892,-0.1196025242165709,0.08575199592420159,0.006859574484291166,0.12493149117433193,0.09395232953784749,-0.09948900701538914,0.04611158326570481,-0.09901354895462999,0.006544334575321916,0.1513832646881911,0.03211747589616354,0.18941790500941386,0.16526591172081473,-0.20893611824897995,0.10068082947250107,-0.1644716880304326,0.04491865764357238,0.15310276786421428,-0.012368901967736606,0.23809034007143157,0.2074483346899106,-0.23997401543899266,0.09655905951646572,-0.20868776199931122,-0.010822958713290932
member_waiting_low_speed_time_sec_min,-0.08580785474184945,0.05633479789754689,0.05633479789754689,0.11636739550613533,-0.11935383347823209,-0.05671867978658866,-0.17734244870923993,0.0272503882032357,0.017645634845959244,-0.6189406499396999,0.02320305432442774,-0.05557946461685166,-0.008046520464832976,-0.14615961901270097,0.04524351166072689,-0.026645040200247685,0.05901043122855489,0.03946382326130839,0.08198160048964628,-0.0058372043610719505,0.0021041738117465658,0.14783704182361881,-0.15131537956779673,-0.6778129184063202,-0.6011286540989648,-0.6508857325361523,0.0907149528033758,0.2252166675858945,-0.07575826901829294,-0.7707380601655265,-0.6752997800105103,-0.7679920405651322,0.08783029559604875,0.22364953589580644,-0.07915494370243499,0.8012918106520063,0.8494055851516095,0.7084322113082264,0.753374180530658,0.8689271570172791,0.6771522248820738,0.8346180257715352,1.0,0.7709264567563898,0.2777851443108442,0.27199619109852435,0.1981971482773409,-0.24899580085467088,-0.17131335608707635,-0.24463909014621996,-0.27892631639218135,-0.19711545276313983,-0.27259693355215686,0.056303685116982895,0.1974360440173051,-0.06192971009353439,0.13301078508377323,0.04511355981001062,0.10098093766389445,0.0630701022893751,-0.04677389717217709,0.05594042274137011,-0.06659583580812915,0.005113811490378887,0.19044630693995204,0.04677746039759125,0.15720252866155546,0.14125981266146023,-0.15274057038522001,0.09048747105253317,-0.1400708101332268,0.03754369712805301,0.18122845895427464,-0.003442802960091812,0.17787039490988946,0.14854781578329243,-0.16835942095730108,0.07335288456431391,-0.1451419761725588,0.004864560623398448
member_waiting_low_speed_time_sec_max,0.052649858957499095,0.43435741136452455,0.43435741136452455,0.3752737291181871,-0.07145713213763945,-0.03096534388675812,-0.074874842729797,0.012687462889479728,0.02463997053060978,-0.5833651520419274,0.05081032319052396,-0.04111666161775918,-0.03745809810781716,-0.10637456008859536,0.03363235035836065,-0.03914067167575279,0.064603021704837,0.02136470677606682,0.005627755355469769,0.0520979997006322,0.011788463562665209,0.0004756759423242551,0.004740074184775699,-0.5922913387651074,-0.7236051195658786,-0.4689778245021654,0.10079115152898076,0.10460096114569797,0.06842721098891558,-0.7237838768775369,-0.8142667137064209,-0.5705843929910545,0.09893148406171202,0.1013423826935388,0.06967820916086676,0.8232606558147789,0.669181404831592,0.8612236458557958,0.9132368493742052,0.6839117886738195,0.9240251299211916,0.9914323916432337,0.7709264567563898,1.0,0.18060906222942752,0.13791899991971965,0.29910411690113103,-0.14155576676941473,-0.2662801767715548,-0.1020186319495063,-0.18515742143996833,-0.2984462142121846,-0.14064138207428822,0.020975604633241107,0.21768295154832565,-0.12487356114739011,0.07151260895272953,-0.006086308571874201,0.12209251432554878,0.09350781811183408,-0.10442563896188332,0.03688162883015218,-0.09826408843922475,0.008280836853269283,0.1358736729346252,0.026087194171473455,0.18435812156424056,0.15979471215773505,-0.20947164508631105,0.09599847046994597,-0.15967861357742347,0.0475825786792619,0.1425453482048452,-0.017055727040275394,0.23758680151320158,0.20858435519081375,-0.24471571839606948,0.09402285201007271,-0.21161073615637316,-0.010452485010721768
member_history_observed_fraction_mean,-0.10829888809353395,-0.049202376889721476,-0.049202376889721476,0.02776534006869518,0.06555679822229982,0.0230481597919084,-0.06369126986046235,-0.011421408587355105,-0.06788155966446655,-0.20062352160886732,0.14490353096477804,-0.043409606123432,-0.12861053938873196,0.013979923029473611,-0.03571330142205468,0.014233411614708787,0.0054797147679292195,-0.02569362130405622,-0.00011944385837414631,-0.05439756375041933,-0.07886966537457929,0.01177710881555559,-0.13989008737663328,-0.21969186927038137,-0.1646356777682331,-0.22694350331063404,-0.11954829111975837,-0.02550506536669221,-0.17251145325259695,-0.3675641560560236,-0.26672228304234097,-0.41080065945724736,-0.11960041816590297,-0.027246649781686713,-0.17195933385060944,0.23527691381935886,0.26590265834465004,0.1924839112873728,0.20144301722270497,0.25889420337621594,0.16678204704721883,0.20879440947223776,0.2777851443108442,0.18060906222942752,1.0,0.9886611099390955,0.6726879997829713,-0.894562040245621,-0.581822684698465,-0.8856296848262909,-0.9942907190081886,-0.6707751198479013,-0.9828657650617251,-0.0960843287365119,-0.09240641362479901,-0.02736492952375658,0.05487835846639311,0.0021491798155900566,0.025705168087391338,0.03171178225609302,-0.009443044717117134,0.013776621184278326,-0.02938383444451729,-0.03563620494668208,0.04578636847883513,0.013829697919121392,-0.0002873790097295638,0.012395358257550036,0.018022005396233966,0.020410697060465544,-0.017793941496822167,-0.02213045594292045,0.046804332036720776,-0.012096270540435973,-0.024576985589255,-0.049709060178417065,0.05117458497343488,-0.00792890920433802,0.02480164910639936,-0.02505588878647647
member_history_observed_fraction_min,-0.13362859001771418,-0.12890604386265694,-0.12890604386265694,-0.02777844357586869,0.06162886218744977,0.01867770328991854,-0.0785689526501626,-0.010777697887928081,-0.06871645126601714,-0.18630822996839996,0.14550282552515767,-0.05166515159567192,-0.1254249808159846,0.008129601296905646,-0.033919492397070865,0.013503245240945125,0.005493872784017817,-0.022933991414157445,0.013295009594801482,-0.06649622175745701,-0.07689322412322512,0.037606891578752445,-0.16012343394416392,-0.21151269454731114,-0.12755015608099735,-0.23577442305024215,-0.11769902137183934,-0.004312432362023663,-0.18910061362296474,-0.3434436347687632,-0.22046231203272165,-0.40830549799032045,-0.11806885662380143,-0.005913929669711548,-0.18911197092501916,0.20947385858671874,0.2634722993998251,0.15269260270252558,0.16808251943548472,0.2570016536866492,0.12395204053316945,0.17275650228497208,0.27199619109852435,0.13791899991971965,0.9886611099390955,1.0,0.5731389457143107,-0.8787592047641404,-0.4848863828336492,-0.8893754223803895,-0.9800912681151395,-0.5710071778916045,-0.9913802711683708,-0.08729316393763163,-0.09513356681997151,-0.01722980065406369,0.059137871144685925,0.0018507760523454526,0.017893509462799294,0.02479002416681973,-0.0028162542382075186,0.01112992376853665,-0.021188072204657283,-0.03130972352542351,0.043997516568068766,0.013661949692609577,-0.006954286419205541,0.005774871301160016,0.026635559219964626,0.01636293610384178,-0.01129409525102803,-0.02230155665246035,0.04020226893514962,-0.013703976719093026,-0.03534448697215616,-0.05919635030948915,0.060907417284933665,-0.01438983034424555,0.03660823677135508,-0.018407230566043577
member_history_observed_fraction_max,-0.024478178035675327,0.3163591155216867,0.3163591155216867,0.304335761679049,0.06479120328418458,0.02808429104631447,-0.029081018251693385,-0.01331105282662477,-0.04265475964727661,-0.1912573558035583,0.10191621706890204,0.006519025517724324,-0.11864398292891457,0.028977263367416926,-0.03238944603199986,0.01390778463126358,-0.00033371688758595034,-0.022464645214779515,-0.05326960562676725,0.020175941068140833,-0.05935727565271258,-0.10269569525188454,-0.0033966145638127648,-0.17150853623185164,-0.2548449080430324,-0.10928064199722289,-0.08797013636294572,-0.11621239636396481,-0.04008551754080884,-0.3377538732399946,-0.3676249075135176,-0.27625766263430546,-0.08783038444328387,-0.11908324331619073,-0.03684308402814246,0.2526853503758707,0.17133316437140372,0.28458564240693035,0.2773270947015796,0.18020842729878,0.3011028308193464,0.2857534452772329,0.1981971482773409,0.29910411690113103,0.6726879997829713,0.5731389457143107,1.0,-0.611367273754405,-0.8842603710809194,-0.527112448496581,-0.6747285203199366,-0.9987737695666412,-0.5708415693318355,-0.11313546448978339,-0.06859214158084553,-0.05838237918148791,0.03389084395915779,0.010410176912228687,0.057926895672032276,0.06704871366699962,-0.03639701648716457,0.030755061737864083,-0.06520200846915222,-0.05667140819812974,0.03248905973755739,0.018367639488153488,0.018924148890032876,0.028464308733489218,-0.003483621084385247,0.03185403451348727,-0.039335208953270105,-0.023674333753867717,0.05269574041572491,0.007241092319389144,0.02033327644394182,-0.0025115208966541855,0.010024454882350717,0.021845307169615618,-0.02563491129721326,-0.0485445287282082
member_history_interpolated_fraction_mean,0.11858991655376938,0.056287265217035476,0.056287265217035476,-0.027567680595166795,-0.044901906870389564,-0.03775924558263238,0.06565158201786282,0.012078290804762498,0.0575743583162505,0.1871616815280643,-0.1375020369482414,0.04049887138729717,0.11993764052649071,-0.015122277760034494,0.019997666727146184,-0.016619439444703205,0.014358851623771037,0.03958992916564397,0.013447135154315613,0.06849198071709697,0.06174830717940349,-0.023682503574744447,0.12268501602113034,0.2106184521593163,0.15467843934094852,0.22075199771526052,0.09341747042108786,0.006171775167611483,0.14046318723801676,0.3741963765893848,0.26886505286673806,0.4189557881615531,0.09498330658744446,0.006409094677532706,0.145190239914962,-0.22421907744117325,-0.25524316384631435,-0.18243310535635415,-0.1517350577672379,-0.2228016091698542,-0.11680619971366119,-0.1691537376917006,-0.24899580085467088,-0.14155576676941473,-0.894562040245621,-0.8787592047641404,-0.611367273754405,1.0,0.6474567751993735,0.9896318085320205,0.8805362515995212,0.6076171701187946,0.8629099659733872,0.09297715532820507,0.07747253746991924,0.03640146298926329,-0.061483298773757564,-0.010281817903489197,-0.03621426455529391,-0.04811203719534577,0.025272143197892567,-0.02747096918566661,0.047561251590213814,0.03282003142442235,-0.051645357337489116,-0.02913286422287824,-0.010073737601901542,-0.027024401249792763,-0.005111351723676507,-0.040302158573689635,0.03519174845789316,0.016736691634818127,-0.04148317735815484,0.0012071836047935177,0.021090480604921427,0.03863154738960504,-0.0409673088199008,-0.003629519215946544,-0.01864754519464455,0.020953300476939312
member_history_interpolated_fraction_min,0.03432465380142269,-0.3169174440177099,-0.3169174440177099,-0.30735101909793666,-0.049822199879955995,-0.046918212415257066,0.03115207747627641,0.011381009743770862,0.029271817125035772,0.17910406870797546,-0.09926719375727208,-0.004754614530626995,0.11259479003754011,-0.02668829834902745,0.008588908081395823,-0.007768640153782663,0.016539257043372942,0.040045640337700264,0.07120384714354668,-0.00345613412950075,0.04068958316995928,0.08954395115162656,-0.019070474511124716,0.16619462468284177,0.24928174496883898,0.10380859691451216,0.055033216633832885,0.09681721846544346,-0.001814375425481585,0.3264353758576601,0.364415167230968,0.2617194648833891,0.05454280577659409,0.09917844342188181,-0.0020858949814356463,-0.23611365733307338,-0.1555618651981205,-0.26877801894820863,-0.23849922608297533,-0.15293619953112136,-0.2612692515781339,-0.25204152651346007,-0.17131335608707635,-0.2662801767715548,-0.581822684698465,-0.4848863828336492,-0.8842603710809194,0.6474567751993735,1.0,0.5517087386773579,0.5793307505794991,0.87910029541388,0.47493494805022773,0.11210661818710663,0.05406023582217298,0.06879879168735861,-0.04450985384426673,-0.023733054062328278,-0.06446575228538147,-0.07359483516582871,0.039827728385778624,-0.03995023653340036,0.07245235979570908,0.06414048744745984,-0.04433857705587294,-0.030068542449978038,-0.02741720481494724,-0.03648165223187467,0.011498225440149001,-0.04849940694040626,0.05181054011794613,0.019729722378910863,-0.05210255333677465,-0.012422708314672685,-0.01732480851645525,0.004860918428896819,-0.00923225726040627,-0.025115666531313693,0.022237210428646487,0.047208623751558966
member_history_interpolated_fraction_max,0.14248204558173433,0.12972225899306564,0.12972225899306564,0.022696225108568228,-0.04081025842262725,-0.03315544339058534,0.08023569518572189,0.011781956432208888,0.05868057682962866,0.1742817954468459,-0.13869512257106295,0.04805919507068369,0.11734681346222477,-0.009365822675343952,0.018719517448449675,-0.016164081003456825,0.014692632826830377,0.03660063852894176,0.000561385435736114,0.07930604682572194,0.06115031922305537,-0.046395763444676864,0.14254329765016877,0.20227544524319557,0.11934783266908118,0.22849252920953142,0.09323985253528058,-0.01254197217553377,0.15776726395417084,0.35369576850777845,0.22659874528049245,0.4192295344254149,0.09537527452594453,-0.012414806818855553,0.16336031711441812,-0.2015474796892917,-0.2548928411105065,-0.14664330824371624,-0.12082098127734188,-0.22085192876724935,-0.07714926257353862,-0.13593534320400588,-0.24463909014621996,-0.1020186319495063,-0.8856296848262909,-0.8893754223803895,-0.527112448496581,0.9896318085320205,0.5517087386773579,1.0,0.868245105467097,0.5231719522184355,0.8707197852053824,0.08514815825933408,0.08066494774884217,0.02757957850711551,-0.06509213918159527,-0.009008064168613232,-0.029555942060392075,-0.04317017567855721,0.02048917568559883,-0.02505122061005756,0.04133730866059433,0.02869881936542987,-0.050344148252611215,-0.029765835299227553,-0.005089993197898566,-0.022329006144253545,-0.011200885478404357,-0.03760690166151028,0.030842141089760043,0.016395588902747893,-0.035814121377583455,0.0025581642522689895,0.03054717286890644,0.04612738185893533,-0.048898430641919025,0.0015355889719475117,-0.0282913628566563,0.015027841302592989
member_history_max_unobserved_gap_sec_mean,0.10271303171536063,0.0437703802682897,0.0437703802682897,-0.02839185067188565,-0.06022049524774287,-0.021107094138636588,0.06026863852236395,0.014783898249653737,0.06303732426719652,0.20164515215694434,-0.1403951408640332,0.04267306378345104,0.1241233411554416,-0.009693742026632535,0.03641263092917686,-0.01090662947203672,-0.010539896610770386,0.02374409197262758,-0.0008337297324819725,0.05101263282957758,0.07444381444880385,-0.013398967882509159,0.1333505289089742,0.2198292572428541,0.16834890637678465,0.22519982163898183,0.11624363146569879,0.02220983024089644,0.1691592641522049,0.3638099359580607,0.26788285268841655,0.40358949526665167,0.11600079701456426,0.023727416233700935,0.1682474973942595,-0.2381638390476029,-0.26714794099377714,-0.19641956511140624,-0.20363546192906504,-0.25745172147230844,-0.169931639288108,-0.21273635738122668,-0.27892631639218135,-0.18515742143996833,-0.9942907190081886,-0.9800912681151395,-0.6747285203199366,0.8805362515995212,0.5793307505794991,0.868245105467097,1.0,0.6757536946488758,0.9875466840458019,0.09282468718902949,0.0874380494773453,0.02797690548030864,-0.04939161961573319,-0.0020030704477814708,-0.02627389724378252,-0.03158621649038566,0.010234665002502663,-0.013860691999930846,0.02909731951320711,0.033159025551897724,-0.044433690428188066,-0.010574919507580232,-0.002035168338801634,-0.013971805515179153,-0.015489249316382101,-0.018920874507699494,0.019723073974888698,0.021568957115436514,-0.04540523659338868,0.012135485309639081,0.01832462516452123,0.04441343664922757,-0.04602674097154553,0.0057226014585275075,-0.019159088507725207,0.025061833860438316
member_history_max_unobserved_gap_sec_min,0.023730723407901687,-0.3159200372934435,-0.3159200372934435,-0.30356648540448444,-0.06272050900250552,-0.027781078110187273,0.028764386164211075,0.014866373219664742,0.04066253906119829,0.19013855470806934,-0.10023760105427029,-0.006249960618018076,0.11626585786490805,-0.028398292019279275,0.03263695141648345,-0.012710970849490471,-0.001027318435651166,0.02218565100181148,0.052912047525774344,-0.020248067988087076,0.05749802531706508,0.10105578628803197,0.0015060088946181863,0.17052266481936587,0.2542952422180259,0.10819650152545993,0.08748258998743082,0.11526411050842185,0.0401064744956394,0.33468488181951017,0.36506408099081267,0.2729322900450478,0.08716927389168065,0.11799118440757878,0.03663384438231095,-0.25164160486477916,-0.17039864472168392,-0.28368092130354466,-0.2762366653323764,-0.17875867805364024,-0.3000577816120687,-0.2850293510348672,-0.19711545276313983,-0.2984462142121846,-0.6707751198479013,-0.5710071778916045,-0.9987737695666412,0.6076171701187946,0.87910029541388,0.5231719522184355,0.6757536946488758,1.0,0.5719289254931098,0.11388550949902969,0.06825443126227923,0.05980870119226151,-0.032138026287413836,-0.010975070233064294,-0.059046330653845555,-0.06835547034662898,0.03766086158774473,-0.03191251895447283,0.06625318860235307,0.05587102442781035,-0.031380436091156046,-0.01876402048516651,-0.020928752033222198,-0.02978472236100205,0.004097237106234538,-0.032647551838258744,0.040723233912722916,0.02470526288528128,-0.05111898054782149,-0.008460160012371104,-0.023729002546956035,-0.000538009551641639,-0.008439502455490654,-0.023888452225593666,0.02918641788199969,0.048813923760509144
member_history_max_unobserved_gap_sec_max,0.1280655450281695,0.12620016840114764,0.12620016840114764,0.02924989986485329,-0.05594622479328529,-0.015682614922384864,0.07507811337481538,0.015251775024865516,0.06275987460927902,0.18607507394578263,-0.14044075121534524,0.0517615206317367,0.11954523613029697,-0.002178973552358944,0.034665563748959176,-0.01026752901923337,-0.01176400041158506,0.020091966538658263,-0.01501140092358191,0.06232558606123103,0.07164741093677597,-0.04031135233776985,0.15297208727466935,0.21048331547303764,0.12935695864354668,0.2333762613986976,0.11375237436923077,5.0370557368942545e-05,0.1858027272646074,0.33640933771099446,0.21860017830205344,0.3985123264916283,0.11390980176244254,0.001388884365453807,0.18546216439516994,-0.21135805913600247,-0.26454995750571103,-0.15500673081761684,-0.16826186276980984,-0.2545689634926221,-0.12494636253389502,-0.17494941966739566,-0.27259693355215686,-0.14064138207428822,-0.9828657650617251,-0.9913802711683708,-0.5708415693318355,0.8629099659733872,0.47493494805022773,0.8707197852053824,0.9875466840458019,0.5719289254931098,1.0,0.0826664420026292,0.08931684572872116,0.017866950309295915,-0.052216351229340166,0.000360195108841131,-0.01813335478965229,-0.02407740264120782,0.004308375368144229,-0.009996101543429906,0.02035127984823554,0.02824898284213918,-0.042732616800734674,-0.008837763153940905,0.004000067604139174,-0.008311679448343889,-0.022166505770540697,-0.014359669167158038,0.014193506229628311,0.022078102844494338,-0.038141723203751185,0.014867462936248042,0.029066523933894643,0.05382737350545666,-0.054549037230991665,0.012884051912895192,-0.030933975483333574,0.018397834576815708
active_vehicle_count,0.052601594795619495,-0.08195398893211485,-0.08195398893211485,-0.11137000016852054,-0.06552318367002395,-0.0711248908167854,-0.026286776302023543,-0.017994494062512082,0.026009885949670665,-0.05821737037301473,-0.06314427810029699,-0.10245493254641316,0.13682089462897196,-0.05867379451673981,0.08184840935998253,-0.17973170358864848,-0.0009250251833784537,0.05025235877176249,0.058111788720816106,0.028199628573432292,0.02722128764266374,0.049815234408859974,-0.013644098800286312,-0.057394492493841084,0.007974395956504936,-0.07756860544185627,0.01942954140605742,0.04790390902407682,-0.010305481029433352,-0.06972692909732488,-0.03190337641635974,-0.08435786815144908,0.02163702150863003,0.049264908334615186,-0.008930039235131157,0.06142614373841132,0.0909507129249,0.04303818666780659,-0.005812356385279259,0.01182514386464767,-0.012803567659443396,0.0268687769578031,0.056303685116982895,0.020975604633241107,-0.0960843287365119,-0.08729316393763163,-0.11313546448978339,0.09297715532820507,0.11210661818710663,0.08514815825933408,0.09282468718902949,0.11388550949902969,0.0826664420026292,1.0,0.522298656693388,0.7578190782925627,-0.12446309531641327,-0.4983581955675801,-0.5734319588984945,-0.5335900210979989,0.32706920027640163,-0.6191981527579188,0.515116299992491,0.4460605410120224,0.07745534404929043,-0.5058263012270557,-0.5263003639747025,-0.5001221017482249,0.13541949015002236,-0.6074053448234303,0.4807347554914719,0.5080632705541374,0.17428637381433246,-0.5310796216356075,-0.437352403853343,-0.4059313099934037,-0.04006071097281368,-0.6240894864540844,0.3829234613283385,0.5979055098012701
approaching_vehicle_count,0.15309442819625715,0.08183093922627126,0.08183093922627126,-0.023296290027136415,-0.153362924822024,-0.034464349007170915,0.06964923885799713,-0.07231475245053696,0.03656849245127452,-0.15560880011286335,-0.1453733932046017,-0.026347322411634993,0.17103446298055244,-0.1057944671262234,0.1600104498777906,-0.18081230892827432,-0.041114334992617046,0.01894682507147522,0.011509824946125614,0.02540863463884871,0.04280118491761151,0.03537464150991073,0.024090399840780038,-0.15922867061507598,-0.17997933937131366,-0.12889304350019318,0.09515010953646512,0.12029220874562707,0.04675214258002,-0.1836883295321778,-0.17510899104362018,-0.15990738910419214,0.09642451090762996,0.12111481725339945,0.04903594353688347,0.2589235679943337,0.2601108717806255,0.24500537614645324,0.15626112086339972,0.10668160570487037,0.15027277944264208,0.22196033941539892,0.1974360440173051,0.21768295154832565,-0.09240641362479901,-0.09513356681997151,-0.06859214158084553,0.07747253746991924,0.05406023582217298,0.08066494774884217,0.0874380494773453,0.06825443126227923,0.08931684572872116,0.522298656693388,1.0,-0.04973175703774776,-0.12802311188361304,-0.11668556610436387,0.14080162997619008,0.10908574538261677,-0.2934818203969539,-0.02556817679766196,-0.13511996543335178,0.2505541057757976,0.08597111760820456,-0.02719445049581471,0.29661599708420544,0.2604285477023298,-0.5098044328664108,0.10803092660371269,-0.2812149733146252,0.3196871218267878,0.1810911359183027,0.042575128806085244,0.44374616939304,0.4175095616237685,-0.6298999707690902,0.20796405424395795,-0.4327576196614735,0.35095006866736633
stopped_vehicle_count,-0.0247819585288013,-0.14228516204336894,-0.14228516204336894,-0.11961933631728959,0.06635954586954555,-0.11510548339010473,-0.07073200653805958,0.0307434392428573,-0.0032572658513632287,0.019069064581672304,0.010561433003184057,-0.12387012793677855,0.08408565493042618,0.020347889898443487,-0.041638008884850565,-0.11675450236940366,0.057023989855324975,0.10416690056365092,0.11638315232803516,0.07512906334014134,0.0008475004140744821,0.0454371673328301,-0.03642831131971548,0.022230331933234287,0.1166815315115552,-0.021702245985470898,-0.052461876615497754,-0.02920996365132808,-0.05427768207322366,0.020213186688685523,0.05746637435645548,-0.012067588216878927,-0.04966099692582489,-0.028062988622174944,-0.05382574949159447,-0.09934444064610883,-0.0679410461609432,-0.10890914076358851,-0.1068359023782461,-0.05037164052024236,-0.10972770489731817,-0.1196025242165709,-0.06192971009353439,-0.12487356114739011,-0.02736492952375658,-0.01722980065406369,-0.05838237918148791,0.03640146298926329,0.06879879168735861,0.02757957850711551,0.02797690548030864,0.05980870119226151,0.017866950309295915,0.7578190782925627,-0.04973175703774776,1.0,-0.08606755940333906,-0.47263429777424054,-0.7914043388879184,-0.7183940820153946,0.6499814706265157,-0.6971566678403784,0.7113948662937624,0.39717140657560857,0.003415719246670301,-0.49897521957129276,-0.8057187364434514,-0.7522803932786285,0.5569542487624164,-0.7288093651948226,0.745216007601224,0.4240591963875631,0.0752991674741204,-0.5363383176850697,-0.7723359370242698,-0.7218618164556039,0.4035341851541896,-0.7595807498840982,0.708336589147647,0.49402791733774687
veh1_lateral_x_m,-0.1404180600248628,-0.0720324227954884,-0.0720324227954884,0.04071118232718697,-0.10415909571629457,0.05736049904566688,-0.11959927188168773,-0.03605454569901378,0.06200021484786481,-0.09561760787291482,0.05547384195622709,0.0026969128653566436,-0.07878943611482893,-0.07936519287148756,0.1421091145756533,0.046359405437519915,-0.10080621696952961,-0.04952149062873134,-0.03402669897408035,-0.06266863138311875,0.05434253706985141,0.09336475230761164,0.008952156614274015,-0.0921730696769063,-0.04911068831984374,-0.10742512337940205,0.08576514014328174,0.11027282640811019,0.03624696179746403,-0.09822422226041187,-0.05878826832644414,-0.11396839170806759,0.08465393809359857,0.11076316613592328,0.0364356061467759,0.08979512598194218,0.11823900570713702,0.05241643334574315,0.06823681152224657,0.11638540729504529,0.052971419541499185,0.08575199592420159,0.13301078508377323,0.07151260895272953,0.05487835846639311,0.059137871144685925,0.03389084395915779,-0.061483298773757564,-0.04450985384426673,-0.06509213918159527,-0.04939161961573319,-0.032138026287413836,-0.052216351229340166,-0.12446309531641327,-0.12802311188361304,-0.08606755940333906,1.0,0.12184233620634116,0.20270901587423615,0.24095606743474066,-0.18543739888817046,0.18237989669877805,-0.22072841264913878,-0.09177066665566617,0.5830164629973255,0.024831655268547137,0.1259143539733952,0.11359669088893673,-0.024794813745600303,0.061355185262322975,-0.11279793623728934,-0.15996037558803303,0.3111893373265032,-0.03261300326311854,-0.01767341318516126,-0.041868323836955566,0.14292702869894647,-0.02201646650074789,0.046895444344133126,-0.18412335440637978
veh1_front_y_m,-0.03701855394549811,-0.02490262904512133,-0.02490262904512133,0.0010600419502876577,-0.18037559072971468,0.04892189094848694,0.0014737905982456331,-0.0007930075481452685,-0.009183831776932442,-0.03448242849409436,-0.03311918849857696,0.07319869492775445,-0.012123557725923585,-0.047688029492334416,0.07384227513286266,0.039419052533133554,-0.06780570470469897,-0.03898436967866519,-0.03918238542381483,-0.034677777064173174,-0.011434926316491968,0.008889790248169408,-0.01870550036905932,-0.026597738199276435,-0.025453167299432984,-0.027854114013709262,0.009766913420746799,0.023974043915218946,-0.014773168489148452,-0.026767821991580898,-0.005589295251101086,-0.035527514098196794,0.009863899163384192,0.025422751427913663,-0.014599558440150128,0.028878327707346885,0.05215993495519033,0.006548801742437665,-0.0035131250511947574,0.03364790690731625,-0.019580615656915545,0.006859574484291166,0.04511355981001062,-0.006086308571874201,0.0021491798155900566,0.0018507760523454526,0.010410176912228687,-0.010281817903489197,-0.023733054062328278,-0.009008064168613232,-0.0020030704477814708,-0.010975070233064294,0.000360195108841131,-0.4983581955675801,-0.11668556610436387,-0.47263429777424054,0.12184233620634116,1.0,0.5356604366141354,0.4603196180336831,-0.1790830633427212,0.8912258155705516,-0.4142821763499243,-0.31003973988372835,0.12631887518876028,0.5039694413918392,0.44385149889421766,0.3928941054870604,-0.19771448587057597,0.5627154541081024,-0.3821480847677345,-0.24746062635603963,0.021248842151026237,0.5302679994624415,0.341993926965233,0.302441308788182,-0.027647980409822723,0.5412008914977492,-0.28811096113316687,-0.30653757633016876
veh1_speed_mps,-0.01798002276563998,0.08422678283300734,0.08422678283300734,0.09816752108707663,-0.16808499342907707,0.10649424853518995,0.010216733094020361,-0.03997496141008441,0.02654756979356307,-0.07569075168766648,0.005917586230235032,0.0951951584450283,-0.07711883816030857,-0.06287525865293513,0.12074808476106977,0.12219494640001889,-0.10903055359970842,-0.08470031055756558,-0.08992235166239579,-0.07213954258981706,0.010032478482764865,-0.004521073633499123,0.013923647537798019,-0.06997831873981694,-0.12853304664073414,-0.039426131750373114,0.0814949348953655,0.07955265128310929,0.05161612778669243,-0.07074357500191451,-0.08655332983158248,-0.04657319958200631,0.08028856155203795,0.07958171984042911,0.05263403920679049,0.1399411172357104,0.12601465122964536,0.13270226755901215,0.09194611023436935,0.06826250616471487,0.08629391209063113,0.12493149117433193,0.10098093766389445,0.12209251432554878,0.025705168087391338,0.017893509462799294,0.057926895672032276,-0.03621426455529391,-0.06446575228538147,-0.029555942060392075,-0.02627389724378252,-0.059046330653845555,-0.01813335478965229,-0.5734319588984945,0.14080162997619008,-0.7914043388879184,0.20270901587423615,0.5356604366141354,1.0,0.8761264748826716,-0.8002770046773797,0.7639351671975735,-0.8160994613603992,-0.40437549447101545,0.1362364972918126,0.4651940711266637,0.7922551950828961,0.7263991742714199,-0.5534005277289952,0.6747311311179781,-0.7049124162400403,-0.32904672166759186,0.06753152569463149,0.48736200838640614,0.6352275504033719,0.5717668537281728,-0.2918491871307966,0.6479284199070751,-0.5454148401833785,-0.38397044893019505
veh1_closing_speed_mps,-0.02084912627976463,0.07430880363067091,0.07430880363067091,0.08974211254467279,-0.15244484250591497,0.11203837207326046,0.015049760846468148,-0.037595248362378535,0.005745357795550989,-0.04196294363339718,0.036708502406053146,0.0807402388090725,-0.09857029249272485,-0.06657063465655796,0.1312926895762515,0.12391293108739213,-0.12237506042745167,-0.09610505106238425,-0.10294282148936573,-0.08113836088228518,-0.0026249359112080696,-0.017490876358771956,0.00602134183093909,-0.03944245426252977,-0.1013334893396985,-0.012636097016036171,0.06522826738738155,0.06500935749428602,0.04164634474631458,-0.0432860203103112,-0.05828912777947678,-0.025881395423560834,0.0642607628796959,0.06479168569473479,0.043699111616291926,0.1065620610851037,0.09612077016171641,0.10119222834525546,0.06693030650537933,0.034210346696749085,0.06577063920507806,0.09395232953784749,0.0630701022893751,0.09350781811183408,0.03171178225609302,0.02479002416681973,0.06704871366699962,-0.04811203719534577,-0.07359483516582871,-0.04317017567855721,-0.03158621649038566,-0.06835547034662898,-0.02407740264120782,-0.5335900210979989,0.10908574538261677,-0.7183940820153946,0.24095606743474066,0.4603196180336831,0.8761264748826716,1.0,-0.8252732945015744,0.705924947361751,-0.8569354728224104,-0.32240405654908066,0.1501178380538514,0.4138682065050806,0.7018591933551483,0.6810975532348162,-0.5183778809205445,0.6192033614816813,-0.6686292422422382,-0.2685355802603016,0.05658216080381543,0.45314973890955357,0.5712465562801159,0.532575572036377,-0.27716065220418074,0.6061311143175522,-0.5138268469566729,-0.34668741993129115
veh1_ttc_capped_sec,-0.02769984984574361,-0.09932435875914013,-0.09932435875914013,-0.08181405864721446,0.11387763500723824,-0.11746029463314944,-0.051683543856120735,0.04690598736737451,-0.026078978975963438,0.015876478140568695,-0.03961362968976963,-0.05231232455120288,0.08079096161372137,0.06145703170981622,-0.11160616819568629,-0.07968062493141348,0.09169221764403382,0.10313938130906672,0.11208314241403113,0.08622965801167187,-0.016915359413518752,0.024221992469434232,-0.03708731446553529,0.013993974153519051,0.09819759035132092,-0.02230258837538033,-0.09598638287927519,-0.07946055426155253,-0.08117667126671987,0.008435708295585192,0.038949665468818874,-0.020306248340803936,-0.09483830009315228,-0.07853810651858045,-0.08372010247055356,-0.1029658889288739,-0.08286299054726909,-0.10491187521285593,-0.07006459231574247,-0.013660977904820232,-0.07313296258106626,-0.09948900701538914,-0.04677389717217709,-0.10442563896188332,-0.009443044717117134,-0.0028162542382075186,-0.03639701648716457,0.025272143197892567,0.039827728385778624,0.02048917568559883,0.010234665002502663,0.03766086158774473,0.004308375368144229,0.32706920027640163,-0.2934818203969539,0.6499814706265157,-0.18543739888817046,-0.1790830633427212,-0.8002770046773797,-0.8252732945015744,1.0,-0.538948007383034,0.8049982320733362,0.1043869665717006,-0.08396155288181428,-0.30513297143791435,-0.6727378690474233,-0.6583625245837073,0.6196587681193021,-0.5399382930241068,0.6492115270755815,0.131008030969404,-0.016346611100929023,-0.3490207961058675,-0.5770323013914176,-0.5513660313418329,0.41896469163233735,-0.5436631818372265,0.5386555802150366,0.1863976084393694
veh1_history_mean_front_y_m,-0.017933448720027778,0.02145211158362304,0.02145211158362304,0.03608613590722642,-0.20088854808350182,0.09635069495850981,0.02905595281505794,-0.017063205817189248,-0.0022032673717769283,-0.035578046364090926,0.004547107252755891,0.07789228749700192,-0.05774120833998154,-0.06548431656389098,0.10253762656222783,0.08322269687886011,-0.09348665369620417,-0.0819815421322768,-0.08629312510043195,-0.06972798101498234,-0.008583538051911841,-0.008332316423318536,-0.006361014380296968,-0.032760895413541706,-0.0664966719059494,-0.018924996812006552,0.04249677674183128,0.04601788072766718,0.017635662210029258,-0.030152549045468078,-0.023838205584804074,-0.027179222729211867,0.04210719418794053,0.047260273009188086,0.01827346841393241,0.06886082831967862,0.0796246656272353,0.051196531006870646,0.025375959341681475,0.032544071978350166,0.013521486545673011,0.04611158326570481,0.05594042274137011,0.03688162883015218,0.013776621184278326,0.01112992376853665,0.030755061737864083,-0.02747096918566661,-0.03995023653340036,-0.02505122061005756,-0.013860691999930846,-0.03191251895447283,-0.009996101543429906,-0.6191981527579188,-0.02556817679766196,-0.6971566678403784,0.18237989669877805,0.8912258155705516,0.7639351671975735,0.705924947361751,-0.538948007383034,1.0,-0.6896009901833665,-0.32102369595583435,0.13638108800960042,0.5675872099661917,0.6595435849541224,0.6107231001412475,-0.4078301403697291,0.7187417893152818,-0.6009780229534972,-0.307128116606104,0.01207723587255286,0.6060584192345951,0.5404633196657899,0.4966837539979808,-0.17712443663398417,0.7044749536840044,-0.48077831438587537,-0.37660985588246654
veh1_history_front_y_change_m,0.006270765724068379,-0.08412855530450296,-0.08412855530450296,-0.09443240175499892,0.14629646884889697,-0.12413017500620979,-0.03406503398163112,0.022265086075915846,-0.008739407326361475,0.04364694303550429,-0.06916974035168538,-0.05857662018169819,0.11951480231473427,0.08291898745515598,-0.1456656969535419,-0.10919363107455207,0.12203330834003967,0.107476803284484,0.11574852590630859,0.08998254711944204,6.9470146157949e-05,0.02449438705117612,-0.010573495925053501,0.04220719522831224,0.10854947496005081,0.012916641109623178,-0.066058737151172,-0.059777744979678055,-0.04918425404439263,0.044772246701659274,0.06037849610330003,0.026356984730089576,-0.06443784624208644,-0.05843160473940253,-0.04921949781027487,-0.11610122825501473,-0.10232366987649139,-0.1135864178427175,-0.06579160701076908,-0.03284794140787538,-0.06431317200595513,-0.09901354895462999,-0.06659583580812915,-0.09826408843922475,-0.02938383444451729,-0.021188072204657283,-0.06520200846915222,0.047561251590213814,0.07245235979570908,0.04133730866059433,0.02909731951320711,0.06625318860235307,0.02035127984823554,0.515116299992491,-0.13511996543335178,0.7113948662937624,-0.22072841264913878,-0.4142821763499243,-0.8160994613603992,-0.8569354728224104,0.8049982320733362,-0.6896009901833665,1.0,0.22273301963432698,-0.14040371322227704,-0.41026266074833595,-0.6909161697834378,-0.6814772626300708,0.5483743483301305,-0.6196449720047285,0.6834131651420818,0.2301716649363938,-0.04764742393241623,-0.44987988554921804,-0.5678595684749025,-0.5330226082673294,0.30350557754431107,-0.6068177196902977,0.5246238852992301,0.31322438131468194
veh1_history_observed_fraction,0.031934141084804746,-0.011453182686874152,-0.011453182686874152,-0.03878436064685958,-0.008270421384695989,-0.053250528349134685,-0.015529737687057777,0.04115668942603757,0.002851653704357671,-0.01715210373234527,0.02138664851642458,-0.1240047915114523,0.07038354325435885,-0.00933296987213267,0.023144911491492566,-0.16825044186057544,0.020826518929306835,0.04493059070470369,0.04449960689734238,0.039429106669590125,0.013273346251613917,0.014242326196927136,0.004994989784441986,-0.006225484068403945,0.008946273751925369,-0.010414550094205378,-0.005828853649255948,0.005036755613962601,-0.010686071099367702,-0.013128203390614934,-0.008625201432584804,-0.013919897806471643,-0.0023065420255279447,0.005534545788016882,-0.006575401283277843,0.018741030920437853,0.025351598616226653,0.019003667358205995,-0.010208039983557458,-0.022338548318464997,-0.007994894276572729,0.006544334575321916,0.005113811490378887,0.008280836853269283,-0.03563620494668208,-0.03130972352542351,-0.05667140819812974,0.03282003142442235,0.06414048744745984,0.02869881936542987,0.033159025551897724,0.05587102442781035,0.02824898284213918,0.4460605410120224,0.2505541057757976,0.39717140657560857,-0.09177066665566617,-0.31003973988372835,-0.40437549447101545,-0.32240405654908066,0.1043869665717006,-0.32102369595583435,0.22273301963432698,1.0,-6.528647511584078e-05,-0.1627476087055075,-0.25193585965418,-0.23190172382908222,0.011880459391162036,-0.22804002526382894,0.21956242272101087,0.4552376850585423,0.036290140521010886,-0.1657243830521036,-0.2081660010498259,-0.1850004771892303,-0.09340599628676259,-0.20897667833975503,0.15950178247502833,0.41777583152287134
veh2_lateral_x_m,-0.041731773458578494,-0.02174922277499592,-0.02174922277499592,0.018031848805540762,-0.1828144495494899,-0.031636616605605725,-0.0975365492732849,-0.048242906705691875,0.05218185516305066,-0.17413640494547078,0.012963521536458193,-0.046322863474335035,0.013320070280913872,-0.08868874186873804,0.16229522624545964,-0.01927281197826184,-0.10000540020346067,0.028887354456867725,0.03854662514785996,0.016506940153577458,0.050829592637204636,0.08146807319737936,-0.00018979806130189935,-0.17446192774937314,-0.1380684257942529,-0.17521156647663813,0.04512910510080592,0.08133463673724359,-0.014313137723477774,-0.19497285492293678,-0.15656179728588182,-0.1951259915772993,0.045004797724374344,0.08254416773399982,-0.014079776876270845,0.203218354458174,0.22233857541948918,0.1688633200220782,0.09396446275913659,0.1260687204019219,0.07927287159394668,0.1513832646881911,0.19044630693995204,0.1358736729346252,0.04578636847883513,0.043997516568068766,0.03248905973755739,-0.051645357337489116,-0.04433857705587294,-0.050344148252611215,-0.044433690428188066,-0.031380436091156046,-0.042732616800734674,0.07745534404929043,0.08597111760820456,0.003415719246670301,0.5830164629973255,0.12631887518876028,0.1362364972918126,0.1501178380538514,-0.08396155288181428,0.13638108800960042,-0.14040371322227704,-6.528647511584078e-05,1.0,0.08029078132414406,0.19142293224879722,0.1740392605703581,-0.16939182222205917,0.1360374658276052,-0.1691007017461377,-0.010173041225213302,0.6433736356302716,-0.03250294294346259,0.030730621221775965,-0.007398001100009536,0.04465102031221416,-0.02328342658416731,0.01253769800393998,-0.14716535628983476
veh2_front_y_m,-0.00595478463045061,0.011975156158132416,0.011975156158132416,0.020443466157072817,-0.16576423190630582,0.07136625564821109,0.012325443246027362,-0.019877402822128278,-0.005302522705285705,-0.04240479570638308,-0.057582390980212964,0.05426235471239518,0.03694446022986529,-0.0012248717037897934,0.05555453935791577,0.010565799492689201,-0.07122776994091119,-0.06437818108074032,-0.06790396523817896,-0.05471517399656572,-0.010359043607431409,-0.005233831278948467,-0.00163265616284813,-0.02301355117025262,-0.04867348968509838,-0.010967569419058068,0.0002617786339214683,0.0033629247491047034,-0.013455148550586646,-0.047253197447845056,-0.04664465055218645,-0.04449135962101435,0.00038158397931524707,0.0045333100797569845,-0.012769599129074835,0.056554122759944356,0.06212439059442333,0.04877482243758081,0.018949909728194003,0.027754327287238135,0.012296539800305345,0.03211747589616354,0.04677746039759125,0.026087194171473455,0.013829697919121392,0.013661949692609577,0.018367639488153488,-0.02913286422287824,-0.030068542449978038,-0.029765835299227553,-0.010574919507580232,-0.01876402048516651,-0.008837763153940905,-0.5058263012270557,-0.02719445049581471,-0.49897521957129276,0.024831655268547137,0.5039694413918392,0.4651940711266637,0.4138682065050806,-0.30513297143791435,0.5675872099661917,-0.41026266074833595,-0.1627476087055075,0.08029078132414406,1.0,0.5128281550130781,0.4583810683210257,-0.17249333438539333,0.8917484461552134,-0.41017624402776504,-0.24248300154901492,-0.0460159643474832,0.5414394041219981,0.3811290486910734,0.3565786823303859,-0.14480247415043995,0.5710768935467191,-0.3437833400681782,-0.24025898426551467
veh2_speed_mps,0.04103099769421899,0.12067968435258909,0.12067968435258909,0.09633148776646806,-0.17889359414249428,0.1010661693490844,0.027841179931977968,-0.04340394912684179,0.02260618313006168,-0.13157919058270462,-0.016404204551344826,0.06277064218317778,-0.023698437423047895,-0.07231547936390918,0.13255457350112,0.06634415179548893,-0.0962810485661461,-0.0815585993524713,-0.08864155244311665,-0.06104962027621451,0.01896046191041604,0.0018136996861523027,0.021021828562823662,-0.1307224572077633,-0.19901929213335817,-0.08739285397955239,0.08641277274515564,0.09418908231345066,0.04548201714533786,-0.13057684784781567,-0.1436082295652531,-0.10303402793568339,0.08485674403426668,0.09435607808449209,0.04579881514942553,0.21690259452318053,0.2019019259661825,0.20719151856316856,0.13619249146064846,0.08920279042754438,0.1312093862122487,0.18941790500941386,0.15720252866155546,0.18435812156424056,-0.0002873790097295638,-0.006954286419205541,0.018924148890032876,-0.010073737601901542,-0.02741720481494724,-0.005089993197898566,-0.002035168338801634,-0.020928752033222198,0.004000067604139174,-0.5263003639747025,0.29661599708420544,-0.8057187364434514,0.1259143539733952,0.44385149889421766,0.7922551950828961,0.7018591933551483,-0.6727378690474233,0.6595435849541224,-0.6909161697834378,-0.25193585965418,0.19142293224879722,0.5128281550130781,1.0,0.8986568741051163,-0.8007412189152908,0.7579366471649517,-0.8330713854554557,-0.31984400292026754,0.11135359011661397,0.5025734958085929,0.7283970275148266,0.6623898160591495,-0.4754526617524334,0.6931794277987073,-0.639485649667262,-0.336854882382781
veh2_closing_speed_mps,0.03710239967531226,0.10625908183266232,0.10625908183266232,0.08591959439164822,-0.17401593031976814,0.1014104435007813,0.02669798706512568,-0.04054262704641864,0.003089345923040187,-0.11239131032945636,0.016541081820578556,0.04967189795159833,-0.04475117913760042,-0.08354620136220929,0.1327003515864295,0.07994704699487248,-0.09314342320518589,-0.08394647689635693,-0.09132361452351737,-0.062400826856017035,0.003969380136743903,-0.007217341413310998,0.007086788512244751,-0.1156822482316059,-0.17696797553169677,-0.07749104164737494,0.06690739360576807,0.07643500167170067,0.03187531763966606,-0.11137465129429226,-0.11585030232998451,-0.09468630109663852,0.06697507878003262,0.07856596321362591,0.03282494474352349,0.19251743432235097,0.18704343665714596,0.17761738604498659,0.11135547643973638,0.0684237099817421,0.10793477453666336,0.16526591172081473,0.14125981266146023,0.15979471215773505,0.012395358257550036,0.005774871301160016,0.028464308733489218,-0.027024401249792763,-0.03648165223187467,-0.022329006144253545,-0.013971805515179153,-0.02978472236100205,-0.008311679448343889,-0.5001221017482249,0.2604285477023298,-0.7522803932786285,0.11359669088893673,0.3928941054870604,0.7263991742714199,0.6810975532348162,-0.6583625245837073,0.6107231001412475,-0.6814772626300708,-0.23190172382908222,0.1740392605703581,0.4583810683210257,0.8986568741051163,1.0,-0.8223950592655312,0.7197571115638424,-0.8692499253629596,-0.24068079646822096,0.09769043649729454,0.4711612404694484,0.6606024243428875,0.6235340807230828,-0.44357401181206696,0.6539013625329463,-0.6044709319775371,-0.3076479408013947
veh2_ttc_capped_sec,-0.09901626267495986,-0.1479911115559834,-0.1479911115559834,-0.0855062619915995,0.1383811262704423,-0.0903518011710999,-0.058736240383525165,0.03543025591861955,-0.016828286469188877,0.11911482260226386,0.01699323693934955,-0.027704881437530162,0.00356108143898318,0.08245614823405188,-0.1553789493439351,-0.00038987489795550126,0.09850498306748917,0.08042851651701377,0.0937084277657447,0.055562029913155356,-0.018220877255147233,0.012219388218633323,-0.02792447112041062,0.12567279185860114,0.19910202074892092,0.07631608009168799,-0.09173010808398117,-0.0971444032752816,-0.058016840621468,0.11504878458526276,0.13379041599957778,0.0832426631209233,-0.0916082798681423,-0.09712334184434732,-0.05908962652560684,-0.22383801495723676,-0.20272385919236902,-0.21984591707662218,-0.14973950645190687,-0.0768379595014368,-0.1512842719727195,-0.20893611824897995,-0.15274057038522001,-0.20947164508631105,0.018022005396233966,0.026635559219964626,-0.003483621084385247,-0.005111351723676507,0.011498225440149001,-0.011200885478404357,-0.015489249316382101,0.004097237106234538,-0.022166505770540697,0.13541949015002236,-0.5098044328664108,0.5569542487624164,-0.024794813745600303,-0.19771448587057597,-0.5534005277289952,-0.5183778809205445,0.6196587681193021,-0.4078301403697291,0.5483743483301305,0.011880459391162036,-0.16939182222205917,-0.17249333438539333,-0.8007412189152908,-0.8223950592655312,1.0,-0.5351343735707934,0.8050888714605855,-0.08051759659707737,-0.10341971501726567,-0.3468296288884616,-0.6461636912275985,-0.6193339739349247,0.6034581381822026,-0.5693699837776798,0.6126984415744572,0.03110756866937371
veh2_history_mean_front_y_m,0.02321082067147923,0.0749884251949815,0.0749884251949815,0.06323045165255806,-0.19901130674940787,0.10426888180110791,0.033926355349500774,-0.036559708228962075,-0.0021472412313333013,-0.07544190582548395,-0.03215706600024625,0.06568456349642054,0.0009011693757101123,-0.03899859116500568,0.10651970582098039,0.04936364247487329,-0.10236607848705687,-0.09505736002255849,-0.10464915906818231,-0.07431696223048675,-0.0054553181018625364,-0.01462882570319008,0.009446574325135182,-0.06330123342793552,-0.1188786599110203,-0.03327960415373955,0.036351777127052225,0.03960211224188089,0.013553080980284574,-0.07666608281702685,-0.08403811500989786,-0.06265675661418948,0.036497688340549006,0.04046526407449844,0.015069081209992313,0.12634114376306513,0.1251616034000168,0.11782020149623713,0.06668410709406941,0.04526908666043769,0.06209483838541791,0.10068082947250107,0.09048747105253317,0.09599847046994597,0.020410697060465544,0.01636293610384178,0.03185403451348727,-0.040302158573689635,-0.04849940694040626,-0.03760690166151028,-0.018920874507699494,-0.032647551838258744,-0.014359669167158038,-0.6074053448234303,0.10803092660371269,-0.7288093651948226,0.061355185262322975,0.5627154541081024,0.6747311311179781,0.6192033614816813,-0.5399382930241068,0.7187417893152818,-0.6196449720047285,-0.22804002526382894,0.1360374658276052,0.8917484461552134,0.7579366471649517,0.7197571115638424,-0.5351343735707934,1.0,-0.7002877089060567,-0.2436460576903438,-0.013415742068927598,0.610417787875561,0.5953643917435508,0.5647453767999252,-0.3353072288410244,0.7354356912572984,-0.5508372922025958,-0.31797387520154263
veh2_history_front_y_change_m,-0.03281318145999647,-0.11570089816070381,-0.11570089816070381,-0.09780016348161821,0.16480539906902097,-0.10112114365885845,-0.02853846167428677,0.0387426527901706,-0.010270834717077366,0.11188068488849857,-0.028783815356857007,-0.038391619365129255,0.05002265231581168,0.10315104085640901,-0.15690563563566284,-0.06484168866584261,0.09892843312949418,0.0826137053245531,0.0914405620513047,0.062384406050061424,-0.009772600738581265,0.0017410040453263703,-0.014936334612359568,0.11938990735555544,0.1781815328274556,0.08104601487956502,-0.08340156035429312,-0.09558747398274611,-0.04622557991900572,0.10691563940226328,0.11482313568639103,0.0882957064842949,-0.08397723937962266,-0.09655539682494661,-0.0485416223941366,-0.18931361550862136,-0.18500061511380148,-0.1768431683683659,-0.1115899961338948,-0.07230412245315355,-0.10691621241293182,-0.1644716880304326,-0.1400708101332268,-0.15967861357742347,-0.017793941496822167,-0.01129409525102803,-0.039335208953270105,0.03519174845789316,0.05181054011794613,0.030842141089760043,0.019723073974888698,0.040723233912722916,0.014193506229628311,0.4807347554914719,-0.2812149733146252,0.745216007601224,-0.11279793623728934,-0.3821480847677345,-0.7049124162400403,-0.6686292422422382,0.6492115270755815,-0.6009780229534972,0.6834131651420818,0.21956242272101087,-0.1691007017461377,-0.41017624402776504,-0.8330713854554557,-0.8692499253629596,0.8050888714605855,-0.7002877089060567,1.0,0.15387587481091414,-0.11558412419494651,-0.45482657820949174,-0.6475387169456696,-0.6187081914391883,0.47163395501140476,-0.6517164613445905,0.6138631023434821,0.27026370834509506
veh2_history_observed_fraction,0.017666512614019258,0.014427284682606718,0.014427284682606718,0.0030616100437510646,-0.0629750860392402,-0.09642016545369897,-0.024276288195441045,0.020726954895440044,0.012711527149367229,-0.057728659782945335,0.007699297688259422,-0.13268624454519767,0.0981819073212993,-0.015027360654081555,0.07585970695147529,-0.2020788811568208,-0.016660230673292434,0.09776713490705094,0.09555725948822112,0.09031214780380922,0.023718092296651328,0.026558674690211923,0.006730064891369863,-0.053142162295368243,-0.03715466989683382,-0.05106450639985643,0.016203233232093044,0.02164651222839302,0.0050116915072051784,-0.05315240125653471,-0.04981094711238233,-0.047846678678684224,0.020043129707924028,0.02407965300189503,0.008697256261915686,0.05992244073724836,0.06249595626046956,0.06141350334141757,0.024780110142570904,0.01215060710128203,0.02736120373939289,0.04491865764357238,0.03754369712805301,0.0475825786792619,-0.02213045594292045,-0.02230155665246035,-0.023674333753867717,0.016736691634818127,0.019729722378910863,0.016395588902747893,0.021568957115436514,0.02470526288528128,0.022078102844494338,0.5080632705541374,0.3196871218267878,0.4240591963875631,-0.15996037558803303,-0.24746062635603963,-0.32904672166759186,-0.2685355802603016,0.131008030969404,-0.307128116606104,0.2301716649363938,0.4552376850585423,-0.010173041225213302,-0.24248300154901492,-0.31984400292026754,-0.24068079646822096,-0.08051759659707737,-0.2436460576903438,0.15387587481091414,1.0,0.05741336634943859,-0.11728788209545113,-0.19370279399374082,-0.17893401065253797,-0.1351964808329371,-0.1600421593490554,0.14585072380978578,0.5684244081790398
veh3_lateral_x_m,-0.013664500913729737,0.03263810564855537,0.03263810564855537,0.045172730589475144,-0.17160995492912107,-0.09794615008194217,-0.04180292774537533,-0.021835171594580673,0.03116840805060548,-0.18016929602868462,-0.029449451070940408,-0.055238739652014625,0.058079201940615006,-0.09980558532682639,0.09674127194827288,-0.06936015201501042,-0.02410933161371679,0.09459269940307954,0.09375374354018244,0.08661960226605947,0.03920878694197893,0.07130126902004541,0.0015075432101250728,-0.18513055051431182,-0.16243249073872024,-0.17720008300932957,0.03151987720785888,0.054262376453632105,-0.005661977803578404,-0.1931666270475287,-0.1797323396472539,-0.17652406660839357,0.032927027301436936,0.05597513103160908,-0.0038467160547754737,0.2202604191676084,0.22441857465656384,0.20357756444952013,0.0976561800906786,0.10812919066292209,0.09183054539540804,0.15310276786421428,0.18122845895427464,0.1425453482048452,0.046804332036720776,0.04020226893514962,0.05269574041572491,-0.04148317735815484,-0.05210255333677465,-0.035814121377583455,-0.04540523659338868,-0.05111898054782149,-0.038141723203751185,0.17428637381433246,0.1810911359183027,0.0752991674741204,0.3111893373265032,0.021248842151026237,0.06753152569463149,0.05658216080381543,-0.016346611100929023,0.01207723587255286,-0.04764742393241623,0.036290140521010886,0.6433736356302716,-0.0460159643474832,0.11135359011661397,0.09769043649729454,-0.10341971501726567,-0.013415742068927598,-0.11558412419494651,0.05741336634943859,1.0,-0.0010203721536498514,0.03436543498518205,-0.00808326505941772,-0.04124527481450326,0.018004594440579794,-0.0009655956838786016,-0.09821627688087865
veh3_front_y_m,0.02007115903276731,0.01666296486903722,0.01666296486903722,0.0028879374794779184,-0.14734176198007415,0.0008146124647127124,0.0507434301464498,-0.004918458913791891,-0.0021075722799295806,-0.016526454504987097,-0.04558614321324161,0.011514489562239678,0.04839994106521601,0.004031170243741617,0.07385044498170587,0.002653750403844246,-0.09444057383393951,0.008569683854803237,0.000775268988426354,0.02109995532734941,0.003930194432962403,0.010574290961797812,0.006571873249419788,-0.016383207793734762,-0.0398090842526089,-0.00575791201841493,0.023125846456535176,0.024860774038134067,0.002303739166425574,-0.022818879297415263,-0.028220971847622796,-0.014224783991236903,0.02111659953787038,0.02453650636634755,0.0025499668515631163,0.044117825062091394,0.04248650638324055,0.04048402726480957,-0.01928217192780474,-0.019077975753669627,-0.022450704267891454,-0.012368901967736606,-0.003442802960091812,-0.017055727040275394,-0.012096270540435973,-0.013703976719093026,0.007241092319389144,0.0012071836047935177,-0.012422708314672685,0.0025581642522689895,0.012135485309639081,-0.008460160012371104,0.014867462936248042,-0.5310796216356075,0.042575128806085244,-0.5363383176850697,-0.03261300326311854,0.5302679994624415,0.48736200838640614,0.45314973890955357,-0.3490207961058675,0.6060584192345951,-0.44987988554921804,-0.1657243830521036,-0.03250294294346259,0.5414394041219981,0.5025734958085929,0.4711612404694484,-0.3468296288884616,0.610417787875561,-0.45482657820949174,-0.11728788209545113,-0.0010203721536498514,1.0,0.45338900836567886,0.40975509714094144,-0.13274704978516946,0.8862061146259502,-0.3655995307603344,-0.20556723046491956
veh3_speed_mps,0.11829532881369591,0.1635978773568149,0.1635978773568149,0.0718638951789047,-0.11894069033982177,0.030203320539742288,0.08946870231346792,-0.06013855170221775,0.02060315137270966,-0.12109732022361742,-0.09642273243132381,0.08404306761292844,0.04898663318574014,-0.04983829599989813,0.07450601258827926,0.020899622546609903,-0.042124027381730114,-0.03737932904648226,-0.04736127823263902,-0.013483231229306631,0.013008080497523243,-0.011352419788220847,0.029898595979201113,-0.13033941617919842,-0.21640659431459042,-0.07889216515822452,0.08196668121884534,0.0905330688063726,0.05159851766089423,-0.13642163593580603,-0.16623202562476325,-0.09364827627456211,0.08134699508576536,0.09061224888841815,0.05401756815383355,0.23628415330169408,0.20627105175636493,0.2377936975766159,0.19276015212129122,0.1205608523756139,0.18960417093366866,0.23809034007143157,0.17787039490988946,0.23758680151320158,-0.024576985589255,-0.03534448697215616,0.02033327644394182,0.021090480604921427,-0.01732480851645525,0.03054717286890644,0.01832462516452123,-0.023729002546956035,0.029066523933894643,-0.437352403853343,0.44374616939304,-0.7723359370242698,-0.01767341318516126,0.341993926965233,0.6352275504033719,0.5712465562801159,-0.5770323013914176,0.5404633196657899,-0.5678595684749025,-0.2081660010498259,0.030730621221775965,0.3811290486910734,0.7283970275148266,0.6606024243428875,-0.6461636912275985,0.5953643917435508,-0.6475387169456696,-0.19370279399374082,0.03436543498518205,0.45338900836567886,1.0,0.9176161310943068,-0.8256730069339075,0.7219652673673538,-0.8578809311605734,-0.3467215297097764
veh3_closing_speed_mps,0.1295583389011659,0.1604570171570703,0.1604570171570703,0.06351959648271807,-0.11016662794753808,0.04755180561100246,0.10335243694322203,-0.04332559399421305,0.015439512049269652,-0.0873604695219888,-0.08663812054363461,0.08597017608715875,0.03834290941111495,-0.05096417348048253,0.0649299291398707,0.04574331185375312,-0.03540692250265396,-0.05513305226256026,-0.0640097311950444,-0.0310260826900641,0.001643540628699035,-0.029232055056188443,0.031746900988679515,-0.09249115789659669,-0.17835496022065603,-0.043788762270880965,0.07436024428020645,0.07883697257052438,0.04902164675878171,-0.09835022239026736,-0.12998407309620827,-0.0574518297207004,0.07286876714403225,0.0770460200246136,0.050947086358846844,0.20283615407873676,0.17505302966864733,0.20553462535792374,0.16743406986819603,0.09461010062659808,0.1657811689420798,0.2074483346899106,0.14854781578329243,0.20858435519081375,-0.049709060178417065,-0.05919635030948915,-0.0025115208966541855,0.03863154738960504,0.004860918428896819,0.04612738185893533,0.04441343664922757,-0.000538009551641639,0.05382737350545666,-0.4059313099934037,0.4175095616237685,-0.7218618164556039,-0.041868323836955566,0.302441308788182,0.5717668537281728,0.532575572036377,-0.5513660313418329,0.4966837539979808,-0.5330226082673294,-0.1850004771892303,-0.007398001100009536,0.3565786823303859,0.6623898160591495,0.6235340807230828,-0.6193339739349247,0.5647453767999252,-0.6187081914391883,-0.17893401065253797,-0.00808326505941772,0.40975509714094144,0.9176161310943068,1.0,-0.8370264357710985,0.6843078719221717,-0.8698326642975995,-0.2941668007170201
veh3_ttc_capped_sec,-0.14961971254498357,-0.17814356473929743,-0.17814356473929743,-0.06546027163181983,0.06562377751481904,-0.0018510253044733182,-0.0985866456560709,0.04025092385991499,-0.012847403947263974,0.1056063925100301,0.10381050465489707,-0.03471011042291917,-0.086217453273393,0.05766771549393214,-0.09989561687449515,0.05686686414131104,0.04051506649764849,0.012470414727638175,0.024424743830350645,-0.010687904233867448,-0.009709826755388546,0.02809004040937609,-0.03670910442582428,0.1100892014383266,0.19111185737618644,0.05879596421377373,-0.07067594298176186,-0.07837337386743495,-0.05084466593693474,0.12845420568903235,0.16203996091460843,0.08331914689131395,-0.07120632090687258,-0.07740822654297363,-0.053753573541446935,-0.23415746296243778,-0.20381435253929958,-0.24035851324630886,-0.1937826897566058,-0.10679787623017842,-0.1969516344002876,-0.23997401543899266,-0.16835942095730108,-0.24471571839606948,0.05117458497343488,0.060907417284933665,0.010024454882350717,-0.0409673088199008,-0.00923225726040627,-0.048898430641919025,-0.04602674097154553,-0.008439502455490654,-0.054549037230991665,-0.04006071097281368,-0.6298999707690902,0.4035341851541896,0.14292702869894647,-0.027647980409822723,-0.2918491871307966,-0.27716065220418074,0.41896469163233735,-0.17712443663398417,0.30350557754431107,-0.09340599628676259,0.04465102031221416,-0.14480247415043995,-0.4754526617524334,-0.44357401181206696,0.6034581381822026,-0.3353072288410244,0.47163395501140476,-0.1351964808329371,-0.04124527481450326,-0.13274704978516946,-0.8256730069339075,-0.8370264357710985,1.0,-0.49489665004310607,0.8175019882420045,-0.13743801857262442
veh3_history_mean_front_y_m,0.06192717299355048,0.10669626097083879,0.10669626097083879,0.06011473379288072,-0.16090870970975443,0.022058122182173193,0.08195068362957937,-0.025524793503239135,0.007885093892659763,-0.06081576164580038,-0.04923522782292094,0.043293804758058704,0.03124752544569595,-0.033024501453840505,0.10620935948055134,0.01866423083215631,-0.09795399782108208,-0.015056700249585869,-0.027920767303637985,0.008591931674637305,0.009049334770431258,-0.006688560573949621,0.025853549584595417,-0.05925588293284891,-0.1259961287223756,-0.0245375360192064,0.061701634884172185,0.06144174744402296,0.03709274469669763,-0.06706238852090984,-0.08942993498173682,-0.039596766399824145,0.06085099433983325,0.0613483359149221,0.03928049079305518,0.133984512195312,0.11880030253089738,0.1332486547214915,0.07431720226291307,0.04119255393368258,0.07208038160574544,0.09655905951646572,0.07335288456431391,0.09402285201007271,-0.00792890920433802,-0.01438983034424555,0.021845307169615618,-0.003629519215946544,-0.025115666531313693,0.0015355889719475117,0.0057226014585275075,-0.023888452225593666,0.012884051912895192,-0.6240894864540844,0.20796405424395795,-0.7595807498840982,-0.02201646650074789,0.5412008914977492,0.6479284199070751,0.6061311143175522,-0.5436631818372265,0.7044749536840044,-0.6068177196902977,-0.20897667833975503,-0.02328342658416731,0.5710768935467191,0.6931794277987073,0.6539013625329463,-0.5693699837776798,0.7354356912572984,-0.6517164613445905,-0.1600421593490554,0.018004594440579794,0.8862061146259502,0.7219652673673538,0.6843078719221717,-0.49489665004310607,1.0,-0.6687131637031856,-0.24040715228264517
veh3_history_front_y_change_m,-0.12181702704965944,-0.1689308241040372,-0.1689308241040372,-0.07250188493090698,0.09158965323805994,-0.0334010671356256,-0.1002622108645772,0.058422840771977236,-0.014281581990320884,0.10179451103241109,0.07877434629152176,-0.07349167583672925,-0.0368122752410781,0.06232521889275357,-0.07902042795615877,-0.03124779888100781,0.03341698232227528,0.0422775292991798,0.05475895396931064,0.014780680990497914,-0.009367953870428566,0.028124630128720778,-0.03505699177500618,0.10061150999206483,0.18243723003892168,0.05177516175253545,-0.0787700093624803,-0.0791183659913088,-0.056780611842908287,0.11031839092143239,0.1365737595092512,0.0707703261259745,-0.08018358833148166,-0.08080019968085186,-0.06121487515276712,-0.20305300365636977,-0.17478842046384804,-0.2058862647517976,-0.16962117649258904,-0.09365294377783884,-0.17005753696745576,-0.20868776199931122,-0.1451419761725588,-0.21161073615637316,0.02480164910639936,0.03660823677135508,-0.02563491129721326,-0.01864754519464455,0.022237210428646487,-0.0282913628566563,-0.019159088507725207,0.02918641788199969,-0.030933975483333574,0.3829234613283385,-0.4327576196614735,0.708336589147647,0.046895444344133126,-0.28811096113316687,-0.5454148401833785,-0.5138268469566729,0.5386555802150366,-0.48077831438587537,0.5246238852992301,0.15950178247502833,0.01253769800393998,-0.3437833400681782,-0.639485649667262,-0.6044709319775371,0.6126984415744572,-0.5508372922025958,0.6138631023434821,0.14585072380978578,-0.0009655956838786016,-0.3655995307603344,-0.8578809311605734,-0.8698326642975995,0.8175019882420045,-0.6687131637031856,1.0,0.2030710996530473
veh3_history_observed_fraction,0.021933398045518318,-0.015936994913280544,-0.015936994913280544,-0.02428220194738441,-0.029406861121036,-0.07988152227428377,-0.024936981534436783,-0.008031417619023686,0.010940401218398503,-0.027970662551104777,0.010360044913324432,-0.1253324356931718,0.08733605451770914,-0.0073435400962758215,0.08121164568069802,-0.1901629641781754,-0.027878875283344245,0.08227870384705932,0.083871768298148,0.06942366936818185,0.015267657174658255,0.01878464149732477,0.0007647651409818209,-0.016576585779738303,0.01415091050730057,-0.02486963846505846,-0.0003809261288047748,0.012123007106100514,-0.007044365232855481,-0.01890076969878161,-0.007077976422306082,-0.023924734341478297,0.002656025964346803,0.013839153581503217,-0.005350323147567728,0.019391317038659164,0.03395689904789959,0.01461610445031311,-0.029524717679453784,-0.025186803676181452,-0.02604871240876467,-0.010822958713290932,0.004864560623398448,-0.010452485010721768,-0.02505588878647647,-0.018407230566043577,-0.0485445287282082,0.020953300476939312,0.047208623751558966,0.015027841302592989,0.025061833860438316,0.048813923760509144,0.018397834576815708,0.5979055098012701,0.35095006866736633,0.49402791733774687,-0.18412335440637978,-0.30653757633016876,-0.38397044893019505,-0.34668741993129115,0.1863976084393694,-0.37660985588246654,0.31322438131468194,0.41777583152287134,-0.14716535628983476,-0.24025898426551467,-0.336854882382781,-0.3076479408013947,0.03110756866937371,-0.31797387520154263,0.27026370834509506,0.5684244081790398,-0.09821627688087865,-0.20556723046491956,-0.3467215297097764,-0.2941668007170201,-0.13743801857262442,-0.24040715228264517,0.2030710996530473,1.0
