dataset,horizon_sec,feature_name,positive_rows,negative_rows,block,variable_type,behavioural_reason,selection_status,primary_association_test,effect_size,test,n_positive_nonmissing,n_negative_nonmissing,positive_mean,negative_mean,positive_median,negative_median,statistic,p_value,effect_size_name,test_detail,q_value_bh,fdr_significant_0p05
group_snapshot,1,location_id,316,3375,analysis_control,categorical,Used for subgroup analysis rather than the primary behavioural model.,subgroup_analysis_only,chi_square_or_fisher,0.08597462852479767,chi_square,316,3375,,,,,32.276492617811506,5.2372865547243664e-06,cramers_v,"{""table"": {""BM"": {""0"": 909, ""1"": 62}, ""BS"": {""0"": 103, ""1"": 13}, ""FG"": {""0"": 1480, ""1"": 181}, ""ITC"": {""0"": 127, ""1"": 15}, ""JG"": {""0"": 169, ""1"": 3}, ""KB"": {""0"": 587, ""1"": 42}}, ""minimum_expected_count"": 9.931183960986182}",1.4893533639997416e-05,True
group_snapshot,2,location_id,613,3078,analysis_control,categorical,Used for subgroup analysis rather than the primary behavioural model.,subgroup_analysis_only,chi_square_or_fisher,0.1108414575584068,chi_square,613,3078,,,,,50.3360596375073,1.182820351835579e-09,cramers_v,"{""table"": {""BM"": {""0"": 853, ""1"": 118}, ""BS"": {""0"": 94, ""1"": 22}, ""FG"": {""0"": 1347, ""1"": 314}, ""ITC"": {""0"": 114, ""1"": 28}, ""JG"": {""0"": 167, ""1"": 5}, ""KB"": {""0"": 503, ""1"": 126}}, ""minimum_expected_count"": 19.2652397724194}",2.5031779538845975e-09,True
group_snapshot,3,location_id,770,2921,analysis_control,categorical,Used for subgroup analysis rather than the primary behavioural model.,subgroup_analysis_only,chi_square_or_fisher,0.13787464019498277,chi_square,770,2921,,,,,75.14609641077287,8.672229730077247e-15,cramers_v,"{""table"": {""BM"": {""0"": 826, ""1"": 145}, ""BS"": {""0"": 87, ""1"": 29}, ""FG"": {""0"": 1283, ""1"": 378}, ""ITC"": {""0"": 100, ""1"": 42}, ""JG"": {""0"": 165, ""1"": 7}, ""KB"": {""0"": 460, ""1"": 169}}, ""minimum_expected_count"": 24.199403955567597}",2.4661653294907172e-14,True
group_snapshot,1,traffic_period,316,3375,analysis_control,categorical,Used for subgroup analysis rather than the primary behavioural model.,subgroup_analysis_only,chi_square_or_fisher,0.07099795922691199,chi_square,316,3375,,,,,19.60049032774919,9.544470067814936e-06,cramers_v,"{""table"": {""off_peak"": {""0"": 568, ""1"": 23}, ""peak"": {""0"": 2807, ""1"": 293}}, ""minimum_expected_count"": 50.59767000812788}",2.55454934167988e-05,True
group_snapshot,2,traffic_period,613,3078,analysis_control,categorical,Used for subgroup analysis rather than the primary behavioural model.,subgroup_analysis_only,chi_square_or_fisher,0.04924686698092038,chi_square,613,3078,,,,,9.949457263900205,0.001608968258305019,cramers_v,"{""table"": {""off_peak"": {""0"": 519, ""1"": 72}, ""peak"": {""0"": 2559, ""1"": 541}}, ""minimum_expected_count"": 98.15307504741263}",0.0024402685250959457,True
group_snapshot,3,traffic_period,770,2921,analysis_control,categorical,Used for subgroup analysis rather than the primary behavioural model.,subgroup_analysis_only,chi_square_or_fisher,0.030979041361623525,chi_square,770,2921,,,,,4.5415674462267726,0.03308128665684,cramers_v,"{""table"": {""off_peak"": {""0"": 487, ""1"": 104}, ""peak"": {""0"": 2434, ""1"": 666}}, ""minimum_expected_count"": 123.29179084259009}",0.04181107063572834,True
group_snapshot,1,raw_group_size,316,3375,group_structure,numeric,Group size and eligible composition may affect collective crossing initiation.,theory_mandatory,mann_whitney_u,0.07822597280825128,mann_whitney_u,316,3375,2.8734177215189876,2.7072592592592595,2.0,2.0,574964.0,0.007158274520589167,rank_biserial,two_sided,0.010856716356226903,True
group_snapshot,2,raw_group_size,613,3078,group_structure,numeric,Group size and eligible composition may affect collective crossing initiation.,theory_mandatory,mann_whitney_u,0.06308517956724935,mann_whitney_u,613,3078,2.8792822185970635,2.690058479532164,2.0,2.0,1002922.0,0.003916614729014076,rank_biserial,two_sided,0.00556893656781689,True
group_snapshot,3,raw_group_size,770,2921,group_structure,numeric,Group size and eligible composition may affect collective crossing initiation.,theory_mandatory,mann_whitney_u,0.05096902412890092,mann_whitney_u,770,2921,2.844155844155844,2.689147552208148,2.0,2.0,1181904.0,0.01093631033336883,rank_biserial,two_sided,0.015078852126311569,True
group_snapshot,1,raw_waiting_band_eligible_member_count,316,3375,group_structure,numeric,Group size and eligible composition may affect collective crossing initiation.,candidate,mann_whitney_u,0.16568776371308025,mann_whitney_u,316,3375,2.1930379746835444,1.8702222222222222,2.0,2.0,621603.0,1.0389315078526276e-07,rank_biserial,two_sided,3.3765274005210396e-07,True
group_snapshot,2,raw_waiting_band_eligible_member_count,613,3078,group_structure,numeric,Group size and eligible composition may affect collective crossing initiation.,candidate,mann_whitney_u,0.15528133668713506,mann_whitney_u,613,3078,2.137030995106036,1.850227420402859,2.0,2.0,1089900.5,3.324382079906251e-11,rank_biserial,two_sided,8.643393407756252e-11,True
group_snapshot,3,raw_waiting_band_eligible_member_count,770,2921,group_structure,numeric,Group size and eligible composition may affect collective crossing initiation.,candidate,mann_whitney_u,0.11529586469675479,mann_whitney_u,770,2921,2.0779220779220777,1.8503937007874016,2.0,2.0,1254245.0,7.62155822188168e-08,rank_biserial,two_sided,1.333772688829294e-07,True
group_snapshot,1,cohort_eligible_member_count,316,3375,group_structure,numeric,Group size and eligible composition may affect collective crossing initiation.,candidate,mann_whitney_u,0.16568776371308025,mann_whitney_u,316,3375,2.1930379746835444,1.8702222222222222,2.0,2.0,621603.0,1.0389315078526276e-07,rank_biserial,two_sided,3.3765274005210396e-07,True
group_snapshot,2,cohort_eligible_member_count,613,3078,group_structure,numeric,Group size and eligible composition may affect collective crossing initiation.,candidate,mann_whitney_u,0.15528133668713506,mann_whitney_u,613,3078,2.137030995106036,1.850227420402859,2.0,2.0,1089900.5,3.324382079906251e-11,rank_biserial,two_sided,8.643393407756252e-11,True
group_snapshot,3,cohort_eligible_member_count,770,2921,group_structure,numeric,Group size and eligible composition may affect collective crossing initiation.,candidate,mann_whitney_u,0.11529586469675479,mann_whitney_u,770,2921,2.0779220779220777,1.8503937007874016,2.0,2.0,1254245.0,7.62155822188168e-08,rank_biserial,two_sided,1.333772688829294e-07,True
group_snapshot,1,eligible_member_fraction_of_group,316,3375,group_structure,numeric,Group size and eligible composition may affect collective crossing initiation.,candidate,mann_whitney_u,0.10296952648851376,mann_whitney_u,316,3375,0.8068204650483132,0.7488178726139512,1.0,1.0,588158.5,0.0008348086951273531,rank_biserial,two_sided,0.0014609152164728678,True
group_snapshot,2,eligible_member_fraction_of_group,613,3078,group_structure,numeric,Group size and eligible composition may affect collective crossing initiation.,candidate,mann_whitney_u,0.09851474496161261,mann_whitney_u,613,3078,0.7991409530345334,0.7447505467242309,1.0,1.0,1036346.5,2.1224168527903962e-05,rank_biserial,two_sided,3.576665437109742e-05,True
group_snapshot,3,eligible_member_fraction_of_group,770,2921,group_structure,numeric,Group size and eligible composition may affect collective crossing initiation.,candidate,mann_whitney_u,0.07223864803460822,mann_whitney_u,770,2921,0.7850700776178241,0.7455363325099716,1.0,1.0,1205823.5,0.0006644823895762389,rank_biserial,two_sided,0.0010248796178209786,True
group_snapshot,1,dbscan_centroid_x_m,316,3375,analysis_control,numeric,Used for subgroup analysis rather than the primary behavioural model.,subgroup_analysis_only,mann_whitney_u,0.12097233942803554,mann_whitney_u,316,3375,2.655857256329114,2.3005043875555553,2.2534644999999998,1.900229,597758.5,0.0003692034161672317,rank_biserial,two_sided,0.0006587747229650605,True
group_snapshot,2,dbscan_centroid_x_m,613,3078,analysis_control,numeric,Used for subgroup analysis rather than the primary behavioural model.,subgroup_analysis_only,mann_whitney_u,0.1233354215094864,mann_whitney_u,613,3078,2.6518685644371938,2.2670103219623132,2.234758,1.886091,1059762.5,1.3704371304563787e-06,rank_biserial,two_sided,2.445289781794715e-06,True
group_snapshot,3,dbscan_centroid_x_m,770,2921,analysis_control,numeric,Used for subgroup analysis rather than the primary behavioural model.,subgroup_analysis_only,mann_whitney_u,0.09555925074583071,mann_whitney_u,770,2921,2.5724914792207794,2.267249148236905,2.098885,1.889647,1232049.5,4.4041874539336227e-05,rank_biserial,two_sided,7.4218714501474e-05,True
group_snapshot,1,dbscan_centroid_y_m,316,3375,group_motion,numeric,Current DBSCAN geometry and motion describe the time-local group state.,candidate,mann_whitney_u,0.4628410689170184,mann_whitney_u,316,3375,-0.8044618765822784,-1.702399568,-0.7878944999999999,-1.900275,780060.0,2.838354137187847e-42,rank_biserial,two_sided,3.228627831051176e-41,True
group_snapshot,2,dbscan_centroid_y_m,613,3078,group_motion,numeric,Current DBSCAN geometry and motion describe the time-local group state.,candidate,mann_whitney_u,0.3813645648166697,mann_whitney_u,613,3078,-1.0088413344208809,-1.7483394272254713,-0.962791,-1.9574829999999999,1303189.0,2.0236791163185452e-50,rank_biserial,two_sided,1.4165753814229816e-49,True
group_snapshot,3,dbscan_centroid_y_m,770,2921,group_motion,numeric,Current DBSCAN geometry and motion describe the time-local group state.,candidate,mann_whitney_u,0.31392113535215205,mann_whitney_u,770,2921,-1.142083435064935,-1.752962769599452,-1.0590255,-1.959963,1477616.0,4.601088993949515e-41,rank_biserial,two_sided,2.2036794655231887e-40,True
group_snapshot,1,dbscan_spread_m,316,3375,group_motion,numeric,Current DBSCAN geometry and motion describe the time-local group state.,candidate,mann_whitney_u,0.18156211908110653,mann_whitney_u,316,3375,0.7021590537974683,0.6213243368888889,0.6624155,0.583762,630068.0,9.050616509873721e-08,rank_biserial,two_sided,3.167715778455802e-07,True
group_snapshot,2,dbscan_spread_m,613,3078,group_motion,numeric,Current DBSCAN geometry and motion describe the time-local group state.,candidate,mann_whitney_u,0.15822280309558856,mann_whitney_u,613,3078,0.6905245986949429,0.6158415591293047,0.643728,0.5769774999999999,1092675.5,5.817620314505428e-10,rank_biserial,two_sided,1.3194154942663876e-09,True
group_snapshot,3,dbscan_spread_m,770,2921,group_motion,numeric,Current DBSCAN geometry and motion describe the time-local group state.,candidate,mann_whitney_u,0.14349871285852123,mann_whitney_u,770,2921,0.6798569636363636,0.6146395193426909,0.6372519999999999,0.575641,1285961.5,8.536362428461419e-10,rank_biserial,two_sided,1.6183520437291441e-09,True
group_snapshot,1,dbscan_mean_vx_mps,316,3375,group_motion,numeric,Current DBSCAN geometry and motion describe the time-local group state.,candidate,mann_whitney_u,-0.09373277074542896,mann_whitney_u,316,3375,-0.06095526582278481,0.01690631792592592,-0.053363,0.000159,483267.0,0.005792713278739266,rank_biserial,two_sided,0.009091470281369026,True
group_snapshot,2,dbscan_mean_vx_mps,613,3078,group_motion,numeric,Current DBSCAN geometry and motion describe the time-local group state.,candidate,mann_whitney_u,-0.04324644612558526,mann_whitney_u,613,3078,-0.042283820554649264,0.020700760558804418,-0.009447,-0.000481,902608.0,0.09039428383717373,rank_biserial,two_sided,0.11116053823220011,False
group_snapshot,3,dbscan_mean_vx_mps,770,2921,group_motion,numeric,Current DBSCAN geometry and motion describe the time-local group state.,candidate,mann_whitney_u,-0.027942752215261657,mann_whitney_u,770,2921,-0.03356688311688312,0.02178824340979116,-0.003437,-0.000941,1093161.0,0.2322641211418054,rank_biserial,two_sided,0.2546510243843891,False
group_snapshot,1,dbscan_mean_vy_mps,316,3375,group_motion,numeric,Current DBSCAN geometry and motion describe the time-local group state.,candidate,mann_whitney_u,0.4067585560243787,mann_whitney_u,316,3375,0.6061691518987342,-0.08113393037037035,0.6204155,-0.038405,750154.0,4.851910238209119e-33,rank_biserial,two_sided,3.396337166746384e-32,True
group_snapshot,2,dbscan_mean_vy_mps,613,3078,group_motion,numeric,Current DBSCAN geometry and motion describe the time-local group state.,candidate,mann_whitney_u,0.37260800481658496,mann_whitney_u,613,3078,0.4516149967373572,-0.11667237037037036,0.399898,-0.054692500000000005,1294928.0,3.2670681790582874e-48,rank_biserial,two_sided,1.858145026839401e-47,True
group_snapshot,3,dbscan_mean_vy_mps,770,2921,group_motion,numeric,Current DBSCAN geometry and motion describe the time-local group state.,candidate,mann_whitney_u,0.36985999279734294,mann_whitney_u,770,2921,0.4149274168831169,-0.13754593426908593,0.350139,-0.061287,1540524.0,2.5851977270164283e-56,rank_biserial,two_sided,1.6803785225606785e-55,True
group_snapshot,1,dbscan_mean_speed_mps,316,3375,group_motion,numeric,Current DBSCAN geometry and motion describe the time-local group state.,candidate,mann_whitney_u,0.45825222691045475,mann_whitney_u,316,3375,1.604297490506329,0.9683544574814814,1.459745,0.756221,777613.0,1.7895294703695934e-41,rank_biserial,two_sided,1.809413131151478e-40,True
group_snapshot,2,dbscan_mean_speed_mps,613,3078,group_motion,numeric,Current DBSCAN geometry and motion describe the time-local group state.,candidate,mann_whitney_u,0.3861408702712614,mann_whitney_u,613,3078,1.4195514420880915,0.9437846871345029,1.280578,0.712082,1307695.0,1.2032184659229738e-51,rank_biserial,two_sided,9.124406699915885e-51,True
group_snapshot,3,dbscan_mean_speed_mps,770,2921,group_motion,numeric,Current DBSCAN geometry and motion describe the time-local group state.,candidate,mann_whitney_u,0.36683487686568816,mann_whitney_u,770,2921,1.3663901792207793,0.9322265878123929,1.245521,0.693003,1537122.0,1.9974045446486207e-55,rank_biserial,two_sided,1.21175875708683e-54,True
group_snapshot,1,group_male_ratio,316,3375,group_demography,numeric,Group demographic composition is a prespecified explanatory hypothesis.,theory_mandatory,mann_whitney_u,0.08973370839193628,mann_whitney_u,316,3375,0.7085993417721519,0.6473990195555555,0.75,0.666667,581100.5,0.005794563476037401,rank_biserial,two_sided,0.009091470281369026,True
group_snapshot,2,group_male_ratio,613,3078,group_demography,numeric,Group demographic composition is a prespecified explanatory hypothesis.,theory_mandatory,mann_whitney_u,0.07258108112405348,mann_whitney_u,613,3078,0.6929556574225123,0.644609247888239,0.75,0.666667,1011880.5,0.0029927612183143497,rank_biserial,two_sided,0.004392601143009771,True
group_snapshot,3,group_male_ratio,770,2921,group_demography,numeric,Group demographic composition is a prespecified explanatory hypothesis.,theory_mandatory,mann_whitney_u,0.04394109827180692,mann_whitney_u,770,2921,0.6757628246753248,0.6465428647723382,0.666667,0.666667,1174000.5,0.049747737334692246,rank_biserial,two_sided,0.05959727916537933,False
group_snapshot,1,group_female_ratio,316,3375,group_demography,numeric,Group demographic composition is a prespecified explanatory hypothesis.,theory_mandatory,mann_whitney_u,0.00502859821847168,mann_whitney_u,316,3375,0.14178468037974684,0.14761486133333332,0.0,0.0,535931.5,0.8558548411744558,rank_biserial,two_sided,0.8850317107599485,False
group_snapshot,2,group_female_ratio,613,3078,group_demography,numeric,Group demographic composition is a prespecified explanatory hypothesis.,theory_mandatory,mann_whitney_u,0.006014901309826959,mann_whitney_u,613,3078,0.14818995269168025,0.14690177875243665,0.0,0.0,949081.5,0.7725539900470139,rank_biserial,two_sided,0.7899147538682951,False
group_snapshot,3,group_female_ratio,770,2921,group_demography,numeric,Group demographic composition is a prespecified explanatory hypothesis.,theory_mandatory,mann_whitney_u,0.03010532774312291,mann_whitney_u,770,2921,0.15921918571428573,0.1439251431016775,0.0,0.0,1158441.0,0.11420033205003051,rank_biserial,two_sided,0.12829913847596022,False
group_snapshot,1,group_unknown_gender_ratio,316,3375,group_demography,numeric,Group demographic composition is a prespecified explanatory hypothesis.,reference_not_jointly_encoded,mann_whitney_u,-0.08871823722456629,mann_whitney_u,316,3375,0.14961594303797468,0.20498609540740742,0.0,0.0,485941.0,0.0030233840285149075,rank_biserial,two_sided,0.004912999046336725,True
group_snapshot,2,group_unknown_gender_ratio,613,3078,group_demography,numeric,Group demographic composition is a prespecified explanatory hypothesis.,reference_not_jointly_encoded,mann_whitney_u,-0.06920024973314809,mann_whitney_u,613,3078,0.15885435889070149,0.20848894996751138,0.0,0.0,878123.0,0.002094501424594013,rank_biserial,two_sided,0.0031245840924271342,True
group_snapshot,3,group_unknown_gender_ratio,770,2921,group_demography,numeric,Group demographic composition is a prespecified explanatory hypothesis.,reference_not_jointly_encoded,mann_whitney_u,-0.05682585131404028,mann_whitney_u,770,2921,0.16501796363636362,0.20953196781923997,0.0,0.0,1060679.5,0.005810345530158346,rank_biserial,two_sided,0.008261585050693897,True
group_snapshot,1,group_young_ratio,316,3375,group_demography,numeric,Group demographic composition is a prespecified explanatory hypothesis.,theory_mandatory,mann_whitney_u,0.02703703703703697,mann_whitney_u,316,3375,0.12569454113924053,0.11811015348148148,0.0,0.0,547667.5,0.3032029192193253,rank_biserial,two_sided,0.35770619428717726,False
group_snapshot,2,group_young_ratio,613,3078,group_demography,numeric,Group demographic composition is a prespecified explanatory hypothesis.,theory_mandatory,mann_whitney_u,0.02795135079557398,mann_whitney_u,613,3078,0.12668604730831973,0.1171808628979857,0.0,0.0,969776.5,0.15683723151131185,rank_biserial,two_sided,0.1829767700965305,False
group_snapshot,3,group_young_ratio,770,2921,group_demography,numeric,Group demographic composition is a prespecified explanatory hypothesis.,theory_mandatory,mann_whitney_u,0.0059301875803075,mann_whitney_u,770,2921,0.11938339350649352,0.11859501198219786,0.0,0.0,1131254.0,0.742961537669581,rank_biserial,two_sided,0.7682897719083166,False
group_snapshot,1,group_adult_ratio,316,3375,group_demography,numeric,Group demographic composition is a prespecified explanatory hypothesis.,theory_mandatory,mann_whitney_u,-0.021313642756680684,mann_whitney_u,316,3375,0.33415516139240503,0.346567296,0.333333,0.333333,521884.5,0.5118285872335198,rank_biserial,two_sided,0.5544809695029798,False
group_snapshot,2,group_adult_ratio,613,3078,group_demography,numeric,Group demographic composition is a prespecified explanatory hypothesis.,theory_mandatory,mann_whitney_u,0.003929905120483523,mann_whitney_u,613,3078,0.35031419575856443,0.3445468008447044,0.333333,0.333333,947114.5,0.8721977701935313,rank_biserial,two_sided,0.8721977701935314,False
group_snapshot,3,group_adult_ratio,770,2921,group_demography,numeric,Group demographic composition is a prespecified explanatory hypothesis.,theory_mandatory,mann_whitney_u,0.018382336595277327,mann_whitney_u,770,2921,0.3591390194805195,0.3419105135227662,0.333333,0.333333,1145257.5,0.4112817968930571,rank_biserial,two_sided,0.44031345314433173,False
group_snapshot,1,group_old_ratio,316,3375,group_demography,numeric,Group demographic composition is a prespecified explanatory hypothesis.,theory_mandatory,mann_whitney_u,0.020267229254570918,mann_whitney_u,316,3375,0.03441968670886076,0.028774656592592592,0.0,0.0,544057.5,0.19369801792068497,rank_biserial,two_sided,0.24481277264975462,False
group_snapshot,2,group_old_ratio,613,3078,group_demography,numeric,Group demographic composition is a prespecified explanatory hypothesis.,theory_mandatory,mann_whitney_u,0.019411558320004074,mann_whitney_u,613,3078,0.03218788091353997,0.02867443664717349,0.0,0.0,961720.0,0.09776290170113826,rank_biserial,two_sided,0.1186189873973811,False
group_snapshot,3,group_old_ratio,770,2921,group_demography,numeric,Group demographic composition is a prespecified explanatory hypothesis.,theory_mandatory,mann_whitney_u,0.021065993233059244,mann_whitney_u,770,2921,0.03229517012987013,0.028457311194796303,0.0,0.0,1148275.5,0.0497735518304267,rank_biserial,two_sided,0.05959727916537933,False
group_snapshot,1,group_unknown_age_ratio,316,3375,group_demography,numeric,Group demographic composition is a prespecified explanatory hypothesis.,reference_not_jointly_encoded,mann_whitney_u,-0.005123300515705531,mann_whitney_u,316,3375,0.5057305632911392,0.5065478693333334,0.5,0.5,530518.0,0.8765552323607801,rank_biserial,two_sided,0.89625310275091,False
group_snapshot,2,group_unknown_age_ratio,613,3078,group_demography,numeric,Group demographic composition is a prespecified explanatory hypothesis.,reference_not_jointly_encoded,mann_whitney_u,-0.032224162000069945,mann_whitney_u,613,3078,0.49081182871125617,0.5095978771929824,0.5,0.5,913006.5,0.19368171714195126,rank_biserial,two_sided,0.22031295324896955,False
group_snapshot,3,group_unknown_age_ratio,770,2921,group_demography,numeric,Group demographic composition is a prespecified explanatory hypothesis.,reference_not_jointly_encoded,mann_whitney_u,-0.037861966858885765,mann_whitney_u,770,2921,0.48918237532467534,0.511037140705238,0.5,0.5,1082006.0,0.0954386845947333,rank_biserial,two_sided,0.10856150372650912,False
group_snapshot,1,member_distance_to_crossing_line_m_mean,316,3375,member_motion,numeric,Aggregated eligible-member motion may indicate whether any member is preparing to cross.,candidate,mann_whitney_u,-0.4555818096577591,mann_whitney_u,316,3375,0.9648323835443039,1.6551795498641975,0.91012325,1.8428775,290311.0,5.181663890433654e-41,rank_biserial,two_sided,4.715314140294626e-40,True
group_snapshot,2,member_distance_to_crossing_line_m_mean,613,3078,member_motion,numeric,Aggregated eligible-member motion may indicate whether any member is preparing to cross.,candidate,mann_whitney_u,-0.3687422289637452,mann_whitney_u,613,3078,1.1400514450108756,1.6868961917478882,1.052805,1.906547,595533.0,2.970053463615471e-47,rank_biserial,two_sided,1.5015270288278214e-46,True
group_snapshot,3,member_distance_to_crossing_line_m_mean,770,2921,member_motion,numeric,Aggregated eligible-member motion may indicate whether any member is preparing to cross.,candidate,mann_whitney_u,-0.30436116434062344,mann_whitney_u,770,2921,1.2380119987770564,1.6904651745749173,1.1732992500000001,1.9122705,782305.0,1.051664482651514e-38,rank_biserial,two_sided,4.5572127581565604e-38,True
group_snapshot,1,member_distance_to_crossing_line_m_min,316,3375,member_motion,numeric,Aggregated eligible-member motion may indicate whether any member is preparing to cross.,candidate,mann_whitney_u,-0.4967172995780591,mann_whitney_u,316,3375,0.6978957056962025,1.49824444,0.6077035,1.601071,268375.5,2.0214511665943862e-48,rank_biserial,two_sided,3.6790411232017834e-47,True
group_snapshot,2,member_distance_to_crossing_line_m_min,613,3078,member_motion,numeric,Aggregated eligible-member motion may indicate whether any member is preparing to cross.,candidate,mann_whitney_u,-0.4134191287535496,mann_whitney_u,613,3078,0.8801675448613376,1.539170670240416,0.79826,1.676063,553384.5,6.161819343822582e-59,rank_biserial,two_sided,5.607255602878549e-58,True
group_snapshot,3,member_distance_to_crossing_line_m_min,770,2921,member_motion,numeric,Aggregated eligible-member motion may indicate whether any member is preparing to cross.,candidate,mann_whitney_u,-0.34467381300657574,mann_whitney_u,770,2921,0.9947557662337663,1.54438482985279,0.8708,1.682141,736970.0,3.8448485634820185e-49,rank_biserial,two_sided,2.186757620480398e-48,True
group_snapshot,1,member_distance_to_crossing_line_m_max,316,3375,member_motion,numeric,Aggregated eligible-member motion may indicate whether any member is preparing to cross.,candidate,mann_whitney_u,-0.3977083919362401,mann_whitney_u,316,3375,1.2276478987341772,1.817238392,1.1671075,2.10744,321172.0,1.1630709934338961e-31,rank_biserial,two_sided,6.6149662751552845e-31,True
group_snapshot,2,member_distance_to_crossing_line_m_max,613,3078,member_motion,numeric,Aggregated eligible-member motion may indicate whether any member is preparing to cross.,candidate,mann_whitney_u,-0.30845965739071257,mann_whitney_u,613,3078,1.4010910897226756,1.8395865727745289,1.399987,2.1453275,652404.0,1.3818000583258223e-33,rank_biserial,two_sided,5.98780025274523e-33,True
group_snapshot,3,member_distance_to_crossing_line_m_max,770,2921,member_motion,numeric,Aggregated eligible-member motion may indicate whether any member is preparing to cross.,candidate,mann_whitney_u,-0.2523437534735036,mann_whitney_u,770,2921,1.4823972493506494,1.8417221591920578,1.5089055,2.145919,840803.0,3.931049156686204e-27,rank_biserial,two_sided,1.490522805243519e-26,True
group_snapshot,1,member_current_vy_mps_mean,316,3375,member_motion,numeric,Aggregated eligible-member motion may indicate whether any member is preparing to cross.,candidate,mann_whitney_u,0.3926019690576652,mann_whitney_u,316,3375,0.6138629282022302,-0.09986372859259258,0.6380039583333333,-0.0321923333333333,742605.0,6.7696964400488e-31,rank_biserial,two_sided,3.623778682614358e-30,True
group_snapshot,2,member_current_vy_mps_mean,613,3078,member_motion,numeric,Aggregated eligible-member motion may indicate whether any member is preparing to cross.,candidate,mann_whitney_u,0.3759618065161696,mann_whitney_u,613,3078,0.4776289491221938,-0.14160037183235866,0.425098,-0.046692,1298092.0,4.725888123105798e-49,rank_biserial,two_sided,2.8670387946841844e-48,True
group_snapshot,3,member_current_vy_mps_mean,770,2921,member_motion,numeric,Aggregated eligible-member motion may indicate whether any member is preparing to cross.,candidate,mann_whitney_u,0.37102842381856416,mann_whitney_u,770,2921,0.44396499878169443,-0.16600905434782606,0.3682085,-0.052529,1541838.0,1.1683780692357729e-56,rank_biserial,two_sided,8.17864648465041e-56,True
group_snapshot,1,member_current_vy_mps_min,316,3375,member_motion,numeric,Aggregated eligible-member motion may indicate whether any member is preparing to cross.,candidate,mann_whitney_u,0.15045100796999522,mann_whitney_u,316,3375,-0.2624774493670886,-0.4334268737777778,0.042606,-0.162306,613478.0,9.468478310432294e-06,rank_biserial,two_sided,2.55454934167988e-05,True
group_snapshot,2,member_current_vy_mps_min,613,3078,member_motion,numeric,Aggregated eligible-member motion may indicate whether any member is preparing to cross.,candidate,mann_whitney_u,0.14989235822926905,mann_whitney_u,613,3078,-0.26831514029363784,-0.44875938661468484,-0.027625,-0.1686,1084816.5,4.38139477310587e-09,rank_biserial,two_sided,8.667541833752916e-09,True
group_snapshot,3,member_current_vy_mps_min,770,2921,member_motion,numeric,Aggregated eligible-member motion may indicate whether any member is preparing to cross.,candidate,mann_whitney_u,0.16888229880355854,mann_whitney_u,770,2921,-0.22673972207792206,-0.4694176607326258,-0.0265145,-0.173143,1314507.5,5.207208433716914e-13,rank_biserial,two_sided,1.2150153012006132e-12,True
group_snapshot,1,member_current_vy_mps_max,316,3375,member_motion,numeric,Aggregated eligible-member motion may indicate whether any member is preparing to cross.,candidate,mann_whitney_u,0.5511898734177214,mann_whitney_u,316,3375,1.4940533037974684,0.23451660414814818,1.3039105,0.068774,827172.0,3.304488061265126e-59,rank_biserial,two_sided,1.0023613785837548e-57,True
group_snapshot,2,member_current_vy_mps_max,613,3078,member_motion,numeric,Aggregated eligible-member motion may indicate whether any member is preparing to cross.,candidate,mann_whitney_u,0.5274913160491708,mann_whitney_u,613,3078,1.2444876704730832,0.1626846786874594,1.0352,0.0499915,1441046.0,8.941836497760666e-95,rank_biserial,two_sided,2.7123570709874023e-93,True
group_snapshot,3,member_current_vy_mps_max,770,2921,member_motion,numeric,Aggregated eligible-member motion may indicate whether any member is preparing to cross.,candidate,mann_whitney_u,0.5082603804959163,mann_whitney_u,770,2921,1.1276961688311689,0.13532637213283122,0.86029,0.042948,1696167.0,1.1070298228859447e-104,rank_biserial,two_sided,3.3579904627540324e-103,True
group_snapshot,1,member_current_speed_mps_mean,316,3375,member_motion,numeric,Aggregated eligible-member motion may indicate whether any member is preparing to cross.,candidate,mann_whitney_u,0.4868607594936709,mann_whitney_u,316,3375,1.6170805865581677,0.9219588161950618,1.4123618333333332,0.599267,792868.5,1.3760453230982171e-46,rank_biserial,two_sided,2.0870020733656292e-45,True
group_snapshot,2,member_current_speed_mps_mean,613,3078,member_motion,numeric,Aggregated eligible-member motion may indicate whether any member is preparing to cross.,candidate,mann_whitney_u,0.42293623006825265,mann_whitney_u,613,3078,1.4226505252213937,0.8936074392625082,1.236201,0.548338,1342408.0,1.3487932001585643e-61,rank_biserial,two_sided,1.534252265180367e-60,True
group_snapshot,3,member_current_speed_mps_mean,770,2921,member_motion,numeric,Aggregated eligible-member motion may indicate whether any member is preparing to cross.,candidate,mann_whitney_u,0.40465860739739545,mann_whitney_u,770,2921,1.364207070360235,0.8805782354787173,1.16722175,0.526467,1579658.0,4.7590936731485594e-67,rank_biserial,two_sided,4.811972491739099e-66,True
group_snapshot,1,member_current_speed_mps_min,316,3375,member_motion,numeric,Aggregated eligible-member motion may indicate whether any member is preparing to cross.,candidate,mann_whitney_u,0.3468663853727145,mann_whitney_u,316,3375,1.0428157974683545,0.6759224234074074,0.7662685,0.311163,718216.5,1.7690319223945474e-24,rank_biserial,two_sided,7.665804997043038e-24,True
group_snapshot,2,member_current_speed_mps_min,613,3078,member_motion,numeric,Aggregated eligible-member motion may indicate whether any member is preparing to cross.,candidate,mann_whitney_u,0.3008621941537428,mann_whitney_u,613,3078,0.9185563327895595,0.6652673615984406,0.689704,0.2831715,1227242.5,4.924064571025299e-32,rank_biserial,two_sided,2.0367721634695556e-31,True
group_snapshot,3,member_current_speed_mps_min,770,2921,member_motion,numeric,Aggregated eligible-member motion may indicate whether any member is preparing to cross.,candidate,mann_whitney_u,0.30991610238443523,mann_whitney_u,770,2921,0.9140069922077922,0.652852648750428,0.68799,0.267659,1473112.0,4.5700625425430765e-40,rank_biserial,two_sided,2.0793784568570998e-39,True
group_snapshot,1,member_current_speed_mps_max,316,3375,member_motion,numeric,Aggregated eligible-member motion may indicate whether any member is preparing to cross.,candidate,mann_whitney_u,0.5129338959212377,mann_whitney_u,316,3375,2.2611659113924047,1.2053971318518517,1.9299295,0.783352,806772.0,1.6245773122785863e-51,rank_biserial,two_sided,3.6959133854337837e-50,True
group_snapshot,2,member_current_speed_mps_max,613,3078,member_motion,numeric,Aggregated eligible-member motion may indicate whether any member is preparing to cross.,candidate,mann_whitney_u,0.4464467615779828,mann_whitney_u,613,3078,2.003181659053834,1.1549036358024691,1.649362,0.7201555,1364588.0,2.0035485979712232e-68,rank_biserial,two_sided,4.5580730603845325e-67,True
group_snapshot,3,member_current_speed_mps_max,770,2921,member_motion,numeric,Aggregated eligible-member motion may indicate whether any member is preparing to cross.,candidate,mann_whitney_u,0.41811868378112815,mann_whitney_u,770,2921,1.8789005207792207,1.1420713272851764,1.5609385,0.684656,1594795.0,1.8549696940071925e-71,rank_biserial,two_sided,2.4114606022093503e-70,True
group_snapshot,1,member_history_mean_vy_mps_mean,316,3375,member_motion,numeric,Aggregated eligible-member motion may indicate whether any member is preparing to cross.,candidate,mann_whitney_u,0.3759999999999999,mann_whitney_u,316,3375,0.367813363619215,-0.0869338909038837,0.3072132015873016,-0.0128967619047619,733752.0,1.7794544196807943e-28,rank_biserial,two_sided,8.522650115313278e-28,True
group_snapshot,2,member_history_mean_vy_mps_mean,613,3078,member_motion,numeric,Aggregated eligible-member motion may indicate whether any member is preparing to cross.,candidate,mann_whitney_u,0.4379435386847883,mann_whitney_u,613,3078,0.3659914896383947,-0.13045017610307716,0.3184809523809523,-0.02063433730158725,1356566.0,6.51216929067013e-66,rank_biserial,two_sided,9.876790090849697e-65,True
group_snapshot,3,member_history_mean_vy_mps_mean,770,2921,member_motion,numeric,Aggregated eligible-member motion may indicate whether any member is preparing to cross.,candidate,mann_whitney_u,0.4688173859690463,mann_whitney_u,770,2921,0.36278288769525874,-0.1562874640268007,0.31671315864661653,-0.0255468809523809,1651810.0,2.3635487086117563e-89,rank_biserial,two_sided,5.377073312091745e-88,True
group_snapshot,1,member_history_mean_vy_mps_min,316,3375,member_motion,numeric,Aggregated eligible-member motion may indicate whether any member is preparing to cross.,candidate,mann_whitney_u,0.14103516174402242,mann_whitney_u,316,3375,-0.005024703397003899,-0.22036630315970626,-0.016732976190476152,-0.0599139999999999,608457.0,3.29893913026768e-05,rank_biserial,two_sided,8.113607050117807e-05,True
group_snapshot,2,member_history_mean_vy_mps_min,613,3078,member_motion,numeric,Aggregated eligible-member motion may indicate whether any member is preparing to cross.,candidate,mann_whitney_u,0.2078392464758052,mann_whitney_u,613,3078,0.03696959306345404,-0.24950826510245586,0.0146568095238095,-0.06594061904761905,1139484.0,4.0166860246415533e-16,rank_biserial,two_sided,1.4058401086245435e-15,True
group_snapshot,3,member_history_mean_vy_mps_min,770,2921,member_motion,numeric,Aggregated eligible-member motion may indicate whether any member is preparing to cross.,candidate,mann_whitney_u,0.24445551025489398,mann_whitney_u,770,2921,0.06120526498558276,-0.2712948077632183,0.0213203053221288,-0.0700098571428571,1399496.0,1.456477747397434e-25,rank_biserial,two_sided,5.097672115891019e-25,True
group_snapshot,1,member_history_mean_vy_mps_max,316,3375,member_motion,numeric,Aggregated eligible-member motion may indicate whether any member is preparing to cross.,candidate,mann_whitney_u,0.5873980309423348,mann_whitney_u,316,3375,0.7566151906578523,0.04844434930804006,0.8667303020050126,0.0172995714285714,846480.0,5.416464350487053e-67,rank_biserial,two_sided,2.464491279471609e-65,True
group_snapshot,2,member_history_mean_vy_mps_max,613,3078,member_motion,numeric,Aggregated eligible-member motion may indicate whether any member is preparing to cross.,candidate,mann_whitney_u,0.6331201697676612,mann_whitney_u,613,3078,0.7148792073004747,-0.011575982752655778,0.8006125714285713,0.01026340476190465,1540697.0,1.1433970118569001e-135,rank_biserial,two_sided,1.0404912807897792e-133,True
group_snapshot,3,member_history_mean_vy_mps_max,770,2921,member_motion,numeric,Aggregated eligible-member motion may indicate whether any member is preparing to cross.,candidate,mann_whitney_u,0.6441345029499772,mann_whitney_u,770,2921,0.6798755397962126,-0.04139475743942733,0.7638526190476189,0.0071991428571428,1848969.0,6.327527621633409e-167,rank_biserial,two_sided,5.758050135686402e-165,True
group_snapshot,1,member_history_mean_speed_mps_mean,316,3375,member_motion,numeric,Aggregated eligible-member motion may indicate whether any member is preparing to cross.,candidate,mann_whitney_u,0.45461978434130335,mann_whitney_u,316,3375,1.4671363737162972,0.9636764224419748,1.4489783809523809,0.9213518571428572,775676.0,7.588480947870022e-41,rank_biserial,two_sided,6.277743329601564e-40,True
group_snapshot,2,member_history_mean_speed_mps_mean,613,3078,member_motion,numeric,Aggregated eligible-member motion may indicate whether any member is preparing to cross.,candidate,mann_whitney_u,0.4065011177572353,mann_whitney_u,613,3078,1.3834776754033864,0.9317580262552762,1.3320409857142856,0.8559519047619046,1326903.0,4.8460460976674185e-57,rank_biserial,two_sided,4.009001771706683e-56,True
group_snapshot,3,member_history_mean_speed_mps_mean,770,2921,member_motion,numeric,Aggregated eligible-member motion may indicate whether any member is preparing to cross.,candidate,mann_whitney_u,0.39643335096946863,mann_whitney_u,770,2921,1.3505983352029374,0.9161459437623259,1.3161485238095239,0.820647492063492,1570408.0,2.001510093615021e-64,rank_biserial,two_sided,1.8213741851896692e-63,True
group_snapshot,1,member_history_mean_speed_mps_min,316,3375,member_motion,numeric,Aggregated eligible-member motion may indicate whether any member is preparing to cross.,candidate,mann_whitney_u,0.35940928270042205,mann_whitney_u,316,3375,1.1959713884337535,0.8063414408537558,1.252213738095238,0.6793289523809524,724905.0,3.677418604496319e-26,rank_biserial,two_sided,1.6732254650458253e-25,True
group_snapshot,2,member_history_mean_speed_mps_min,613,3078,member_motion,numeric,Aggregated eligible-member motion may indicate whether any member is preparing to cross.,candidate,mann_whitney_u,0.3156824149068218,mann_whitney_u,613,3078,1.1195743914683993,0.7839604352359856,1.0906907142857143,0.6377277142857142,1241224.0,4.2628804908395624e-35,rank_biserial,two_sided,1.939610623332001e-34,True
group_snapshot,3,member_history_mean_speed_mps_min,770,2921,member_motion,numeric,Aggregated eligible-member motion may indicate whether any member is preparing to cross.,candidate,mann_whitney_u,0.3190127913852665,mann_whitney_u,770,2921,1.1011339620833078,0.7707826671764276,1.082624404761905,0.608784380952381,1483342.0,2.3823148072943397e-42,rank_biserial,two_sided,1.2043924859099164e-41,True
group_snapshot,1,member_history_mean_speed_mps_max,316,3375,member_motion,numeric,Aggregated eligible-member motion may indicate whether any member is preparing to cross.,candidate,mann_whitney_u,0.4695377402719174,mann_whitney_u,316,3375,1.767020618078626,1.136885023613523,1.6853357142857142,1.0962369047619047,783631.0,1.87036626056241e-43,rank_biserial,two_sided,2.431476138731133e-42,True
group_snapshot,2,member_history_mean_speed_mps_max,613,3078,member_motion,numeric,Aggregated eligible-member motion may indicate whether any member is preparing to cross.,candidate,mann_whitney_u,0.44117438178856005,mann_whitney_u,613,3078,1.6866103940080517,1.0920965882006337,1.6091660476190477,1.026151976190476,1359614.0,7.327555334415513e-67,rank_biserial,two_sided,1.3336150708636233e-65,True
group_snapshot,3,member_history_mean_speed_mps_max,770,2921,member_motion,numeric,Aggregated eligible-member motion may indicate whether any member is preparing to cross.,candidate,mann_whitney_u,0.42258966641027573,mann_whitney_u,770,2921,1.6335595195676786,1.0741268880319663,1.5575356904761903,0.985806142857143,1599823.0,5.916119337533092e-73,rank_biserial,two_sided,8.972780995258522e-72,True
group_snapshot,1,member_history_y_displacement_m_mean,316,3375,member_motion,numeric,Aggregated eligible-member motion may indicate whether any member is preparing to cross.,candidate,mann_whitney_u,0.37824097515236765,mann_whitney_u,316,3375,0.7357472534132007,-0.17284166111851854,0.65549875,-0.0241483333333334,734947.0,8.505067924641023e-29,rank_biserial,two_sided,4.2997843396796275e-28,True
group_snapshot,2,member_history_y_displacement_m_mean,613,3078,member_motion,numeric,Aggregated eligible-member motion may indicate whether any member is preparing to cross.,candidate,mann_whitney_u,0.4366630733077028,mann_whitney_u,613,3078,0.7223434146877186,-0.25784307582846006,0.6675339999999998,-0.03722299999999995,1355358.0,1.5410944775477647e-65,rank_biserial,two_sided,2.003422820812094e-64,True
group_snapshot,3,member_history_y_displacement_m_mean,770,2921,member_motion,numeric,Aggregated eligible-member motion may indicate whether any member is preparing to cross.,candidate,mann_whitney_u,0.4658803025115932,mann_whitney_u,770,2921,0.7170858214115646,-0.3091408958176424,0.66104725,-0.047271,1648507.0,2.922606111123569e-88,rank_biserial,two_sided,5.3191431222448955e-87,True
group_snapshot,1,member_history_y_displacement_m_min,316,3375,member_motion,numeric,Aggregated eligible-member motion may indicate whether any member is preparing to cross.,candidate,mann_whitney_u,0.13940553211439277,mann_whitney_u,316,3375,-0.014963677215189907,-0.4427413185185185,-0.0316925,-0.119732,607588.0,4.064003842136393e-05,rank_biserial,two_sided,9.482675631651582e-05,True
group_snapshot,2,member_history_y_displacement_m_min,613,3078,member_motion,numeric,Aggregated eligible-member motion may indicate whether any member is preparing to cross.,candidate,mann_whitney_u,0.20447060494569147,mann_whitney_u,613,3078,0.0599546590538336,-0.4989384918778428,0.0205550000000001,-0.13592199999999985,1136306.0,1.1834897091452515e-15,rank_biserial,two_sided,3.988798649341403e-15,True
group_snapshot,3,member_history_y_displacement_m_min,770,2921,member_motion,numeric,Aggregated eligible-member motion may indicate whether any member is preparing to cross.,candidate,mann_whitney_u,0.241232988168969,mann_whitney_u,770,2921,0.11067259870129871,-0.542347953782951,0.034358999999999945,-0.1421509999999999,1395872.0,6.167428249661187e-25,rank_biserial,two_sided,2.078651743404326e-24,True
group_snapshot,1,member_history_y_displacement_m_max,316,3375,member_motion,numeric,Aggregated eligible-member motion may indicate whether any member is preparing to cross.,candidate,mann_whitney_u,0.5878612283169244,mann_whitney_u,316,3375,1.5138938006329117,0.10164639762962963,1.7051290000000003,0.0426950000000001,846727.0,4.274987078426835e-67,rank_biserial,two_sided,2.464491279471609e-65,True
group_snapshot,2,member_history_y_displacement_m_max,613,3078,member_motion,numeric,Aggregated eligible-member motion may indicate whether any member is preparing to cross.,candidate,mann_whitney_u,0.6308814753335517,mann_whitney_u,613,3078,1.4208512838499183,-0.016093178687459398,1.5780530000000002,0.02602749999999995,1538585.0,1.0041637537642546e-134,rank_biserial,two_sided,4.568945079627359e-133,True
group_snapshot,3,member_history_y_displacement_m_max,770,2921,member_motion,numeric,Aggregated eligible-member motion may indicate whether any member is preparing to cross.,candidate,mann_whitney_u,0.6408319513420506,mann_whitney_u,770,2921,1.3518057753246753,-0.07512612598425199,1.5095965000000002,0.0182609999999998,1845255.0,3.073243537570987e-165,rank_biserial,two_sided,1.3983258095947992e-163,True
group_snapshot,1,member_window_low_speed_fraction_mean,316,3375,member_waiting,numeric,Aggregated waiting behaviour may affect whether any member initiates crossing.,candidate,mann_whitney_u,-0.4028720112517581,mann_whitney_u,316,3375,0.22290348749241348,0.46886549855939774,0.1515873015873015,0.4285714285714285,318418.5,1.657483699028223e-32,rank_biserial,two_sided,1.077364404368345e-31,True
group_snapshot,2,member_window_low_speed_fraction_mean,613,3078,member_waiting,numeric,Aggregated waiting behaviour may affect whether any member initiates crossing.,candidate,mann_whitney_u,-0.37618069401647436,mann_whitney_u,613,3078,0.2515412781265449,0.4868953074054574,0.1904761904761904,0.4603174603174603,588515.5,3.333624858504914e-49,rank_biserial,two_sided,2.1668561580281942e-48,True
group_snapshot,3,member_window_low_speed_fraction_mean,770,2921,member_waiting,numeric,Aggregated waiting behaviour may affect whether any member initiates crossing.,candidate,mann_whitney_u,-0.37814215910758187,mann_whitney_u,770,2921,0.26007004036330106,0.4972970313611189,0.1904761904761904,0.4761904761904761,699332.0,6.7332913747976566e-59,rank_biserial,two_sided,5.5702683191507884e-58,True
group_snapshot,1,member_window_low_speed_fraction_min,316,3375,member_waiting,numeric,Aggregated waiting behaviour may affect whether any member initiates crossing.,candidate,mann_whitney_u,-0.44782559774964836,mann_whitney_u,316,3375,0.13128571576309844,0.3948201862681394,0.0476190476190476,0.3125,294447.0,4.911662396948965e-40,rank_biserial,two_sided,3.7246773176862984e-39,True
group_snapshot,2,member_window_low_speed_fraction_min,613,3078,member_waiting,numeric,Aggregated waiting behaviour may affect whether any member initiates crossing.,candidate,mann_whitney_u,-0.419051374433304,mann_whitney_u,613,3078,0.157420535112531,0.4150440632917896,0.0952380952380952,0.3333333333333333,548071.0,4.819848928825218e-61,rank_biserial,two_sided,4.873402805812164e-60,True
group_snapshot,3,member_window_low_speed_fraction_min,770,2921,member_waiting,numeric,Aggregated waiting behaviour may affect whether any member initiates crossing.,candidate,mann_whitney_u,-0.4119733057083279,mann_whitney_u,770,2921,0.16958645021006805,0.42568396034726375,0.0952380952380952,0.375,661286.0,4.758697747230349e-70,rank_biserial,two_sided,5.413018687474522e-69,True
group_snapshot,1,member_window_low_speed_fraction_max,316,3375,member_waiting,numeric,Aggregated waiting behaviour may affect whether any member initiates crossing.,candidate,mann_whitney_u,-0.337549929676512,mann_whitney_u,316,3375,0.31243525752517304,0.5393968088339949,0.1952380952380952,0.5238095238095238,353251.5,1.5263230243977448e-23,rank_biserial,two_sided,6.313427055463399e-23,True
group_snapshot,2,member_window_low_speed_fraction_max,613,3078,member_waiting,numeric,Aggregated waiting behaviour may affect whether any member initiates crossing.,candidate,mann_whitney_u,-0.3177234215985253,mann_whitney_u,613,3078,0.3411230241502743,0.5555832870008347,0.238095238095238,0.5714285714285714,643664.5,5.835549688032429e-36,rank_biserial,two_sided,2.794921166373427e-35,True
group_snapshot,3,member_window_low_speed_fraction_max,770,2921,member_waiting,numeric,Aggregated waiting behaviour may affect whether any member initiates crossing.,candidate,mann_whitney_u,-0.3223344611567823,mann_whitney_u,770,2921,0.34758858328020203,0.5654058754080561,0.25,0.5882352941176471,762092.5,9.990321353898954e-44,rank_biserial,two_sided,5.347760254145911e-43,True
group_snapshot,1,member_waiting_band_dwell_sec_mean,316,3375,member_waiting,numeric,Aggregated waiting behaviour may affect whether any member initiates crossing.,candidate,mann_whitney_u,-0.16418846694796063,mann_whitney_u,316,3375,3.530958408679925,8.118217530864197,2.1464285714285616,3.000000000000091,445696.5,1.341665136864102e-06,rank_biserial,two_sided,4.07616209223344e-06,True
group_snapshot,2,member_waiting_band_dwell_sec_mean,613,3078,member_waiting,numeric,Aggregated waiting behaviour may affect whether any member initiates crossing.,candidate,mann_whitney_u,-0.16397853736510326,mann_whitney_u,613,3078,3.706887477666432,8.525810591293045,2.199999999999909,3.149999999999954,788708.5,1.3555517558470648e-10,rank_biserial,two_sided,3.333924588704943e-10,True
group_snapshot,3,member_waiting_band_dwell_sec_mean,770,2921,member_waiting,numeric,Aggregated waiting behaviour may affect whether any member initiates crossing.,candidate,mann_whitney_u,-0.20353597104709742,mann_whitney_u,770,2921,3.57264981447124,8.820207691429873,2.1499999999999546,3.299999999999818,895691.5,3.277223137296582e-18,rank_biserial,two_sided,1.065097519621389e-17,True
group_snapshot,1,member_waiting_band_dwell_sec_min,316,3375,member_waiting,numeric,Aggregated waiting behaviour may affect whether any member initiates crossing.,candidate,mann_whitney_u,-0.24017346460384437,mann_whitney_u,316,3375,1.8351265822784828,6.525066666666667,1.3999999999999546,1.9999999999999771,405177.5,1.532405511035877e-12,rank_biserial,two_sided,5.8103708960110335e-12,True
group_snapshot,2,member_waiting_band_dwell_sec_min,613,3078,member_waiting,numeric,Aggregated waiting behaviour may affect whether any member initiates crossing.,candidate,mann_whitney_u,-0.2464249258273471,mann_whitney_u,613,3078,1.8691680261011452,6.970825211176086,1.3999999999999546,2.1,710928.0,4.883472134615057e-22,rank_biserial,two_sided,1.8516498510415425e-21,True
group_snapshot,3,member_waiting_band_dwell_sec_min,770,2921,member_waiting,numeric,Aggregated waiting behaviour may affect whether any member initiates crossing.,candidate,mann_whitney_u,-0.2681037893978667,mann_whitney_u,770,2921,1.8912987012987024,7.239198904484764,1.2999999999998182,2.1,823079.5,2.0088216455438843e-30,rank_biserial,two_sided,7.947946510630151e-30,True
group_snapshot,1,member_waiting_band_dwell_sec_max,316,3375,member_waiting,numeric,Aggregated waiting behaviour may affect whether any member initiates crossing.,candidate,mann_whitney_u,-0.11085794655414904,mann_whitney_u,316,3375,5.404113924050628,9.637985185185185,2.699999999999909,3.6,474135.0,0.0011002448868413465,rank_biserial,two_sided,0.0018541163833807875,True
group_snapshot,2,member_waiting_band_dwell_sec_max,613,3078,member_waiting,numeric,Aggregated waiting behaviour may affect whether any member initiates crossing.,candidate,mann_whitney_u,-0.11322154700993314,mann_whitney_u,613,3078,5.560358890701466,10.01539961013645,2.699999999999909,3.699999999999966,836593.0,9.275062069399691e-06,rank_biserial,two_sided,1.5925106571988147e-05,True
group_snapshot,3,member_waiting_band_dwell_sec_max,770,2921,member_waiting,numeric,Aggregated waiting behaviour may affect whether any member initiates crossing.,candidate,mann_whitney_u,-0.1564835028032563,mann_whitney_u,770,2921,5.26454545454545,10.33283122218418,2.699999999999909,3.8000000000000456,948606.0,2.2318301798533886e-11,rank_biserial,two_sided,4.6158305992422357e-11,True
group_snapshot,1,member_waiting_low_speed_time_sec_mean,316,3375,member_waiting,numeric,Aggregated waiting behaviour may affect whether any member initiates crossing.,sensitivity_only,mann_whitney_u,-0.2689132676980778,mann_whitney_u,316,3375,1.6052230259192286,6.093925925925926,0.3,1.15,389852.0,2.1194923381421127e-15,rank_biserial,two_sided,8.385817511779664e-15,True
group_snapshot,2,member_waiting_low_speed_time_sec_mean,613,3078,member_waiting,numeric,Aggregated waiting behaviour may affect whether any member initiates crossing.,sensitivity_only,mann_whitney_u,-0.2555249219053919,mann_whitney_u,613,3078,1.807477666433621,6.486766298462206,0.4,1.3,702343.0,1.1504425128101838e-23,rank_biserial,two_sided,4.5517508115533357e-23,True
group_snapshot,3,member_waiting_low_speed_time_sec_mean,770,2921,member_waiting,numeric,Aggregated waiting behaviour may affect whether any member initiates crossing.,sensitivity_only,mann_whitney_u,-0.2810169973812562,mann_whitney_u,770,2921,1.7334183673469388,6.7577947050097,0.4,1.4,808557.5,2.1708141180301844e-33,rank_biserial,two_sided,8.979276579124853e-33,True
group_snapshot,1,member_waiting_low_speed_time_sec_min,316,3375,member_waiting,numeric,Aggregated waiting behaviour may affect whether any member initiates crossing.,sensitivity_only,mann_whitney_u,-0.39507172995780593,mann_whitney_u,316,3375,0.4832278481012658,4.7366222222222225,0.0,0.5,322578.0,3.52420924630383e-32,rank_biserial,two_sided,2.1380202760909906e-31,True
group_snapshot,2,member_waiting_low_speed_time_sec_min,613,3078,member_waiting,numeric,Aggregated waiting behaviour may affect whether any member initiates crossing.,sensitivity_only,mann_whitney_u,-0.3646543856469159,mann_whitney_u,613,3078,0.5556280587275694,5.132618583495776,0.1,0.6000000000000001,599389.5,1.259530147178836e-47,rank_biserial,two_sided,6.742190787839652e-47,True
group_snapshot,3,member_waiting_low_speed_time_sec_min,770,2921,member_waiting,numeric,Aggregated waiting behaviour may affect whether any member initiates crossing.,sensitivity_only,mann_whitney_u,-0.36929133858267715,mann_whitney_u,770,2921,0.6015584415584415,5.366518315645327,0.1,0.7000000000000001,709285.5,7.940381263663137e-58,rank_biserial,two_sided,6.021455791611213e-57,True
group_snapshot,1,member_waiting_low_speed_time_sec_max,316,3375,member_waiting,numeric,Aggregated waiting behaviour may affect whether any member initiates crossing.,sensitivity_only,mann_whitney_u,-0.2236887013595874,mann_whitney_u,316,3375,2.90126582278481,7.429362962962964,0.4,1.5,413968.0,4.089627176934439e-11,rank_biserial,two_sided,1.488624292404136e-10,True
group_snapshot,2,member_waiting_low_speed_time_sec_max,613,3078,member_waiting,numeric,Aggregated waiting behaviour may affect whether any member initiates crossing.,sensitivity_only,mann_whitney_u,-0.21612199188685266,mann_whitney_u,613,3078,3.117944535073409,7.823131903833658,0.5,1.6,739516.0,2.1995998368317468e-17,rank_biserial,two_sided,8.006543406067558e-17,True
group_snapshot,3,member_waiting_low_speed_time_sec_max,770,2921,member_waiting,numeric,Aggregated waiting behaviour may affect whether any member initiates crossing.,sensitivity_only,mann_whitney_u,-0.24467114535584233,mann_whitney_u,770,2921,2.9264935064935065,8.12649777473468,0.5,1.7000000000000002,849431.5,1.012931319955134e-25,rank_biserial,two_sided,3.687070004636688e-25,True
group_snapshot,1,member_history_observed_fraction_mean,316,3375,data_quality,numeric,Observation quality may influence reliability and is retained for audit.,candidate,mann_whitney_u,-0.12161181434599155,mann_whitney_u,316,3375,0.9635433709348717,0.9702551440329219,0.988095238095238,1.0,468400.5,4.4993809364426426e-05,rank_biserial,two_sided,0.00010236091630407011,True
group_snapshot,2,member_history_observed_fraction_mean,613,3078,data_quality,numeric,Observation quality may influence reliability and is retained for audit.,candidate,mann_whitney_u,-0.15336222860334936,mann_whitney_u,613,3078,0.9610404575098119,0.9714012397248265,0.988095238095238,1.0,798724.0,7.699671925517445e-12,rank_biserial,two_sided,2.1895942038190234e-11,True
group_snapshot,3,member_history_observed_fraction_mean,770,2921,data_quality,numeric,Observation quality may influence reliability and is retained for audit.,candidate,mann_whitney_u,-0.15233663973821454,mann_whitney_u,770,2921,0.9612640987130783,0.9718991647783157,0.988095238095238,1.0,953269.5,1.1501342027823545e-13,rank_biserial,two_sided,2.907283679255396e-13,True
group_snapshot,1,member_history_observed_fraction_min,316,3375,data_quality,numeric,Observation quality may influence reliability and is retained for audit.,candidate,mann_whitney_u,-0.13078668541959682,mann_whitney_u,316,3375,0.941078963230862,0.9554991181657848,0.9523809523809524,1.0,463508.0,1.1015251511292465e-05,rank_biserial,two_sided,2.863965392936041e-05,True
group_snapshot,2,member_history_observed_fraction_min,613,3078,data_quality,numeric,Observation quality may influence reliability and is retained for audit.,candidate,mann_whitney_u,-0.16513339417663853,mann_whitney_u,613,3078,0.9370776042880448,0.9576874284476624,0.9523809523809524,1.0,787619.0,1.5468860428950049e-13,rank_biserial,two_sided,4.854021720808464e-13,True
group_snapshot,3,member_history_observed_fraction_min,770,2921,data_quality,numeric,Observation quality may influence reliability and is retained for audit.,candidate,mann_whitney_u,-0.1631375129492213,mann_whitney_u,770,2921,0.9377241805813235,0.9586247371252505,0.9523809523809524,1.0,941123.0,1.672813035358649e-15,rank_biserial,two_sided,4.910515684439905e-15,True
group_snapshot,1,member_history_observed_fraction_max,316,3375,data_quality,numeric,Observation quality may influence reliability and is retained for audit.,candidate,mann_whitney_u,-0.01585935302390995,mann_whitney_u,316,3375,0.9822182037371912,0.9827160493827162,1.0,1.0,524793.0,0.47366218874457133,rank_biserial,two_sided,0.519316375611518,False
group_snapshot,2,member_history_observed_fraction_max,613,3078,data_quality,numeric,Observation quality may influence reliability and is retained for audit.,candidate,mann_whitney_u,-0.01880259527436201,mann_whitney_u,613,3078,0.9813563271964578,0.9829357343977229,1.0,1.0,925668.5,0.25848966265367745,rank_biserial,two_sided,0.28686047928639813,False
group_snapshot,3,member_history_observed_fraction_max,770,2921,data_quality,numeric,Observation quality may influence reliability and is retained for audit.,candidate,mann_whitney_u,-0.026827229600252522,mann_whitney_u,770,2921,0.9813234384662958,0.9830292952511371,1.0,1.0,1094415.5,0.07836439596237589,rank_biserial,two_sided,0.09142512862277187,False
group_snapshot,1,member_history_interpolated_fraction_mean,316,3375,data_quality,numeric,Observation quality may influence reliability and is retained for audit.,candidate,mann_whitney_u,0.09147022972339425,mann_whitney_u,316,3375,0.02524218548178764,0.022584832451499108,0.0,0.0,582026.5,0.0015599681250077423,rank_biserial,two_sided,0.0025810381704673554,True
group_snapshot,2,member_history_interpolated_fraction_mean,613,3078,data_quality,numeric,Observation quality may influence reliability and is retained for audit.,candidate,mann_whitney_u,0.12035367556102505,mann_whitney_u,613,3078,0.027119330603366947,0.02195457780253101,0.0,0.0,1056949.5,3.09250992428054e-08,rank_biserial,two_sided,5.86288339811519e-08,True
group_snapshot,3,member_history_interpolated_fraction_mean,770,2921,data_quality,numeric,Observation quality may influence reliability and is retained for audit.,candidate,mann_whitney_u,0.11720279036266712,mann_whitney_u,770,2921,0.027120623141031287,0.021676638246306158,0.0,0.0,1256389.5,3.9531532507069374e-09,rank_biserial,two_sided,7.341570322741456e-09,True
group_snapshot,1,member_history_interpolated_fraction_min,316,3375,data_quality,numeric,Observation quality may influence reliability and is retained for audit.,candidate,mann_whitney_u,-0.017244256915142975,mann_whitney_u,316,3375,0.010699216395418924,0.012783068783068778,0.0,0.0,524054.5,0.397926945837357,rank_biserial,two_sided,0.4470537292740677,False
group_snapshot,2,member_history_interpolated_fraction_min,613,3078,data_quality,numeric,Observation quality may influence reliability and is retained for audit.,candidate,mann_whitney_u,-0.008475663207926143,mann_whitney_u,613,3078,0.011652295502213932,0.012794331507781797,0.0,0.0,935411.0,0.5805156623314025,rank_biserial,two_sided,0.6214932384959722,False
group_snapshot,3,member_history_interpolated_fraction_min,770,2921,data_quality,numeric,Observation quality may influence reliability and is retained for audit.,candidate,mann_whitney_u,-0.0025182622923122233,mann_whitney_u,770,2921,0.01193568336425479,0.01278101106926851,0.0,0.0,1121753.0,0.8577411021460235,rank_biserial,two_sided,0.867271558836535,False
group_snapshot,1,member_history_interpolated_fraction_max,316,3375,data_quality,numeric,Observation quality may influence reliability and is retained for audit.,candidate,mann_whitney_u,0.10462916080637608,mann_whitney_u,316,3375,0.042947558770343564,0.03432804232804232,0.0,0.0,589043.5,0.0002860122329302683,rank_biserial,two_sided,0.0005311655754419269,True
group_snapshot,2,member_history_interpolated_fraction_max,613,3078,data_quality,numeric,Observation quality may influence reliability and is retained for audit.,candidate,mann_whitney_u,0.13420347739628813,mann_whitney_u,613,3078,0.045987726248737655,0.032890869148179076,0.0,0.0,1070015.5,6.053473211765162e-10,rank_biserial,two_sided,1.3194154942663876e-09,True
group_snapshot,3,member_history_interpolated_fraction_max,770,2921,data_quality,numeric,Observation quality may influence reliability and is retained for audit.,candidate,mann_whitney_u,0.12956601768652432,mann_whitney_u,770,2921,0.045392702535559666,0.03234378311406726,0.0,0.0,1270293.0,6.857376995360858e-11,rank_biserial,two_sided,1.3565680577779088e-10,True
group_snapshot,1,member_history_max_unobserved_gap_sec_mean,316,3375,data_quality,numeric,Observation quality may influence reliability and is retained for audit.,candidate,mann_whitney_u,0.12840225035161734,mann_whitney_u,316,3375,0.06709388185654008,0.05092271604938272,0.025,0.0,601720.5,1.632670349451971e-05,rank_biserial,two_sided,4.127027827781371e-05,True
group_snapshot,2,member_history_max_unobserved_gap_sec_mean,613,3078,data_quality,numeric,Observation quality may influence reliability and is retained for audit.,candidate,mann_whitney_u,0.15668741062977065,mann_whitney_u,613,3078,0.06966965742251223,0.04884936105696339,0.025,0.0,1091227.0,2.6419038333021098e-12,rank_biserial,two_sided,8.0137749610164e-12,True
group_snapshot,3,member_history_max_unobserved_gap_sec_mean,770,2921,data_quality,numeric,Observation quality may influence reliability and is retained for audit.,candidate,mann_whitney_u,0.15547957691059366,mann_whitney_u,770,2921,0.06928246753246753,0.047832363345886114,0.025,0.0,1299435.0,3.483683753590994e-14,rank_biserial,two_sided,9.606521865963043e-14,True
group_snapshot,1,member_history_max_unobserved_gap_sec_min,316,3375,data_quality,numeric,Observation quality may influence reliability and is retained for audit.,candidate,mann_whitney_u,0.016808251289263998,mann_whitney_u,316,3375,0.032278481012658226,0.0296,0.0,0.0,542213.0,0.447291995679053,rank_biserial,two_sided,0.4963850195950466,False
group_snapshot,2,member_history_max_unobserved_gap_sec_min,613,3078,data_quality,numeric,Observation quality may influence reliability and is retained for audit.,candidate,mann_whitney_u,0.019539286861343985,mann_whitney_u,613,3078,0.033605220228385,0.029077322936972058,0.0,0.0,961840.5,0.23997014531571725,rank_biserial,two_sided,0.2695960891818552,False
group_snapshot,3,member_history_max_unobserved_gap_sec_min,770,2921,data_quality,numeric,Observation quality may influence reliability and is retained for audit.,candidate,mann_whitney_u,0.028063685715175035,mann_whitney_u,770,2921,0.033896103896103896,0.02875727490585416,0.0,0.0,1156145.0,0.0653768992224147,rank_biserial,two_sided,0.07726360817194465,False
group_snapshot,1,member_history_max_unobserved_gap_sec_max,316,3375,data_quality,numeric,Observation quality may influence reliability and is retained for audit.,candidate,mann_whitney_u,0.14330707923112995,mann_whitney_u,316,3375,0.10949367088607595,0.07573333333333335,0.1,0.0,609668.5,1.3437897007362987e-06,rank_biserial,two_sided,4.07616209223344e-06,True
group_snapshot,2,member_history_max_unobserved_gap_sec_max,613,3078,data_quality,numeric,Observation quality may influence reliability and is retained for audit.,candidate,mann_whitney_u,0.17154155099548762,mann_whitney_u,613,3078,0.11223491027732466,0.07192982456140352,0.1,0.0,1105240.5,1.4129144140289853e-14,rank_biserial,two_sided,4.5919718455942016e-14,True
group_snapshot,3,member_history_max_unobserved_gap_sec_max,770,2921,data_quality,numeric,Observation quality may influence reliability and is retained for audit.,candidate,mann_whitney_u,0.16833854266240444,mann_whitney_u,770,2921,0.11064935064935065,0.07018144471071551,0.1,0.0,1313896.0,1.654401772477028e-16,rank_biserial,two_sided,5.19139866535895e-16,True
group_snapshot,1,active_vehicle_count,316,3375,traffic_context,numeric,Active-area traffic volume may influence crossing opportunity.,candidate,mann_whitney_u,-0.04984435067979376,mann_whitney_u,316,3375,13.664556962025317,14.468444444444444,10.0,12.0,506670.5,0.1420438130614226,rank_biserial,two_sided,0.1820561547688656,False
group_snapshot,2,active_vehicle_count,613,3078,traffic_context,numeric,Active-area traffic volume may influence crossing opportunity.,candidate,mann_whitney_u,-0.007564603612226772,mann_whitney_u,613,3078,14.500815660685156,14.37946718648473,11.0,12.0,936270.5,0.7669528984878354,rank_biserial,two_sided,0.7899147538682951,False
group_snapshot,3,active_vehicle_count,770,2921,traffic_context,numeric,Active-area traffic volume may influence crossing opportunity.,candidate,mann_whitney_u,0.0058786129994621295,mann_whitney_u,770,2921,14.74155844155844,14.309483053748716,11.0,12.0,1131196.0,0.8014638979006311,rank_biserial,two_sided,0.8194743225725555,False
group_snapshot,1,approaching_vehicle_count,316,3375,traffic_context,numeric,Active-area traffic volume may influence crossing opportunity.,candidate,mann_whitney_u,-0.1579812470698546,mann_whitney_u,316,3375,4.987341772151899,6.441185185185185,3.0,4.0,449006.5,3.0372118896998823e-06,rank_biserial,two_sided,8.91568651492546e-06,True
group_snapshot,2,approaching_vehicle_count,613,3078,traffic_context,numeric,Active-area traffic volume may influence crossing opportunity.,candidate,mann_whitney_u,-0.16147643593910155,mann_whitney_u,613,3078,4.818923327895596,6.615009746588694,3.0,4.0,791069.0,2.2001430286719295e-10,rank_biserial,two_sided,5.268763568661727e-10,True
group_snapshot,3,approaching_vehicle_count,770,2921,traffic_context,numeric,Active-area traffic volume may influence crossing opportunity.,candidate,mann_whitney_u,-0.15477087103242526,mann_whitney_u,770,2921,4.957142857142857,6.675111263266005,3.0,4.0,950532.0,3.102775160908895e-11,rank_biserial,two_sided,6.274500880949098e-11,True
group_snapshot,1,stopped_vehicle_count,316,3375,traffic_context,numeric,Active-area traffic volume may influence crossing opportunity.,candidate,mann_whitney_u,0.03379934364744486,mann_whitney_u,316,3375,7.4145569620253164,6.5525925925925925,2.0,2.0,551273.5,0.3066053093890091,rank_biserial,two_sided,0.35770619428717726,False
group_snapshot,2,stopped_vehicle_count,613,3078,traffic_context,numeric,Active-area traffic volume may influence crossing opportunity.,candidate,mann_whitney_u,0.08255132726384273,mann_whitney_u,613,3078,8.123980424143557,6.328135152696556,3.0,2.0,1021286.5,0.0008957557163346892,rank_biserial,two_sided,0.0014300661436220477,True
group_snapshot,3,stopped_vehicle_count,770,2921,traffic_context,numeric,Active-area traffic volume may influence crossing opportunity.,candidate,mann_whitney_u,0.08936718878519634,mann_whitney_u,770,2921,8.181818181818182,6.216364258815474,3.0,2.0,1225086.0,8.647180617637984e-05,rank_biserial,two_sided,0.00014307153385546484,True
group_snapshot,1,veh1_present,316,3375,ranked_vehicle_context,binary,Top-three active-area vehicles describe immediate traffic exposure.,candidate,chi_square_or_fisher,0.004535010970873053,chi_square,316,3375,,,,,1.076160734563412,0.2995580162631352,cramers_v,"{""table"": {""0"": {""0"": 140, ""1"": 17}, ""1"": {""0"": 3235, ""1"": 299}}, ""minimum_expected_count"": 13.441343809265781}",0.35770619428717726,False
group_snapshot,2,veh1_present,613,3078,ranked_vehicle_context,binary,Top-three active-area vehicles describe immediate traffic exposure.,candidate,chi_square_or_fisher,0.0,chi_square,613,3078,,,,,0.041141913015033595,0.8392642398026704,cramers_v,"{""table"": {""0"": {""0"": 130, ""1"": 27}, ""1"": {""0"": 2948, ""1"": 586}}, ""minimum_expected_count"": 26.074505554050393}",0.8485893980227002,False
group_snapshot,3,veh1_present,770,2921,ranked_vehicle_context,binary,Top-three active-area vehicles describe immediate traffic exposure.,candidate,chi_square_or_fisher,0.0,chi_square,770,2921,,,,,0.0024654552295316277,0.9603986313693196,cramers_v,"{""table"": {""0"": {""0"": 124, ""1"": 33}, ""1"": {""0"": 2797, ""1"": 737}}, ""minimum_expected_count"": 32.752641560552696}",0.9603986313693197,False
group_snapshot,1,veh1_lateral_x_m,316,3375,ranked_vehicle_context,numeric,Top-three active-area vehicles describe immediate traffic exposure.,candidate,mann_whitney_u,-0.0025380841858229086,mann_whitney_u,299,3235,2.861220809364548,2.892741034003091,2.282032,2.42915,482405.0,0.9420537284873128,rank_biserial,two_sided,0.9420537284873127,False
group_snapshot,2,veh1_lateral_x_m,613,3078,ranked_vehicle_context,numeric,Top-three active-area vehicles describe immediate traffic exposure.,candidate,mann_whitney_u,0.05220349539920632,mann_whitney_u,586,2948,3.034065399317406,2.8614518124151966,2.563935,2.402583,908855.5,0.04562805598985657,rank_biserial,two_sided,0.057668792987179834,False
group_snapshot,3,veh1_lateral_x_m,770,2921,ranked_vehicle_context,numeric,Top-three active-area vehicles describe immediate traffic exposure.,candidate,mann_whitney_u,0.05150265185270708,mann_whitney_u,737,2797,3.02930063907734,2.8533885219878443,2.553714,2.402468,1083778.0,0.03123017587815251,rank_biserial,two_sided,0.04059922864159826,True
group_snapshot,1,veh1_front_y_m,316,3375,ranked_vehicle_context,numeric,Top-three active-area vehicles describe immediate traffic exposure.,candidate,mann_whitney_u,-0.09529653197417465,mann_whitney_u,299,3235,4.324522943143813,6.573774890262751,2.495172,2.877801,437544.0,0.006327589874675471,rank_biserial,two_sided,0.009759503027041828,True
group_snapshot,2,veh1_front_y_m,613,3078,ranked_vehicle_context,numeric,Top-three active-area vehicles describe immediate traffic exposure.,candidate,mann_whitney_u,-0.07519009822127343,mann_whitney_u,586,2948,4.961205008532423,6.666189957598371,2.6363165,2.8783545,798817.5,0.003989876858203281,rank_biserial,two_sided,0.005585827601484594,True
group_snapshot,3,veh1_front_y_m,770,2921,ranked_vehicle_context,numeric,Top-three active-area vehicles describe immediate traffic exposure.,candidate,mann_whitney_u,-0.06440172136360478,mann_whitney_u,737,2797,5.160120607869743,6.7058223961387196,2.771758,2.875574,964316.0,0.007067572997758695,rank_biserial,two_sided,0.009894602196862173,True
group_snapshot,1,veh1_speed_mps,316,3375,ranked_vehicle_context,numeric,Top-three active-area vehicles describe immediate traffic exposure.,candidate,mann_whitney_u,-0.07641607388830507,mann_whitney_u,298,3206,2.2376595503355707,2.4381133808484092,0.12429950000000001,0.37303,441190.5,0.028876363653005888,rank_biserial,two_sided,0.03981438018823539,True
group_snapshot,2,veh1_speed_mps,613,3078,ranked_vehicle_context,numeric,Top-three active-area vehicles describe immediate traffic exposure.,candidate,mann_whitney_u,-0.08925865547006939,mann_whitney_u,584,2920,2.1475084674657534,2.4757770890410957,0.131411,0.429779,776534.5,0.0006494870415057938,rank_biserial,two_sided,0.001055416442446915,True
group_snapshot,3,veh1_speed_mps,770,2921,ranked_vehicle_context,numeric,Top-three active-area vehicles describe immediate traffic exposure.,candidate,mann_whitney_u,-0.088788430947501,mann_whitney_u,733,2771,2.154688369713506,2.4915292204980153,0.132299,0.446485,925400.5,0.0002138747664914899,rank_biserial,two_sided,0.0003414491886092207,True
group_snapshot,1,veh1_closing_speed_mps,316,3375,ranked_vehicle_context,numeric,Top-three active-area vehicles describe immediate traffic exposure.,candidate,mann_whitney_u,-0.05656877897990731,mann_whitney_u,299,3235,2.159513866220736,2.3323787230293664,0.046915,0.191931,456274.0,0.10227808931333938,rank_biserial,two_sided,0.1329615161073412,False
group_snapshot,2,veh1_closing_speed_mps,613,3078,ranked_vehicle_context,numeric,Top-three active-area vehicles describe immediate traffic exposure.,candidate,mann_whitney_u,-0.07354265748514643,mann_whitney_u,586,2948,2.0853397167235497,2.363952083107191,0.0468455,0.2378365,800240.5,0.004528376305972714,rank_biserial,two_sided,0.006243670361265409,True
group_snapshot,3,veh1_closing_speed_mps,770,2921,ranked_vehicle_context,numeric,Top-three active-area vehicles describe immediate traffic exposure.,candidate,mann_whitney_u,-0.07694957138123859,mann_whitney_u,737,2797,2.0908418141112617,2.3775435816946726,0.046014,0.253001,951383.0,0.0011758986712505904,rank_biserial,two_sided,0.0017834463180633954,True
group_snapshot,1,veh1_ttc_capped_sec,316,3375,ranked_vehicle_context,numeric,Top-three active-area vehicles describe immediate traffic exposure.,candidate,mann_whitney_u,0.018703234880450115,mann_whitney_u,316,3375,18.545618584171056,17.35436718918361,30.0,30.0,543223.5,0.5475032940848623,rank_biserial,two_sided,0.5793348809502613,False
group_snapshot,2,veh1_ttc_capped_sec,613,3078,ranked_vehicle_context,numeric,Top-three active-area vehicles describe immediate traffic exposure.,candidate,mann_whitney_u,0.05168076980560876,mann_whitney_u,613,3078,18.88768015669348,17.17129850553594,30.0,30.0,992163.0,0.02704831886229572,rank_biserial,two_sided,0.035672420528534934,True
group_snapshot,3,veh1_ttc_capped_sec,770,2921,ranked_vehicle_context,numeric,Top-three active-area vehicles describe immediate traffic exposure.,candidate,mann_whitney_u,0.052978209739592774,mann_whitney_u,770,2921,18.756335658108547,17.113668702276325,30.0,30.0,1184163.5,0.013346199566014908,rank_biserial,two_sided,0.018126927768766517,True
group_snapshot,1,veh1_ttc_infinite,316,3375,ranked_vehicle_context,binary,Top-three active-area vehicles describe immediate traffic exposure.,candidate,chi_square_or_fisher,0.027563904754125367,chi_square,316,3375,,,,,3.803817835947297,0.05113586090133328,cramers_v,"{""table"": {""0"": {""0"": 1560, ""1"": 128}, ""1"": {""0"": 1815, ""1"": 188}}, ""minimum_expected_count"": 144.51584936331616}",0.06835473439121195,False
group_snapshot,2,veh1_ttc_infinite,613,3078,ranked_vehicle_context,binary,Top-three active-area vehicles describe immediate traffic exposure.,candidate,chi_square_or_fisher,0.05049990581421808,chi_square,613,3078,,,,,10.410657709521615,0.0012529011306084252,cramers_v,"{""table"": {""0"": {""0"": 1444, ""1"": 244}, ""1"": {""0"": 1634, ""1"": 369}}, ""minimum_expected_count"": 280.3424546193443}",0.001965758670437357,True
group_snapshot,3,veh1_ttc_infinite,770,2921,ranked_vehicle_context,binary,Top-three active-area vehicles describe immediate traffic exposure.,candidate,chi_square_or_fisher,0.053958538696988426,chi_square,770,2921,,,,,11.743793398459289,0.0006104647216299517,cramers_v,"{""table"": {""0"": {""0"": 1378, ""1"": 310}, ""1"": {""0"": 1543, ""1"": 460}}, ""minimum_expected_count"": 352.14305066377676}",0.0009577980977297517,True
group_snapshot,1,veh1_class,316,3375,ranked_vehicle_context,categorical,Top-three active-area vehicles describe immediate traffic exposure.,candidate,chi_square_or_fisher,0.0,chi_square,316,3375,,,,,10.68660747644585,0.6370529542413105,cramers_v,"{""table"": {""0"": {""0"": 24, ""1"": 2}, ""1"": {""0"": 452, ""1"": 44}, ""10"": {""0"": 159, ""1"": 13}, ""11"": {""0"": 9, ""1"": 0}, ""13"": {""0"": 14, ""1"": 2}, ""2"": {""0"": 43, ""1"": 4}, ""3"": {""0"": 124, ""1"": 6}, ""4"": {""0"": 16, ""1"": 1}, ""5"": {""0"": 233, ""1"": 18}, ""6"": {""0"": 3, ""1"": 0}, ""7"": {""0"": 627, ""1"": 70}, ""8"": {""0"": 145, ""1"": 19}, ""9"": {""0"": 1386, ""1"": 120}, ""missing"": {""0"": 140, ""1"": 17}}, ""minimum_expected_count"": 0.2568409645082633}",0.666342745240911,False
group_snapshot,2,veh1_class,613,3078,ranked_vehicle_context,categorical,Top-three active-area vehicles describe immediate traffic exposure.,candidate,chi_square_or_fisher,0.05163945392887366,chi_square,613,3078,,,,,22.843398828212187,0.04359442124820558,cramers_v,"{""table"": {""0"": {""0"": 21, ""1"": 5}, ""1"": {""0"": 397, ""1"": 99}, ""10"": {""0"": 140, ""1"": 32}, ""11"": {""0"": 9, ""1"": 0}, ""13"": {""0"": 9, ""1"": 7}, ""2"": {""0"": 39, ""1"": 8}, ""3"": {""0"": 111, ""1"": 19}, ""4"": {""0"": 15, ""1"": 2}, ""5"": {""0"": 217, ""1"": 34}, ""6"": {""0"": 3, ""1"": 0}, ""7"": {""0"": 575, ""1"": 122}, ""8"": {""0"": 131, ""1"": 33}, ""9"": {""0"": 1281, ""1"": 225}, ""missing"": {""0"": 130, ""1"": 27}}, ""minimum_expected_count"": 0.4982389596315362}",0.05587453990967194,False
group_snapshot,3,veh1_class,770,2921,ranked_vehicle_context,categorical,Top-three active-area vehicles describe immediate traffic exposure.,candidate,chi_square_or_fisher,0.0715440505222974,chi_square,770,2921,,,,,31.89097544744481,0.002493287906293657,cramers_v,"{""table"": {""0"": {""0"": 20, ""1"": 6}, ""1"": {""0"": 371, ""1"": 125}, ""10"": {""0"": 128, ""1"": 44}, ""11"": {""0"": 9, ""1"": 0}, ""13"": {""0"": 7, ""1"": 9}, ""2"": {""0"": 38, ""1"": 9}, ""3"": {""0"": 103, ""1"": 27}, ""4"": {""0"": 14, ""1"": 3}, ""5"": {""0"": 206, ""1"": 45}, ""6"": {""0"": 3, ""1"": 0}, ""7"": {""0"": 553, ""1"": 144}, ""8"": {""0"": 121, ""1"": 43}, ""9"": {""0"": 1224, ""1"": 282}, ""missing"": {""0"": 124, ""1"": 33}}, ""minimum_expected_count"": 0.6258466540232999}",0.0036595032173019804,True
group_snapshot,1,veh1_history_mean_front_y_m,316,3375,ranked_vehicle_context,numeric,Top-three active-area vehicles describe immediate traffic exposure.,candidate,mann_whitney_u,-0.0870485337523843,mann_whitney_u,299,3235,6.081114241877715,8.519293157609075,3.121089095238096,3.4183691904761906,441533.0,0.012631558227995271,rank_biserial,two_sided,0.018539867721734996,True
group_snapshot,2,veh1_history_mean_front_y_m,613,3078,ranked_vehicle_context,numeric,Top-three active-area vehicles describe immediate traffic exposure.,candidate,mann_whitney_u,-0.08312050513797753,mann_whitney_u,586,2948,6.706176137881671,8.632410890905067,3.11643780952381,3.4482924285714285,791967.5,0.001459533331356164,rank_biserial,two_sided,0.002251144629718829,True
group_snapshot,3,veh1_history_mean_front_y_m,770,2921,ranked_vehicle_context,numeric,Top-three active-area vehicles describe immediate traffic exposure.,candidate,mann_whitney_u,-0.07646834246229117,mann_whitney_u,737,2797,6.92664434186337,8.678308774842149,3.1138801428571425,3.457540285714285,951879.0,0.001382205308197242,rank_biserial,two_sided,0.0020619784105893285,True
group_snapshot,1,veh1_history_front_y_change_m,316,3375,ranked_vehicle_context,numeric,Top-three active-area vehicles describe immediate traffic exposure.,candidate,mann_whitney_u,0.004965547187172126,mann_whitney_u,299,3235,-3.5824018628762535,-3.9300536219474496,-0.0705559999999998,-0.2986630000000003,486034.0,0.8868920516643948,rank_biserial,two_sided,0.8967464077939992,False
group_snapshot,2,veh1_history_front_y_change_m,613,3078,ranked_vehicle_context,numeric,Top-three active-area vehicles describe immediate traffic exposure.,candidate,mann_whitney_u,0.045199267392482145,mann_whitney_u,586,2948,-3.550117153583618,-3.970316476255088,-0.039843,-0.3565819999999993,902805.5,0.08351760785699468,rank_biserial,two_sided,0.10411099061625365,False
group_snapshot,3,veh1_history_front_y_change_m,770,2921,ranked_vehicle_context,numeric,Top-three active-area vehicles describe immediate traffic exposure.,candidate,mann_whitney_u,0.04965195797590849,mann_whitney_u,737,2797,-3.5825612618724563,-3.9844526185198426,-0.0362520000000001,-0.3907159999999999,1081870.5,0.03782729799613535,rank_biserial,two_sided,0.04715457695408653,True
group_snapshot,1,veh1_history_observed_fraction,316,3375,ranked_vehicle_context,numeric,Top-three active-area vehicles describe immediate traffic exposure.,candidate,mann_whitney_u,-0.0252405063291139,mann_whitney_u,316,3375,0.8698010849909585,0.8856155202821869,1.0,1.0,519790.5,0.3201319298386489,rank_biserial,two_sided,0.36875956475084876,False
group_snapshot,2,veh1_history_observed_fraction,613,3078,ranked_vehicle_context,numeric,Top-three active-area vehicles describe immediate traffic exposure.,candidate,mann_whitney_u,0.010015295625323883,mann_whitney_u,613,3078,0.8885263730288201,0.8834122342894272,1.0,1.0,952855.5,0.5997918347238433,rank_biserial,two_sided,0.6346634530217412,False
group_snapshot,3,veh1_history_observed_fraction,770,2921,ranked_vehicle_context,numeric,Top-three active-area vehicles describe immediate traffic exposure.,candidate,mann_whitney_u,0.023189887825286748,mann_whitney_u,770,2921,0.8918367346938775,0.8822647169103862,1.0,1.0,1150664.0,0.1846742920446378,rank_biserial,two_sided,0.20494342165929316,False
group_snapshot,1,veh2_present,316,3375,ranked_vehicle_context,binary,Top-three active-area vehicles describe immediate traffic exposure.,candidate,chi_square_or_fisher,0.036547423525353985,chi_square,316,3375,,,,,5.929055914528366,0.014893218674103887,cramers_v,"{""table"": {""0"": {""0"": 316, ""1"": 43}, ""1"": {""0"": 3059, ""1"": 273}}, ""minimum_expected_count"": 30.735302086155514}",0.021176295302241466,True
group_snapshot,2,veh2_present,613,3078,ranked_vehicle_context,binary,Top-three active-area vehicles describe immediate traffic exposure.,candidate,chi_square_or_fisher,0.019471402068739183,chi_square,613,3078,,,,,2.3992808895113065,0.12139104047984646,cramers_v,"{""table"": {""0"": {""0"": 289, ""1"": 70}, ""1"": {""0"": 2789, ""1"": 543}}, ""minimum_expected_count"": 59.62259550257383}",0.14534979846928983,False
group_snapshot,3,veh2_present,770,2921,ranked_vehicle_context,binary,Top-three active-area vehicles describe immediate traffic exposure.,candidate,chi_square_or_fisher,0.029746939296740525,chi_square,770,2921,,,,,4.265479429768475,0.03889427241655477,cramers_v,"{""table"": {""0"": {""0"": 269, ""1"": 90}, ""1"": {""0"": 2652, ""1"": 680}}, ""minimum_expected_count"": 74.8929829314549}",0.04782944310684438,True
group_snapshot,1,veh2_lateral_x_m,316,3375,ranked_vehicle_context,numeric,Top-three active-area vehicles describe immediate traffic exposure.,candidate,mann_whitney_u,-0.11925777175858898,mann_whitney_u,273,3059,4.888129120879121,5.2349837799934615,4.579357,5.051853,367757.0,0.0010769466440212854,rank_biserial,two_sided,0.0018490970680365465,True
group_snapshot,2,veh2_lateral_x_m,613,3078,ranked_vehicle_context,numeric,Top-three active-area vehicles describe immediate traffic exposure.,candidate,mann_whitney_u,-0.07619119310471878,mann_whitney_u,543,2789,5.02746311786372,5.241434980279671,4.831108,5.126847,699520.5,0.004908320655309757,rank_biserial,two_sided,0.006666525069152058,True
group_snapshot,3,veh2_lateral_x_m,770,2921,ranked_vehicle_context,numeric,Top-three active-area vehicles describe immediate traffic exposure.,candidate,mann_whitney_u,-0.06920526129003635,mann_whitney_u,680,2652,5.055261995588235,5.245360662141779,4.833889,5.164106,839279.0,0.005300611565297205,rank_biserial,two_sided,0.007656438927651518,True
group_snapshot,1,veh2_front_y_m,316,3375,ranked_vehicle_context,numeric,Top-three active-area vehicles describe immediate traffic exposure.,candidate,mann_whitney_u,-0.04267477101736661,mann_whitney_u,273,3059,4.609896465201466,5.645487320039228,2.386515,2.702064,399734.5,0.2420148569891989,rank_biserial,two_sided,0.2976128646759067,False
group_snapshot,2,veh2_front_y_m,613,3078,ranked_vehicle_context,numeric,Top-three active-area vehicles describe immediate traffic exposure.,candidate,mann_whitney_u,-0.03977808108281222,mann_whitney_u,543,2789,5.1393677992633515,5.642657128719971,2.585115,2.706315,727093.0,0.14194109095540877,rank_biserial,two_sided,0.16774856203821037,False
group_snapshot,3,veh2_front_y_m,770,2921,ranked_vehicle_context,numeric,Top-three active-area vehicles describe immediate traffic exposure.,candidate,mann_whitney_u,-0.04173487268210452,mann_whitney_u,680,2652,5.144871369117648,5.667245443438914,2.607488,2.7095089999999997,864048.5,0.09268038168448167,rank_biserial,two_sided,0.1067584143454156,False
group_snapshot,1,veh2_speed_mps,316,3375,ranked_vehicle_context,numeric,Top-three active-area vehicles describe immediate traffic exposure.,candidate,mann_whitney_u,-0.15145795681999263,mann_whitney_u,272,3027,1.6653624963235294,2.321086517343905,0.124589,0.771567,349321.0,3.4182312007725936e-05,rank_biserial,two_sided,8.185764191323842e-05,True
group_snapshot,2,veh2_speed_mps,613,3078,ranked_vehicle_context,numeric,Top-three active-area vehicles describe immediate traffic exposure.,candidate,mann_whitney_u,-0.14918461455728538,mann_whitney_u,539,2760,1.721882469387755,2.3734829115942033,0.111331,0.9841934999999999,632853.5,4.105829500947736e-08,rank_biserial,two_sided,7.62511193033151e-08,True
group_snapshot,3,veh2_speed_mps,770,2921,ranked_vehicle_context,numeric,Top-three active-area vehicles describe immediate traffic exposure.,candidate,mann_whitney_u,-0.1545466350496838,mann_whitney_u,675,2624,1.7130102562962963,2.409537181402439,0.114557,1.0610045000000001,748733.5,5.593419603804432e-10,rank_biserial,two_sided,1.0829812424387305e-09,True
group_snapshot,1,veh2_closing_speed_mps,316,3375,ranked_vehicle_context,numeric,Top-three active-area vehicles describe immediate traffic exposure.,candidate,mann_whitney_u,-0.13567482969248257,mann_whitney_u,273,3059,1.624169794871795,2.228542084014384,0.048909,0.471506,360902.0,0.00017582992059958296,rank_biserial,two_sided,0.0003555671727680455,True
group_snapshot,2,veh2_closing_speed_mps,613,3078,ranked_vehicle_context,numeric,Top-three active-area vehicles describe immediate traffic exposure.,candidate,mann_whitney_u,-0.14683441327974212,mann_whitney_u,543,2789,1.6700515248618786,2.278117823951237,0.037502,0.677929,646028.5,4.567048513284596e-08,rank_biserial,two_sided,8.312028294177964e-08,True
group_snapshot,3,veh2_closing_speed_mps,770,2921,ranked_vehicle_context,numeric,Top-three active-area vehicles describe immediate traffic exposure.,candidate,mann_whitney_u,-0.16472362700736398,mann_whitney_u,680,2652,1.6575057205882355,2.312746869909502,0.034213,0.7811915,753152.0,2.1852642307800537e-11,rank_biserial,two_sided,4.6158305992422357e-11,True
group_snapshot,1,veh2_ttc_capped_sec,316,3375,ranked_vehicle_context,numeric,Top-three active-area vehicles describe immediate traffic exposure.,candidate,mann_whitney_u,0.11881856540084379,mann_whitney_u,316,3375,20.207237981496142,17.071208876420915,30.0,30.0,596610.0,0.00013357260404776888,rank_biserial,two_sided,0.00027625243109879473,True
group_snapshot,2,veh2_ttc_capped_sec,613,3078,ranked_vehicle_context,numeric,Top-three active-area vehicles describe immediate traffic exposure.,candidate,mann_whitney_u,0.14503390371281966,mann_whitney_u,613,3078,20.454443514758303,16.719377285746113,30.0,30.0,1080233.0,5.586460959489395e-10,rank_biserial,two_sided,1.3035075572141923e-09,True
group_snapshot,3,veh2_ttc_capped_sec,770,2921,ranked_vehicle_context,numeric,Top-three active-area vehicles describe immediate traffic exposure.,candidate,mann_whitney_u,0.1547059581979131,mann_whitney_u,770,2921,20.497587134333955,16.507249252528663,30.0,30.0,1298565.0,5.100271802568227e-13,rank_biserial,two_sided,1.2150153012006132e-12,True
group_snapshot,1,veh2_ttc_infinite,316,3375,ranked_vehicle_context,binary,Top-three active-area vehicles describe immediate traffic exposure.,candidate,chi_square_or_fisher,0.056480955161077186,chi_square,316,3375,,,,,12.771732850083833,0.00035189669794608475,cramers_v,"{""table"": {""0"": {""0"": 1571, ""1"": 114}, ""1"": {""0"": 1804, ""1"": 202}}, ""minimum_expected_count"": 144.2590083988079}",0.0006404519902618742,True
group_snapshot,2,veh2_ttc_infinite,613,3078,ranked_vehicle_context,binary,Top-three active-area vehicles describe immediate traffic exposure.,candidate,chi_square_or_fisher,0.091860431707855,chi_square,613,3078,,,,,32.13773930690971,1.4362018509471148e-08,cramers_v,"{""table"": {""0"": {""0"": 1469, ""1"": 216}, ""1"": {""0"": 1609, ""1"": 397}}, ""minimum_expected_count"": 279.8442156597128}",2.780731243323137e-08,True
group_snapshot,3,veh2_ttc_infinite,770,2921,ranked_vehicle_context,binary,Top-three active-area vehicles describe immediate traffic exposure.,candidate,chi_square_or_fisher,0.10924300297907624,chi_square,770,2921,,,,,45.0368521211356,1.9336114357979675e-11,cramers_v,"{""table"": {""0"": {""0"": 1416, ""1"": 269}, ""1"": {""0"": 1505, ""1"": 501}}, ""minimum_expected_count"": 351.51720400975347}",4.1894914442289296e-11,True
group_snapshot,1,veh2_class,316,3375,ranked_vehicle_context,categorical,Top-three active-area vehicles describe immediate traffic exposure.,candidate,chi_square_or_fisher,0.051618290105481635,chi_square,316,3375,,,,,21.835063963344147,0.039410468902930235,cramers_v,"{""table"": {""0"": {""0"": 13, ""1"": 1}, ""1"": {""0"": 655, ""1"": 49}, ""10"": {""0"": 176, ""1"": 14}, ""11"": {""0"": 30, ""1"": 1}, ""13"": {""0"": 38, ""1"": 1}, ""2"": {""0"": 83, ""1"": 3}, ""3"": {""0"": 114, ""1"": 6}, ""5"": {""0"": 188, ""1"": 13}, ""6"": {""0"": 2, ""1"": 0}, ""7"": {""0"": 720, ""1"": 65}, ""8"": {""0"": 147, ""1"": 17}, ""9"": {""0"": 893, ""1"": 103}, ""missing"": {""0"": 316, ""1"": 43}}, ""minimum_expected_count"": 0.17122730967217556}",0.05352765179353211,False
group_snapshot,2,veh2_class,613,3078,ranked_vehicle_context,categorical,Top-three active-area vehicles describe immediate traffic exposure.,candidate,chi_square_or_fisher,0.033080522462826806,chi_square,613,3078,,,,,16.04129610202252,0.18935193928123234,cramers_v,"{""table"": {""0"": {""0"": 11, ""1"": 3}, ""1"": {""0"": 610, ""1"": 94}, ""10"": {""0"": 160, ""1"": 30}, ""11"": {""0"": 28, ""1"": 3}, ""13"": {""0"": 36, ""1"": 3}, ""2"": {""0"": 73, ""1"": 13}, ""3"": {""0"": 102, ""1"": 18}, ""5"": {""0"": 158, ""1"": 43}, ""6"": {""0"": 2, ""1"": 0}, ""7"": {""0"": 647, ""1"": 138}, ""8"": {""0"": 137, ""1"": 27}, ""9"": {""0"": 825, ""1"": 171}, ""missing"": {""0"": 289, ""1"": 70}}, ""minimum_expected_count"": 0.3321593064210241}",0.21811425917205243,False
group_snapshot,3,veh2_class,770,2921,ranked_vehicle_context,categorical,Top-three active-area vehicles describe immediate traffic exposure.,candidate,chi_square_or_fisher,0.0532654887876835,chi_square,770,2921,,,,,22.472564635096294,0.03255242111083986,cramers_v,"{""table"": {""0"": {""0"": 10, ""1"": 4}, ""1"": {""0"": 582, ""1"": 122}, ""10"": {""0"": 149, ""1"": 41}, ""11"": {""0"": 28, ""1"": 3}, ""13"": {""0"": 34, ""1"": 5}, ""2"": {""0"": 66, ""1"": 20}, ""3"": {""0"": 99, ""1"": 21}, ""5"": {""0"": 144, ""1"": 57}, ""6"": {""0"": 2, ""1"": 0}, ""7"": {""0"": 616, ""1"": 169}, ""8"": {""0"": 129, ""1"": 35}, ""9"": {""0"": 793, ""1"": 203}, ""missing"": {""0"": 269, ""1"": 90}}, ""minimum_expected_count"": 0.41723110268219993}",0.04172211719840039,True
group_snapshot,1,veh2_history_mean_front_y_m,316,3375,ranked_vehicle_context,numeric,Top-three active-area vehicles describe immediate traffic exposure.,candidate,mann_whitney_u,-0.08952026506782962,mann_whitney_u,273,3059,5.909836989085721,7.58933852943379,3.375546285714285,3.7186390476190487,380174.0,0.014115485561712602,rank_biserial,two_sided,0.020389034700251538,True
group_snapshot,2,veh2_history_mean_front_y_m,613,3078,ranked_vehicle_context,numeric,Top-three active-area vehicles describe immediate traffic exposure.,candidate,mann_whitney_u,-0.09930224434720192,mann_whitney_u,543,2789,6.50648019997865,7.63576669450339,3.237505285714285,3.7814450952380954,682020.5,0.0002461231708013536,rank_biserial,two_sided,0.00040722197350769415,True
group_snapshot,3,veh2_history_mean_front_y_m,770,2921,ranked_vehicle_context,numeric,Top-three active-area vehicles describe immediate traffic exposure.,candidate,mann_whitney_u,-0.105169239641558,mann_whitney_u,680,2652,6.52335231229523,7.689778464252491,3.284698333333334,3.8220685000000003,806851.0,2.2640639638434124e-05,rank_biserial,two_sided,3.887355107731142e-05,True
group_snapshot,1,veh2_history_front_y_change_m,316,3375,ranked_vehicle_context,numeric,Top-three active-area vehicles describe immediate traffic exposure.,candidate,mann_whitney_u,0.13290392728117473,mann_whitney_u,273,3059,-2.6446193663003665,-3.910088646943445,-0.0269509999999999,-0.832119,473048.0,0.0002686975579313149,rank_biserial,two_sided,0.0005094057869114511,True
group_snapshot,2,veh2_history_front_y_change_m,613,3078,ranked_vehicle_context,numeric,Top-three active-area vehicles describe immediate traffic exposure.,candidate,mann_whitney_u,0.16045342561906262,mann_whitney_u,543,2789,-2.7673714843462243,-4.0086982940121905,-0.0239699999999999,-1.0902960000000004,878711.0,3.1421444583190256e-09,rank_biserial,two_sided,6.35411434904514e-09,True
group_snapshot,3,veh2_history_front_y_change_m,770,2921,ranked_vehicle_context,numeric,Top-three active-area vehicles describe immediate traffic exposure.,candidate,mann_whitney_u,0.17268376807736674,mann_whitney_u,680,2652,-2.795803595588235,-4.065533866138764,-0.022415,-1.2736725,1057385.5,3.470980896086843e-12,rank_biserial,two_sided,7.896481538597568e-12,True
group_snapshot,1,veh2_history_observed_fraction,316,3375,ranked_vehicle_context,numeric,Top-three active-area vehicles describe immediate traffic exposure.,candidate,mann_whitney_u,-0.016872948898265405,mann_whitney_u,316,3375,0.817058468957203,0.8459118165784834,1.0,1.0,524252.5,0.5189421313022702,rank_biserial,two_sided,0.5555733405706657,False
group_snapshot,2,veh2_history_observed_fraction,613,3078,ranked_vehicle_context,numeric,Top-three active-area vehicles describe immediate traffic exposure.,candidate,mann_whitney_u,-0.011845364725934782,mann_whitney_u,613,3078,0.8340713120484736,0.8453077137287665,1.0,1.0,932232.0,0.5469951475639884,rank_biserial,two_sided,0.592578076527654,False
group_snapshot,3,veh2_history_observed_fraction,770,2921,ranked_vehicle_context,numeric,Top-three active-area vehicles describe immediate traffic exposure.,candidate,mann_whitney_u,-0.011872379588915072,mann_whitney_u,770,2921,0.8332096474953617,0.8461387978676578,1.0,1.0,1111233.5,0.5098527618147767,rank_biserial,two_sided,0.5394953642458684,False
group_snapshot,1,veh3_present,316,3375,ranked_vehicle_context,binary,Top-three active-area vehicles describe immediate traffic exposure.,candidate,chi_square_or_fisher,0.00622732803396879,chi_square,316,3375,,,,,1.1433677694940383,0.2849418239832938,cramers_v,"{""table"": {""0"": {""0"": 521, ""1"": 56}, ""1"": {""0"": 2854, ""1"": 260}}, ""minimum_expected_count"": 49.399078840422646}",0.3457294130997299,False
group_snapshot,2,veh3_present,613,3078,ranked_vehicle_context,binary,Top-three active-area vehicles describe immediate traffic exposure.,candidate,chi_square_or_fisher,0.0,chi_square,613,3078,,,,,0.3967641193173541,0.5287651498942285,cramers_v,"{""table"": {""0"": {""0"": 476, ""1"": 101}, ""1"": {""0"": 2602, ""1"": 512}}, ""minimum_expected_count"": 95.82795990246545}",0.5797304655466843,False
group_snapshot,3,veh3_present,770,2921,ranked_vehicle_context,binary,Top-three active-area vehicles describe immediate traffic exposure.,candidate,chi_square_or_fisher,0.0,chi_square,770,2921,,,,,0.9264435100667796,0.3357887851709942,cramers_v,"{""table"": {""0"": {""0"": 448, ""1"": 129}, ""1"": {""0"": 2473, ""1"": 641}}, ""minimum_expected_count"": 120.37117312381469}",0.3637711839352437,False
group_snapshot,1,veh3_lateral_x_m,316,3375,ranked_vehicle_context,numeric,Top-three active-area vehicles describe immediate traffic exposure.,candidate,mann_whitney_u,-0.09905800226402894,mann_whitney_u,260,2854,7.187601188461538,7.50746505816398,7.401281,7.6452485,334267.5,0.008095354531548249,rank_biserial,two_sided,0.012076676432309683,True
group_snapshot,2,veh3_lateral_x_m,613,3078,ranked_vehicle_context,numeric,Top-three active-area vehicles describe immediate traffic exposure.,candidate,mann_whitney_u,-0.06303669653151422,mann_whitney_u,512,2602,7.28879572265625,7.518531197156033,7.475792,7.6530000000000005,624122.5,0.023950660683392872,rank_biserial,two_sided,0.032051619443952226,True
group_snapshot,3,veh3_lateral_x_m,770,2921,ranked_vehicle_context,numeric,Top-three active-area vehicles describe immediate traffic exposure.,candidate,mann_whitney_u,-0.05667637946925075,mann_whitney_u,641,2473,7.319147755070201,7.522647745248685,7.475792,7.657433,747675.0,0.026796412993321608,rank_biserial,two_sided,0.03585990562341568,True
group_snapshot,1,veh3_front_y_m,316,3375,ranked_vehicle_context,numeric,Top-three active-area vehicles describe immediate traffic exposure.,candidate,mann_whitney_u,-0.03551021508274488,mann_whitney_u,260,2854,3.9733701153846157,5.028255591450595,2.0238310000000004,2.2863165,357845.0,0.34249182976170334,rank_biserial,two_sided,0.38958445635393757,False
group_snapshot,2,veh3_front_y_m,613,3078,ranked_vehicle_context,numeric,Top-three active-area vehicles describe immediate traffic exposure.,candidate,mann_whitney_u,-0.08082274452344351,mann_whitney_u,512,2602,3.859410474609375,5.152843783627978,1.8371655,2.3395085,612275.0,0.0037914864733838744,rank_biserial,two_sided,0.005476591572665597,True
group_snapshot,3,veh3_front_y_m,770,2921,ranked_vehicle_context,numeric,Top-three active-area vehicles describe immediate traffic exposure.,candidate,mann_whitney_u,-0.0962040584332633,mann_whitney_u,641,2473,3.6999038018720745,5.261657642943793,1.833116,2.384593,716345.5,0.00017064753379454107,rank_biserial,two_sided,0.00027730224241612927,True
group_snapshot,1,veh3_speed_mps,316,3375,ranked_vehicle_context,numeric,Top-three active-area vehicles describe immediate traffic exposure.,candidate,mann_whitney_u,-0.1518838057555335,mann_whitney_u,258,2833,1.4677033759689921,2.0511864638192727,0.131163,0.855292,309950.0,5.240000626346656e-05,rank_biserial,two_sided,0.00011630245292623064,True
group_snapshot,2,veh3_speed_mps,613,3078,ranked_vehicle_context,numeric,Top-three active-area vehicles describe immediate traffic exposure.,candidate,mann_whitney_u,-0.19448864623629358,mann_whitney_u,508,2583,1.3942833287401573,2.122099416182733,0.09023049999999999,1.059069,528481.5,3.935202538514877e-12,rank_biserial,two_sided,1.1551723580801735e-11,True
group_snapshot,3,veh3_speed_mps,770,2921,ranked_vehicle_context,numeric,Top-three active-area vehicles describe immediate traffic exposure.,candidate,mann_whitney_u,-0.21025887356056816,mann_whitney_u,636,2455,1.3866219103773585,2.1620314411405297,0.0876085,1.106072,616543.0,2.753230836627466e-16,rank_biserial,two_sided,8.351466871103313e-16,True
group_snapshot,1,veh3_closing_speed_mps,316,3375,ranked_vehicle_context,numeric,Top-three active-area vehicles describe immediate traffic exposure.,candidate,mann_whitney_u,-0.1380437712252709,mann_whitney_u,260,2854,1.4190597499999997,1.991125148913805,0.044621,0.680578,319803.0,0.00020163738430180184,rank_biserial,two_sided,0.00039889134720573846,True
group_snapshot,2,veh3_closing_speed_mps,613,3078,ranked_vehicle_context,numeric,Top-three active-area vehicles describe immediate traffic exposure.,candidate,mann_whitney_u,-0.17151770272867028,mann_whitney_u,512,2602,1.348723931640625,2.0603689688701,0.033839,0.9070585,551862.0,6.089609973537173e-10,rank_biserial,two_sided,1.3194154942663876e-09,True
group_snapshot,3,veh3_closing_speed_mps,770,2921,ranked_vehicle_context,numeric,Top-three active-area vehicles describe immediate traffic exposure.,candidate,mann_whitney_u,-0.18626943217639746,mann_whitney_u,641,2473,1.3420691996879874,2.0992156704407603,0.033138,1.001524,644960.0,2.2904149249090323e-13,rank_biserial,two_sided,5.633182653154647e-13,True
group_snapshot,1,veh3_ttc_capped_sec,316,3375,ranked_vehicle_context,numeric,Top-three active-area vehicles describe immediate traffic exposure.,candidate,mann_whitney_u,0.12184153774027195,mann_whitney_u,316,3375,20.74231266839605,17.43376746711477,30.0,30.0,598222.0,7.722858612088079e-05,rank_biserial,two_sided,0.00016732860326190837,True
group_snapshot,2,veh3_ttc_capped_sec,613,3078,ranked_vehicle_context,numeric,Top-three active-area vehicles describe immediate traffic exposure.,candidate,mann_whitney_u,0.15388480263555393,mann_whitney_u,613,3078,21.148544732760033,17.03361861063795,30.0,30.0,1088583.0,3.127848374524468e-11,rank_biserial,two_sided,8.625278850961412e-11,True
group_snapshot,3,veh3_ttc_capped_sec,770,2921,ranked_vehicle_context,numeric,Top-three active-area vehicles describe immediate traffic exposure.,candidate,mann_whitney_u,0.1598714192346511,mann_whitney_u,770,2921,21.08695703294996,16.828681646475193,30.0,30.0,1304374.0,4.991987718599104e-14,rank_biserial,two_sided,1.2979168068357672e-13,True
group_snapshot,1,veh3_ttc_infinite,316,3375,ranked_vehicle_context,binary,Top-three active-area vehicles describe immediate traffic exposure.,candidate,chi_square_or_fisher,0.06282128964520288,chi_square,316,3375,,,,,15.562908189807011,7.980490909127449e-05,cramers_v,"{""table"": {""0"": {""0"": 1521, ""1"": 106}, ""1"": {""0"": 1854, ""1"": 210}}, ""minimum_expected_count"": 139.29341641831482}",0.00016888945877455762,True
group_snapshot,2,veh3_ttc_infinite,613,3078,ranked_vehicle_context,binary,Top-three active-area vehicles describe immediate traffic exposure.,candidate,chi_square_or_fisher,0.1075806438640588,chi_square,613,3078,,,,,43.706833173452566,3.8143764738619404e-11,cramers_v,"{""table"": {""0"": {""0"": 1431, ""1"": 196}, ""1"": {""0"": 1647, ""1"": 417}}, ""minimum_expected_count"": 270.2115957735031}",9.641896086706572e-11,True
group_snapshot,3,veh3_ttc_infinite,770,2921,ranked_vehicle_context,binary,Top-three active-area vehicles describe immediate traffic exposure.,candidate,chi_square_or_fisher,0.1230391930219458,chi_square,770,2921,,,,,56.86185964202089,4.675259453961898e-14,cramers_v,"{""table"": {""0"": {""0"": 1380, ""1"": 247}, ""1"": {""0"": 1541, ""1"": 523}}, ""minimum_expected_count"": 339.41750203196966}",1.251319442089802e-13,True
group_snapshot,1,veh3_class,316,3375,ranked_vehicle_context,categorical,Top-three active-area vehicles describe immediate traffic exposure.,candidate,chi_square_or_fisher,0.059088736347097215,chi_square,316,3375,,,,,24.886807722147193,0.015368458795860275,cramers_v,"{""table"": {""0"": {""0"": 11, ""1"": 1}, ""1"": {""0"": 673, ""1"": 54}, ""10"": {""0"": 199, ""1"": 11}, ""11"": {""0"": 16, ""1"": 0}, ""13"": {""0"": 33, ""1"": 2}, ""2"": {""0"": 36, ""1"": 2}, ""3"": {""0"": 146, ""1"": 16}, ""5"": {""0"": 62, ""1"": 3}, ""6"": {""0"": 1, ""1"": 0}, ""7"": {""0"": 1070, ""1"": 89}, ""8"": {""0"": 50, ""1"": 2}, ""9"": {""0"": 557, ""1"": 80}, ""missing"": {""0"": 521, ""1"": 56}}, ""minimum_expected_count"": 0.08561365483608778}",0.021515842314204385,True
group_snapshot,2,veh3_class,613,3078,ranked_vehicle_context,categorical,Top-three active-area vehicles describe immediate traffic exposure.,candidate,chi_square_or_fisher,0.051767704845468006,chi_square,613,3078,,,,,21.89206483399149,0.03874746493781105,cramers_v,"{""table"": {""0"": {""0"": 11, ""1"": 1}, ""1"": {""0"": 607, ""1"": 120}, ""10"": {""0"": 185, ""1"": 25}, ""11"": {""0"": 16, ""1"": 0}, ""13"": {""0"": 32, ""1"": 3}, ""2"": {""0"": 35, ""1"": 3}, ""3"": {""0"": 135, ""1"": 27}, ""5"": {""0"": 57, ""1"": 8}, ""6"": {""0"": 1, ""1"": 0}, ""7"": {""0"": 976, ""1"": 183}, ""8"": {""0"": 44, ""1"": 8}, ""9"": {""0"": 503, ""1"": 134}, ""missing"": {""0"": 476, ""1"": 101}}, ""minimum_expected_count"": 0.16607965321051205}",0.05037170441915437,False
group_snapshot,3,veh3_class,770,2921,ranked_vehicle_context,categorical,Top-three active-area vehicles describe immediate traffic exposure.,candidate,chi_square_or_fisher,0.05433404337795898,chi_square,770,2921,,,,,22.896825948023658,0.02861473696362353,cramers_v,"{""table"": {""0"": {""0"": 10, ""1"": 2}, ""1"": {""0"": 576, ""1"": 151}, ""10"": {""0"": 182, ""1"": 28}, ""11"": {""0"": 16, ""1"": 0}, ""13"": {""0"": 29, ""1"": 6}, ""2"": {""0"": 29, ""1"": 9}, ""3"": {""0"": 129, ""1"": 33}, ""5"": {""0"": 54, ""1"": 11}, ""6"": {""0"": 1, ""1"": 0}, ""7"": {""0"": 929, ""1"": 230}, ""8"": {""0"": 43, ""1"": 9}, ""9"": {""0"": 475, ""1"": 162}, ""missing"": {""0"": 448, ""1"": 129}}, ""minimum_expected_count"": 0.20861555134109996}",0.03773827628535857,True
group_snapshot,1,veh3_history_mean_front_y_m,316,3375,ranked_vehicle_context,numeric,Top-three active-area vehicles describe immediate traffic exposure.,candidate,mann_whitney_u,-0.072741361651663,mann_whitney_u,260,2854,5.258855552529597,6.793397597965146,3.287377238095238,3.7165453809523807,344031.5,0.05182941398894093,rank_biserial,two_sided,0.06835473439121195,False
group_snapshot,2,veh3_history_mean_front_y_m,613,3078,ranked_vehicle_context,numeric,Top-three active-area vehicles describe immediate traffic exposure.,candidate,mann_whitney_u,-0.1300509523923905,mann_whitney_u,512,2602,5.095627341353389,6.9741345078698265,2.9155237619047623,3.8347140714285715,579483.5,3.187680533597108e-06,rank_biserial,two_sided,5.578440933794939e-06,True
group_snapshot,3,veh3_history_mean_front_y_m,770,2921,ranked_vehicle_context,numeric,Top-three active-area vehicles describe immediate traffic exposure.,candidate,mann_whitney_u,-0.14961143532680243,mann_whitney_u,641,2473,4.915275033279316,7.1188709631695035,2.9073009047619047,3.917865761904762,674015.0,5.044785008674621e-09,rank_biserial,two_sided,9.181508715787809e-09,True
group_snapshot,1,veh3_history_front_y_change_m,316,3375,ranked_vehicle_context,numeric,Top-three active-area vehicles describe immediate traffic exposure.,candidate,mann_whitney_u,0.13783353997089098,mann_whitney_u,260,2854,-2.60212285,-3.5542218507358094,-0.030840999999999848,-1.2665900000000003,422159.0,0.0002290186307683055,rank_biserial,two_sided,0.00044341905106203835,True
group_snapshot,2,veh3_history_front_y_change_m,613,3078,ranked_vehicle_context,numeric,Top-three active-area vehicles describe immediate traffic exposure.,candidate,mann_whitney_u,0.16684506509415842,mann_whitney_u,512,2602,-2.51304909765625,-3.663958480015373,-0.0272264999999998,-1.5540245,777249.5,2.2827463515525575e-09,rank_biserial,two_sided,4.72113449980188e-09,True
group_snapshot,3,veh3_history_front_y_change_m,770,2921,ranked_vehicle_context,numeric,Top-three active-area vehicles describe immediate traffic exposure.,candidate,mann_whitney_u,0.17329940265948696,mann_whitney_u,641,2473,-2.4745978174726986,-3.733960332389811,-0.0279019999999996,-1.7074319999999998,929953.0,1.2768227156728052e-11,rank_biserial,two_sided,2.8339235884445186e-11,True
group_snapshot,1,veh3_history_observed_fraction,316,3375,ranked_vehicle_context,numeric,Top-three active-area vehicles describe immediate traffic exposure.,candidate,mann_whitney_u,-0.03383028598218474,mann_whitney_u,316,3375,0.7701928872814948,0.7932134038800706,1.0,1.0,515210.0,0.22380356850355654,rank_biserial,two_sided,0.2789880100523787,False
group_snapshot,2,veh3_history_observed_fraction,613,3078,ranked_vehicle_context,numeric,Top-three active-area vehicles describe immediate traffic exposure.,candidate,mann_whitney_u,-0.007773421227529553,mann_whitney_u,613,3078,0.7820243921385847,0.79307837494972,1.0,1.0,936073.5,0.7100626024997969,rank_biserial,two_sided,0.7427091589365691,False
group_snapshot,3,veh3_history_observed_fraction,770,2921,ranked_vehicle_context,numeric,Top-three active-area vehicles describe immediate traffic exposure.,candidate,mann_whitney_u,-0.006892320278147013,mann_whitney_u,770,2921,0.7811379097093382,0.7939061965080452,1.0,1.0,1116834.0,0.7189242184454432,rank_biserial,two_sided,0.7519782055004061,False
