dataset,horizon_sec,feature_name,positive_rows,negative_rows,feature_id,block,history_definition,variable_type,unit,behavioural_reason,primary_association_test,effect_size,redundancy_check,predictive_ranking,selection_status,missing_handling,important_note,present_in_final_dataset,experiment_role,test,n_positive_nonmissing,n_negative_nonmissing,positive_mean,negative_mean,positive_median,negative_median,statistic,p_value,effect_size_name,test_detail,q_value_bh,fdr_significant_0p05
individual,1,current_x_m,1745,26394,P01,individual_motion,smoothed value at decision time,numeric,m,Position along the waiting boundary may reflect crossing opportunity,Mann-Whitney U,0.16397820291274856,Spearman,grouped permutation importance,candidate,median imputation plus missing audit,Coordinates are location-specific and require subgroup checking,True,individual_core,mann_whitney_u,1745,26394,2.6829185111747846,2.222895453322725,2.389336,1.871955,26804980.5,1.4743581930215488e-30,rank_biserial,two_sided,6.306976714592181e-30,True
individual,2,current_x_m,3801,24338,P01,individual_motion,smoothed value at decision time,numeric,m,Position along the waiting boundary may reflect crossing opportunity,Mann-Whitney U,0.15364365904548394,Spearman,grouped permutation importance,candidate,median imputation plus missing audit,Coordinates are location-specific and require subgroup checking,True,individual_core,mann_whitney_u,3801,24338,2.6317369707971587,2.1920274127290655,2.285288,1.8255565,53361059.5,1.4509968026252065e-52,rank_biserial,two_sided,5.0784888091882225e-52,True
individual,3,current_x_m,5167,22972,P01,individual_motion,smoothed value at decision time,numeric,m,Position along the waiting boundary may reflect crossing opportunity,Mann-Whitney U,0.12480752141911311,Spearman,grouped permutation importance,candidate,median imputation plus missing audit,Coordinates are location-specific and require subgroup checking,True,individual_core,mann_whitney_u,5167,22972,2.5389712955293207,2.1867460696935397,2.192762,1.8240645,66755259.0,8.908421675135522e-45,rank_biserial,two_sided,2.638263342251674e-44,True
individual,1,distance_to_crossing_line_m,1745,26394,P02,individual_motion,positive distance from current y to y=0,numeric,m,Smaller distance means the pedestrian is nearer crossing onset,Mann-Whitney U,-0.5079342726368522,Spearman,grouped permutation importance,candidate,not expected missing,Equivalent to negative y inside the waiting band,True,individual_core,mann_whitney_u,1745,26394,0.8965979151862463,1.6327356152534667,0.861246,1.7331555,11331666.0,1.8412332038747716e-277,rank_biserial,two_sided,1.4177495669835741e-275,True
individual,2,distance_to_crossing_line_m,3801,24338,P02,individual_motion,positive distance from current y to y=0,numeric,m,Smaller distance means the pedestrian is nearer crossing onset,Mann-Whitney U,-0.3735985891408442,Spearman,grouped permutation importance,candidate,not expected missing,Equivalent to negative y inside the waiting band,True,individual_core,mann_whitney_u,3801,24338,1.1244747227045513,1.6593335019311364,1.061434,1.7686545,28973802.0,2.6261903351795336e-301,rank_biserial,two_sided,2.2468517312091566e-300,True
individual,3,distance_to_crossing_line_m,5167,22972,P02,individual_motion,positive distance from current y to y=0,numeric,m,Smaller distance means the pedestrian is nearer crossing onset,Mann-Whitney U,-0.29048239943808196,Spearman,grouped permutation importance,candidate,not expected missing,Equivalent to negative y inside the waiting band,True,individual_core,mann_whitney_u,5167,22972,1.2493049303270758,1.6630606223228277,1.170839,1.7757345,42108565.5,3.356937057217459e-234,rank_biserial,two_sided,2.3498559400522217e-233,True
individual,1,current_vx_mps,1745,26394,P03,individual_motion,smoothed value at decision time,numeric,m/s,Lateral motion may indicate movement along the boundary rather than crossing,Mann-Whitney U,-0.0689800777419024,Spearman,grouped permutation importance,candidate,median imputation plus missing indicator,Current value competes with 2 s mean,True,individual_core,mann_whitney_u,1745,26394,-0.042124822349570205,0.012783002917329696,-0.056518,0.003263,21440239.0,1.3407284426708609e-06,rank_biserial,two_sided,2.0647218017131256e-06,True
individual,2,current_vx_mps,3801,24338,P03,individual_motion,smoothed value at decision time,numeric,m/s,Lateral motion may indicate movement along the boundary rather than crossing,Mann-Whitney U,-0.01755118527289823,Spearman,grouped permutation importance,candidate,median imputation plus missing indicator,Current value competes with 2 s mean,True,individual_core,mann_whitney_u,3801,24338,-0.027295342804525106,0.01510544670885036,-6.8e-05,0.0023829999999999997,45442550.0,0.0813344875250671,rank_biserial,two_sided,0.09209934616809068,False
individual,3,current_vx_mps,5167,22972,P03,individual_motion,smoothed value at decision time,numeric,m/s,Lateral motion may indicate movement along the boundary rather than crossing,Mann-Whitney U,0.0017592541450568433,Spearman,grouped permutation importance,candidate,median imputation plus missing indicator,Current value competes with 2 s mean,True,individual_core,mann_whitney_u,5167,22972,-0.02114367834333268,0.01624308506007314,0.016807,0.001773,59452570.5,0.8431240441996797,rank_biserial,two_sided,0.8523893990344678,False
individual,1,current_vy_mps,1745,26394,P04,individual_motion,smoothed value at decision time,numeric,m/s,Positive forward motion is direct evidence of approaching the road,Mann-Whitney U,0.47528931751225034,Spearman,grouped permutation importance,candidate,median imputation plus missing indicator,Current value competes with 2 s mean,True,individual_core,mann_whitney_u,1745,26394,0.9092266469914041,-0.07783130749412746,0.969925,-0.022026,33974091.0,3.2892593143155225e-243,rank_biserial,two_sided,8.442432240076508e-242,True
individual,2,current_vy_mps,3801,24338,P04,individual_motion,smoothed value at decision time,numeric,m/s,Positive forward motion is direct evidence of approaching the road,Mann-Whitney U,0.4540852238196136,Spearman,grouped permutation importance,candidate,median imputation plus missing indicator,Current value competes with 2 s mean,True,individual_core,mann_whitney_u,3801,24338,0.741248728492502,-0.1349809124825376,0.69527,-0.035448499999999994,67257794.5,0.0,rank_biserial,two_sided,0.0,True
individual,3,current_vy_mps,5167,22972,P04,individual_motion,smoothed value at decision time,numeric,m/s,Positive forward motion is direct evidence of approaching the road,Mann-Whitney U,0.4400462730421204,Spearman,grouped permutation importance,candidate,median imputation plus missing indicator,Current value competes with 2 s mean,True,individual_core,mann_whitney_u,5167,22972,0.6682424580994775,-0.17066375639909456,0.582329,-0.043072,85464099.5,0.0,rank_biserial,two_sided,0.0,True
individual,1,current_speed_mps,1745,26394,P05,individual_motion,smoothed value at decision time,numeric,m/s,Separates stationary waiting from active movement,Mann-Whitney U,0.5044231203887832,Spearman,grouped permutation importance,candidate,median imputation plus missing indicator,May be redundant with vx and vy,True,individual_core,mann_whitney_u,1745,26394,1.9028069295128942,0.9400991799651436,1.518282,0.552926,34645006.5,1.1431026860412705e-273,rank_biserial,two_sided,4.4009453412588916e-272,True
individual,2,current_speed_mps,3801,24338,P05,individual_motion,smoothed value at decision time,numeric,m/s,Separates stationary waiting from active movement,Mann-Whitney U,0.42615264084566795,Spearman,grouped permutation importance,candidate,median imputation plus missing indicator,May be redundant with vx and vy,True,individual_core,mann_whitney_u,3801,24338,1.6082974796106289,0.9047677347358041,1.250872,0.509214,65965790.5,0.0,rank_biserial,two_sided,0.0,True
individual,3,current_speed_mps,5167,22972,P05,individual_motion,smoothed value at decision time,numeric,m/s,Separates stationary waiting from active movement,Mann-Whitney U,0.3960036285538211,Spearman,grouped permutation importance,candidate,median imputation plus missing indicator,May be redundant with vx and vy,True,individual_core,mann_whitney_u,5167,22972,1.498646967098897,0.8875965074438448,1.176562,0.4846575,82850249.5,0.0,rank_biserial,two_sided,0.0,True
individual,1,history_mean_vx_mps,1745,26394,P06,individual_motion,mean across previous 2 s,numeric,m/s,Stable lateral movement reduces frame-level jitter,Mann-Whitney U,-0.08160079361615791,Spearman,grouped permutation importance,candidate,mean over available valid observations,Preferred over a single noisy frame when similarly predictive,True,individual_core,mann_whitney_u,1745,26394,-0.08958076847104489,-0.022315728461538308,-0.0404222857142857,-0.0019269747899159002,21149599.5,1.0779333733571303e-08,rank_biserial,two_sided,1.980514312871994e-08,True
individual,2,history_mean_vx_mps,3801,24338,P06,individual_motion,mean across previous 2 s,numeric,m/s,Stable lateral movement reduces frame-level jitter,Mann-Whitney U,-0.01637600979920406,Spearman,grouped permutation importance,candidate,mean over available valid observations,Preferred over a single noisy frame when similarly predictive,True,individual_core,mann_whitney_u,3801,24338,-0.06521557927943072,-0.020438629351413398,-0.0111950476190476,-0.0021840952380952,45496907.0,0.10388816096095017,rank_biserial,two_sided,0.11266744216891779,False
individual,3,history_mean_vx_mps,5167,22972,P06,individual_motion,mean across previous 2 s,numeric,m/s,Stable lateral movement reduces frame-level jitter,Mann-Whitney U,0.009520699225697982,Spearman,grouped permutation importance,candidate,mean over available valid observations,Preferred over a single noisy frame when similarly predictive,True,individual_core,mann_whitney_u,5167,22972,-0.053417041431562874,-0.020429824347855226,1.0476190476184432e-06,-0.0025200476190475997,59913198.0,0.2841736370711133,rank_biserial,two_sided,0.31712130513732933,False
individual,1,history_mean_vy_mps,1745,26394,P07,individual_motion,mean across previous 2 s,numeric,m/s,Stable forward movement is expected to indicate crossing preparation,Mann-Whitney U,0.4302357942338637,Spearman,grouped permutation importance,candidate,mean over available valid observations,Core behavioural candidate,True,individual_core,mann_whitney_u,1745,26394,0.5319323836452317,-0.06812039890038461,0.5896998095238095,-0.006180619047619,32936564.0,1.146760174556246e-199,rank_biserial,two_sided,1.2614361920118706e-198,True
individual,2,history_mean_vy_mps,3801,24338,P07,individual_motion,mean across previous 2 s,numeric,m/s,Stable forward movement is expected to indicate crossing preparation,Mann-Whitney U,0.5398376097185544,Spearman,grouped permutation importance,candidate,mean over available valid observations,Core behavioural candidate,True,individual_core,mann_whitney_u,3801,24338,0.5595110684952184,-0.12311814325195773,0.6347530952380952,-0.0136004285714285,71224217.0,0.0,rank_biserial,two_sided,0.0,True
individual,3,history_mean_vy_mps,5167,22972,P07,individual_motion,mean across previous 2 s,numeric,m/s,Stable forward movement is expected to indicate crossing preparation,Mann-Whitney U,0.564054098254972,Spearman,grouped permutation importance,candidate,mean over available valid observations,Core behavioural candidate,True,individual_core,mann_whitney_u,5167,22972,0.5277766311607577,-0.15657189849919279,0.5859040000000001,-0.0196060952380952,92823736.0,0.0,rank_biserial,two_sided,0.0,True
individual,1,history_mean_speed_mps,1745,26394,P08,individual_motion,mean across previous 2 s,numeric,m/s,Represents general activity over the observation period,Mann-Whitney U,0.46858305254319976,Spearman,grouped permutation importance,candidate,mean over available valid observations,May be redundant with mean vx and vy,True,individual_core,mann_whitney_u,1745,26394,1.5385125544196658,0.9722505462989118,1.4746357142857145,0.8854914285714286,33819654.0,1.8722411253464219e-236,rank_biserial,two_sided,3.604064166291862e-235,True
individual,2,history_mean_speed_mps,3801,24338,P08,individual_motion,mean across previous 2 s,numeric,m/s,Represents general activity over the observation period,Mann-Whitney U,0.4245014562840539,Spearman,grouped permutation importance,candidate,mean over available valid observations,May be redundant with mean vx and vy,True,individual_core,mann_whitney_u,3801,24338,1.4417161004566201,0.9395316964680821,1.3738640952380952,0.8307415,65889416.0,0.0,rank_biserial,two_sided,0.0,True
individual,3,history_mean_speed_mps,5167,22972,P08,individual_motion,mean across previous 2 s,numeric,m/s,Represents general activity over the observation period,Mann-Whitney U,0.39492538960178747,Spearman,grouped permutation importance,candidate,mean over available valid observations,May be redundant with mean vx and vy,True,individual_core,mann_whitney_u,5167,22972,1.3851796815185775,0.9223864666580754,1.313786761904762,0.8021553809523809,82786258.0,0.0,rank_biserial,two_sided,0.0,True
individual,1,history_speed_std_mps,1745,26394,P09,individual_motion,standard deviation across previous 2 s,numeric,m/s,Stop-start behaviour may indicate hesitation or preparation,Mann-Whitney U,0.3824354888332049,Spearman,grouped permutation importance,candidate,computed over available valid observations,Requires at least two valid observations,True,individual_core,mann_whitney_u,1745,26394,1.090995371116009,0.7406387190378014,0.9442481234446222,0.5745623694971647,31835782.0,3.3830707972182306e-158,rank_biserial,two_sided,2.3681495580527618e-157,True
individual,2,history_speed_std_mps,3801,24338,P09,individual_motion,standard deviation across previous 2 s,numeric,m/s,Stop-start behaviour may indicate hesitation or preparation,Mann-Whitney U,0.348142831653373,Spearman,grouped permutation importance,candidate,computed over available valid observations,Requires at least two valid observations,True,individual_core,mann_whitney_u,3801,24338,1.0279268324353057,0.7208914201164667,0.8791488286655775,0.5479826358255888,62357496.0,6.252346517725674e-262,rank_biserial,two_sided,4.376642562407971e-261,True
individual,3,history_speed_std_mps,5167,22972,P09,individual_motion,standard deviation across previous 2 s,numeric,m/s,Stop-start behaviour may indicate hesitation or preparation,Mann-Whitney U,0.3369997203957218,Spearman,grouped permutation importance,candidate,computed over available valid observations,Requires at least two valid observations,True,individual_core,mann_whitney_u,5167,22972,1.0030052772532683,0.7082394656674876,0.8536094990789573,0.5320280690219332,79348476.0,0.0,rank_biserial,two_sided,0.0,True
individual,1,history_vy_slope_mps2,1745,26394,P10,individual_motion,linear slope of vy across previous 2 s,numeric,m/s^2,Increasing forward velocity may indicate developing intention,Mann-Whitney U,0.021533373587337312,Spearman,grouped permutation importance,candidate,computed only with sufficient time points,More robust than raw frame acceleration,True,individual_core,mann_whitney_u,1745,26394,-0.06349540711324309,0.008012757787451297,0.0544971168831323,0.0049840454545442,23524652.0,0.13132426761743696,rank_biserial,two_sided,0.14445669437918066,False
individual,2,history_vy_slope_mps2,3801,24338,P10,individual_motion,linear slope of vy across previous 2 s,numeric,m/s^2,Increasing forward velocity may indicate developing intention,Mann-Whitney U,0.024943784229334076,Spearman,grouped permutation importance,candidate,computed only with sufficient time points,More robust than raw frame acceleration,True,individual_core,mann_whitney_u,3801,24338,-0.02859906941288347,0.00860359546666737,0.04695680519483,0.00415653896103875,47408128.0,0.013243663953315953,rank_biserial,two_sided,0.016186700387386163,True
individual,3,history_vy_slope_mps2,5167,22972,P10,individual_motion,linear slope of vy across previous 2 s,numeric,m/s^2,Increasing forward velocity may indicate developing intention,Mann-Whitney U,0.024802014930133787,Spearman,grouped permutation importance,candidate,computed only with sufficient time points,More robust than raw frame acceleration,True,individual_core,mann_whitney_u,5167,22972,-0.015095373036543269,0.0077784710129374665,0.0413385714286547,0.0037767333205978,60820116.0,0.005270822020075811,rank_biserial,two_sided,0.0067642215924306245,True
individual,1,history_x_displacement_m,1745,26394,P11,individual_motion,last x minus first x over previous 2 s,numeric,m,Measures net movement along the waiting boundary,Mann-Whitney U,-0.08159551760591588,Spearman,grouped permutation importance,candidate,computed from available endpoints,May correlate with mean vx,True,individual_core,mann_whitney_u,1745,26394,-0.1780354011461318,-0.04243064582859741,-0.0798959999999999,-0.0036799999999996,21149721.0,1.080280534293815e-08,rank_biserial,two_sided,1.980514312871994e-08,True
individual,2,history_x_displacement_m,3801,24338,P11,individual_motion,last x minus first x over previous 2 s,numeric,m,Measures net movement along the waiting boundary,Mann-Whitney U,-0.0169807526722503,Spearman,grouped permutation importance,candidate,computed from available endpoints,May correlate with mean vx,True,individual_core,mann_whitney_u,3801,24338,-0.13284032596685083,-0.03803353447284083,-0.0172299999999996,-0.0042244999999999,45468935.0,0.09172922654063964,rank_biserial,two_sided,0.10090214919470361,False
individual,3,history_x_displacement_m,5167,22972,P11,individual_motion,last x minus first x over previous 2 s,numeric,m,Measures net movement along the waiting boundary,Mann-Whitney U,0.008765612657052557,Spearman,grouped permutation importance,candidate,computed from available endpoints,May correlate with mean vx,True,individual_core,mann_whitney_u,5167,22972,-0.11094352680472226,-0.037321131725578965,0.002509,-0.0049375,59868385.0,0.324108425809959,rank_biserial,two_sided,0.35651926839095494,False
individual,1,history_y_displacement_m,1745,26394,P12,individual_motion,last y minus first y over previous 2 s,numeric,m,Measures net movement toward or away from crossing onset,Mann-Whitney U,0.4254426149209478,Spearman,grouped permutation importance,candidate,computed from available endpoints,May correlate with mean vy,True,individual_core,mann_whitney_u,1745,26394,1.0471609541547278,-0.13752689675683868,1.197254,-0.0125314999999999,32826183.0,2.737767557513636e-195,rank_biserial,two_sided,2.6351012741068745e-194,True
individual,2,history_y_displacement_m,3801,24338,P12,individual_motion,last y minus first y over previous 2 s,numeric,m,Measures net movement toward or away from crossing onset,Mann-Whitney U,0.5351950212530194,Spearman,grouped permutation importance,candidate,computed from available endpoints,May correlate with mean vy,True,individual_core,mann_whitney_u,3801,24338,1.1030752575637992,-0.24633815851754456,1.257946,-0.027361999999999997,71009477.0,0.0,rank_biserial,two_sided,0.0,True
individual,3,history_y_displacement_m,5167,22972,P12,individual_motion,last y minus first y over previous 2 s,numeric,m,Measures net movement toward or away from crossing onset,Mann-Whitney U,0.5585832632862329,Spearman,grouped permutation importance,candidate,computed from available endpoints,May correlate with mean vy,True,individual_core,mann_whitney_u,5167,22972,1.0404407691116702,-0.31249114147658014,1.1634109999999998,-0.03784849999999995,92499052.0,0.0,rank_biserial,two_sided,0.0,True
individual,1,window_low_speed_fraction,1745,26394,W01,individual_waiting,fraction of previous 2 s at speed <=0.5 m/s,numeric,proportion,Quantifies recent stationary waiting rather than one-frame speed,Mann-Whitney U,-0.4237306255893445,Spearman,grouped permutation importance,candidate,computed over valid speed observations,Threshold sensitivity will later be checked,True,individual_core,mann_whitney_u,1745,26394,0.1953459090870048,0.4587993148229009,0.1428571428571428,0.3809523809523809,13270772.0,5.395192067408106e-195,rank_biserial,two_sided,4.615886546560269e-194,True
individual,2,window_low_speed_fraction,3801,24338,W01,individual_waiting,fraction of previous 2 s at speed <=0.5 m/s,numeric,proportion,Quantifies recent stationary waiting rather than one-frame speed,Mann-Whitney U,-0.4188171067688763,Spearman,grouped permutation importance,candidate,computed over valid speed observations,Threshold sensitivity will later be checked,True,individual_core,mann_whitney_u,3801,24338,0.21421562680191455,0.4781080667810992,0.1428571428571428,0.4285714285714285,26882248.0,0.0,rank_biserial,two_sided,0.0,True
individual,3,window_low_speed_fraction,5167,22972,W01,individual_waiting,fraction of previous 2 s at speed <=0.5 m/s,numeric,proportion,Quantifies recent stationary waiting rather than one-frame speed,Mann-Whitney U,-0.39692110431322203,Spearman,grouped permutation importance,candidate,computed over valid speed observations,Threshold sensitivity will later be checked,True,individual_core,mann_whitney_u,5167,22972,0.2358420489875706,0.48893574175838816,0.1428571428571428,0.4285714285714285,35791624.0,0.0,rank_biserial,two_sided,0.0,True
individual,1,waiting_band_dwell_sec,1745,26394,W02,individual_waiting,causal duration inside active-area band -2<=y<0,numeric,s,Longer waiting may change crossing acceptance behaviour,Mann-Whitney U,-0.2343235948606015,Spearman,grouped permutation importance,candidate,left-censoring reported separately,Uses history before the 2 s window when available,True,individual_core,mann_whitney_u,1745,26394,2.7116905444126087,6.5150223535652065,1.8999999999999544,2.699999999999909,17632582.0,1.3605445072644733e-60,rank_biserial,two_sided,8.730160588280372e-60,True
individual,2,waiting_band_dwell_sec,3801,24338,W02,individual_waiting,causal duration inside active-area band -2<=y<0,numeric,s,Longer waiting may change crossing acceptance behaviour,Mann-Whitney U,-0.23043391857750783,Spearman,grouped permutation importance,candidate,left-censoring reported separately,Uses history before the 2 s window when available,True,individual_core,mann_whitney_u,3801,24338,2.8573270192054747,6.813571369874272,1.900000000000182,2.8000000000000456,35595793.5,6.464127568163383e-116,rank_biserial,two_sided,4.147815189571504e-115,True
individual,3,waiting_band_dwell_sec,5167,22972,W02,individual_waiting,causal duration inside active-area band -2<=y<0,numeric,s,Longer waiting may change crossing acceptance behaviour,Mann-Whitney U,-0.24311816935459607,Spearman,grouped permutation importance,candidate,left-censoring reported separately,Uses history before the 2 s window when available,True,individual_core,mann_whitney_u,5167,22972,2.952757886587963,7.027359394044925,1.900000000000182,2.900000000000182,44919545.5,1.073776671597623e-164,rank_biserial,two_sided,6.890066976084748e-164,True
individual,1,waiting_low_speed_time_sec,1745,26394,W03,individual_waiting,causal cumulative low-speed time in current waiting episode,numeric,s,Tests whether cumulative low-velocity waiting beyond the fixed 2 s history affects crossing intention,Mann-Whitney U,-0.39412899475938024,Spearman,separate sensitivity validation,sensitivity_only,left-censoring reported separately,Report as low_velocity_total_waiting_time_sec; causal past-only state variable that may exceed 2 s and is excluded from the primary fixed-history ranking,True,individual_core,mann_whitney_u,1745,26394,0.8619484240687678,4.587444116086989,0.1,1.0,13952461.0,1.225221120834744e-169,rank_biserial,two_sided,9.434202630427528e-169,True
individual,2,waiting_low_speed_time_sec,3801,24338,W03,individual_waiting,causal cumulative low-speed time in current waiting episode,numeric,s,Tests whether cumulative low-velocity waiting beyond the fixed 2 s history affects crossing intention,Mann-Whitney U,-0.3625852943751108,Spearman,separate sensitivity validation,sensitivity_only,left-censoring reported separately,Report as low_velocity_total_waiting_time_sec; causal past-only state variable that may exceed 2 s and is excluded from the primary fixed-history ranking,True,individual_core,mann_whitney_u,3801,24338,1.032965009208103,4.875454022516229,0.2,1.1,29483215.0,6.755076761060878e-287,rank_biserial,two_sided,5.201409106016876e-286,True
individual,3,waiting_low_speed_time_sec,5167,22972,W03,individual_waiting,causal cumulative low-speed time in current waiting episode,numeric,s,Tests whether cumulative low-velocity waiting beyond the fixed 2 s history affects crossing intention,Mann-Whitney U,-0.34845796909430826,Spearman,separate sensitivity validation,sensitivity_only,left-censoring reported separately,Report as low_velocity_total_waiting_time_sec; causal past-only state variable that may exceed 2 s and is excluded from the primary fixed-history ranking,True,individual_core,mann_whitney_u,5167,22972,1.1718792335978325,5.07269719658715,0.2,1.2000000000000002,38667822.0,0.0,rank_biserial,two_sided,0.0,True
individual,1,gender,1745,26394,D01,individual_demography,best track-level gender label,categorical,category,Individual demographic differences are an explanatory research question,Chi-square or Fisher,0.03794404020344976,Cramer's V,grouped permutation importance,candidate,unknown retained as category,Classification uncertainty and bias must be documented,True,individual_core,chi_square,1745,26394,,,,,42.51176178779865,5.870677450009491e-10,cramers_v,"{""table"": {""female"": {""0"": 4141, ""1"": 225}, ""male"": {""0"": 17062, ""1"": 1261}, ""unknown"": {""0"": 5191, ""1"": 259}}, ""minimum_expected_count"": 270.75127047869506}",1.2556726768075856e-09,True
individual,2,gender,3801,24338,D01,individual_demography,best track-level gender label,categorical,category,Individual demographic differences are an explanatory research question,Chi-square or Fisher,0.06152603116078604,Cramer's V,grouped permutation importance,candidate,unknown retained as category,Classification uncertainty and bias must be documented,True,individual_core,chi_square,3801,24338,,,,,108.5151336813048,2.730474466107001e-24,cramers_v,"{""table"": {""female"": {""0"": 3890, ""1"": 476}, ""male"": {""0"": 15564, ""1"": 2759}, ""unknown"": {""0"": 4884, ""1"": 566}}, ""minimum_expected_count"": 589.7567788478624}",6.183721585007032e-24,True
individual,3,gender,5167,22972,D01,individual_demography,best track-level gender label,categorical,category,Individual demographic differences are an explanatory research question,Chi-square or Fisher,0.06125280771470235,Cramer's V,grouped permutation importance,candidate,unknown retained as category,Classification uncertainty and bias must be documented,True,individual_core,chi_square,5167,22972,,,,,107.57121471758299,4.377312156258972e-24,cramers_v,"{""table"": {""female"": {""0"": 3676, ""1"": 690}, ""male"": {""0"": 14641, ""1"": 3682}, ""unknown"": {""0"": 4655, ""1"": 795}}, ""minimum_expected_count"": 801.7030455950816}",9.362584334220579e-24,True
individual,1,age_group,1745,26394,D02,individual_demography,best track-level age group,categorical,category,Age category may influence movement and gap acceptance,Chi-square or Fisher,0.013554901635508551,Cramer's V,grouped permutation importance,candidate,unknown retained as category,No numerical age is created,True,individual_core,chi_square,1745,26394,,,,,8.170052124060762,0.04262491631424259,cramers_v,"{""table"": {""adult"": {""0"": 9454, ""1"": 662}, ""old"": {""0"": 829, ""1"": 46}, ""unknown"": {""0"": 13017, ""1"": 811}, ""young"": {""0"": 3094, ""1"": 226}}, ""minimum_expected_count"": 54.26187853157539}",0.04972906903328302,True
individual,2,age_group,3801,24338,D02,individual_demography,best track-level age group,categorical,category,Age category may influence movement and gap acceptance,Chi-square or Fisher,0.021808841649020392,Cramer's V,grouped permutation importance,candidate,unknown retained as category,No numerical age is created,True,individual_core,chi_square,3801,24338,,,,,16.383259003721665,0.0009461997809512918,cramers_v,"{""table"": {""adult"": {""0"": 8689, ""1"": 1427}, ""old"": {""0"": 776, ""1"": 99}, ""unknown"": {""0"": 12046, ""1"": 1782}, ""young"": {""0"": 2827, ""1"": 493}}, ""minimum_expected_count"": 118.19449873840577}",0.0012348709005635503,True
individual,3,age_group,5167,22972,D02,individual_demography,best track-level age group,categorical,category,Age category may influence movement and gap acceptance,Chi-square or Fisher,0.02298671167493514,Cramer's V,grouped permutation importance,candidate,unknown retained as category,No numerical age is created,True,individual_core,chi_square,5167,22972,,,,,17.867913850232515,0.0004683182469065461,cramers_v,"{""table"": {""adult"": {""0"": 8152, ""1"": 1964}, ""old"": {""0"": 732, ""1"": 143}, ""unknown"": {""0"": 11405, ""1"": 2423}, ""young"": {""0"": 2683, ""1"": 637}}, ""minimum_expected_count"": 160.67113259177654}",0.0006677871298482232,True
individual,1,history_observed_fraction,1745,26394,Q01,data_quality,fraction of expected 10 Hz history directly observed,numeric,proportion,Allows the model audit to quantify occlusion and reconstruction quality,Mann-Whitney U,-0.10125254220102553,Spearman,grouped permutation importance,candidate,always defined,Quality variable not behavioural evidence,True,individual_core,mann_whitney_u,1745,26394,0.9556829035339066,0.9671263671036348,1.0,1.0,20697044.0,6.94725761163986e-19,rank_biserial,two_sided,2.325821026505518e-18,True
individual,2,history_observed_fraction,3801,24338,Q01,data_quality,fraction of expected 10 Hz history directly observed,numeric,proportion,Allows the model audit to quantify occlusion and reconstruction quality,Mann-Whitney U,-0.08501192611664421,Spearman,grouped permutation importance,candidate,always defined,Quality variable not behavioural evidence,True,individual_core,mann_whitney_u,3801,24338,0.9585697999273376,0.9676422134306923,1.0,1.0,42322196.0,4.5014721127170236e-26,rank_biserial,two_sided,1.118107589287777e-25,True
individual,3,history_observed_fraction,5167,22972,Q01,data_quality,fraction of expected 10 Hz history directly observed,numeric,proportion,Allows the model audit to quantify occlusion and reconstruction quality,Mann-Whitney U,-0.09221368978537192,Spearman,grouped permutation importance,candidate,always defined,Quality variable not behavioural evidence,True,individual_core,mann_whitney_u,5167,22972,0.9579658455214871,0.9683175377063589,1.0,1.0,53875449.0,1.6600854117974838e-38,rank_biserial,two_sided,4.407812989945043e-38,True
individual,1,history_interpolated_fraction,1745,26394,Q02,data_quality,fraction of expected history reconstructed,numeric,proportion,Tests whether reconstructed observations influence predictions,Mann-Whitney U,0.07377566708418803,Spearman,grouped permutation importance,candidate,always defined,Quality variable not behavioural evidence,True,individual_core,mann_whitney_u,1745,26394,0.03053622595169872,0.023980919184374512,0.0,0.0,24727727.5,8.439536474823961e-12,rank_biserial,two_sided,2.1661476952048168e-11,True
individual,2,history_interpolated_fraction,3801,24338,Q02,data_quality,fraction of expected history reconstructed,numeric,proportion,Tests whether reconstructed observations influence predictions,Mann-Whitney U,0.0602441144532746,Spearman,grouped permutation importance,candidate,always defined,Quality variable not behavioural evidence,True,individual_core,mann_whitney_u,3801,24338,0.02821312687137469,0.02378995809022926,0.0,0.0,49040922.5,2.6725471027657248e-15,rank_biserial,two_sided,5.14465317282402e-15,True
individual,3,history_interpolated_fraction,5167,22972,Q02,data_quality,fraction of expected history reconstructed,numeric,proportion,Tests whether reconstructed observations influence predictions,Mann-Whitney U,0.06526464122005993,Spearman,grouped permutation importance,candidate,always defined,Quality variable not behavioural evidence,True,individual_core,mann_whitney_u,5167,22972,0.028615665348779337,0.02343639876288317,0.0,0.0,63221498.5,2.989936207347701e-22,rank_biserial,two_sided,6.058554946467711e-22,True
individual,1,history_max_unobserved_gap_sec,1745,26394,Q03,data_quality,longest missing interval in previous 2 s,numeric,s,Large occlusions may make intention less reliable,Mann-Whitney U,0.10377836154044728,Spearman,grouped permutation importance,candidate,always defined,Quality variable not behavioural evidence,True,individual_core,mann_whitney_u,1745,26394,0.0783381088825215,0.05601651890581193,0.0,0.0,25418652.5,8.056409894255556e-20,rank_biserial,two_sided,2.8197434629894448e-19,True
individual,2,history_max_unobserved_gap_sec,3801,24338,Q03,data_quality,longest missing interval in previous 2 s,numeric,s,Large occlusions may make intention less reliable,Mann-Whitney U,0.08724170467010373,Spearman,grouped permutation importance,candidate,always defined,Quality variable not behavioural evidence,True,individual_core,mann_whitney_u,3801,24338,0.07290186792949224,0.05497986687484591,0.0,0.0,50289679.0,1.8561292425214354e-27,rank_biserial,two_sided,4.764065055805017e-27,True
individual,3,history_max_unobserved_gap_sec,5167,22972,Q03,data_quality,longest missing interval in previous 2 s,numeric,s,Large occlusions may make intention less reliable,Mann-Whitney U,0.09463388268030948,Spearman,grouped permutation importance,candidate,always defined,Quality variable not behavioural evidence,True,individual_core,mann_whitney_u,5167,22972,0.07389200696729244,0.05369145046143131,0.0,0.0,64964509.0,1.3623542732672026e-40,rank_biserial,two_sided,3.885232557095356e-40,True
individual,1,active_vehicle_count,1745,26394,T01,traffic_context,count of vehicles inside vehicle active area at decision time,count,count,Represents overall traffic exposure,Mann-Whitney U,0.05077478101843491,Spearman,grouped permutation importance,candidate,zero means none present,Vehicle active area only,True,individual_core,mann_whitney_u,1745,26394,15.916905444126074,14.854663938773964,16.0,13.0,24198045.5,0.0003709084475135704,rank_biserial,two_sided,0.0005192718265189986,True
individual,2,active_vehicle_count,3801,24338,T01,traffic_context,count of vehicles inside vehicle active area at decision time,count,count,Represents overall traffic exposure,Mann-Whitney U,0.04302798942084807,Spearman,grouped permutation importance,candidate,zero means none present,Vehicle active area only,True,individual_core,mann_whitney_u,3801,24338,15.834254143646408,14.777837127126304,15.0,13.0,48244601.5,1.9068706041755135e-05,rank_biserial,two_sided,2.621947080741331e-05,True
individual,3,active_vehicle_count,5167,22972,T01,traffic_context,count of vehicles inside vehicle active area at decision time,count,count,Represents overall traffic exposure,Mann-Whitney U,0.023732310362029496,Spearman,grouped permutation importance,candidate,zero means none present,Vehicle active area only,True,individual_core,mann_whitney_u,5167,22972,15.556028643313335,14.777598815949853,14.0,13.0,60756631.0,0.007558162132876613,rank_biserial,two_sided,0.00954063088904097,True
individual,1,approaching_vehicle_count,1745,26394,T02,traffic_context,count of relevant active vehicles with closing motion,count,count,Represents immediate approaching traffic pressure,Mann-Whitney U,-0.08141070526361271,Spearman,grouped permutation importance,candidate,zero means none approaching,Definition will use vehicle y and vy only,True,individual_core,mann_whitney_u,1745,26394,6.195988538681949,6.496135485337577,3.0,4.0,21153977.0,1.0436944406666788e-08,rank_biserial,two_sided,1.980514312871994e-08,True
individual,2,approaching_vehicle_count,3801,24338,T02,traffic_context,count of relevant active vehicles with closing motion,count,count,Represents immediate approaching traffic pressure,Mann-Whitney U,-0.12647260413389272,Spearman,grouped permutation importance,candidate,zero means none approaching,Definition will use vehicle y and vy only,True,individual_core,mann_whitney_u,3801,24338,5.621415416995528,6.611225244473663,3.0,5.0,40404458.5,2.076769003957315e-36,rank_biserial,two_sided,5.922637529804195e-36,True
individual,3,approaching_vehicle_count,5167,22972,T02,traffic_context,count of relevant active vehicles with closing motion,count,count,Represents immediate approaching traffic pressure,Mann-Whitney U,-0.13871625881185667,Spearman,grouped permutation importance,candidate,zero means none approaching,Definition will use vehicle y and vy only,True,individual_core,mann_whitney_u,5167,22972,5.514805496419585,6.694062336757792,3.0,5.0,51115607.0,3.0353890918587732e-55,rank_biserial,two_sided,9.738540003046897e-55,True
individual,1,stopped_vehicle_count,1745,26394,T03,traffic_context,count of active vehicles below stopped-speed threshold,count,count,Stopped vehicles may permit or obstruct crossing,Mann-Whitney U,0.07008239477887757,Spearman,grouped permutation importance,candidate,zero means none stopped,Threshold must be documented,True,individual_core,mann_whitney_u,1745,26394,8.193696275071634,6.809161172993862,3.0,2.0,24642676.0,4.538825791243043e-07,rank_biserial,two_sided,7.281033040119047e-07,True
individual,2,stopped_vehicle_count,3801,24338,T03,traffic_context,count of active vehicles below stopped-speed threshold,count,count,Stopped vehicles may permit or obstruct crossing,Mann-Whitney U,0.09543894113008,Spearman,grouped permutation importance,candidate,zero means none stopped,Threshold must be documented,True,individual_core,mann_whitney_u,3801,24338,8.61483820047356,6.626427808365519,3.0,2.0,50668837.0,2.105458641471084e-22,rank_biserial,two_sided,4.381630145764147e-22,True
individual,3,stopped_vehicle_count,5167,22972,T03,traffic_context,count of active vehicles below stopped-speed threshold,count,count,Stopped vehicles may permit or obstruct crossing,Mann-Whitney U,0.07780350468140873,Spearman,grouped permutation importance,candidate,zero means none stopped,Threshold must be documented,True,individual_core,mann_whitney_u,5167,22972,8.436036384749372,6.548406756050844,3.0,2.0,63965657.0,2.4505127342641684e-19,rank_biserial,two_sided,4.83819180867541e-19,True
individual,1,veh1_present,1745,26394,V01.1,ranked_vehicle_context,current presence for each of three ranked vehicles,binary,0/1,Absence of a relevant vehicle is itself informative,Chi-square or Fisher,0.006267375952949842,phi or direct duplicate check,grouped permutation importance,candidate,zero when rank unavailable,Vehicle rank 1. Expands into three separate ranked features,True,individual_core,chi_square,1745,26394,,,,,2.1052962153141084,0.14678991505103087,cramers_v,"{""table"": {""0"": {""0"": 1276, ""1"": 71}, ""1"": {""0"": 25118, ""1"": 1674}}, ""minimum_expected_count"": 83.53228615089378}",0.1569836591517969,False
individual,2,veh1_present,3801,24338,V01.1,ranked_vehicle_context,current presence for each of three ranked vehicles,binary,0/1,Absence of a relevant vehicle is itself informative,Chi-square or Fisher,0.008281187888160851,phi or direct duplicate check,grouped permutation importance,candidate,zero when rank unavailable,Vehicle rank 1. Expands into three separate ranked features,True,individual_core,chi_square,3801,24338,,,,,2.929685350235776,0.08696444011724622,cramers_v,"{""table"": {""0"": {""0"": 1186, ""1"": 161}, ""1"": {""0"": 23152, ""1"": 3640}}, ""minimum_expected_count"": 181.9519883435801}",0.09704727375402838,False
individual,3,veh1_present,5167,22972,V01.1,ranked_vehicle_context,current presence for each of three ranked vehicles,binary,0/1,Absence of a relevant vehicle is itself informative,Chi-square or Fisher,0.003718142563035352,phi or direct duplicate check,grouped permutation importance,candidate,zero when rank unavailable,Vehicle rank 1. Expands into three separate ranked features,True,individual_core,chi_square,5167,22972,,,,,1.3890316865792391,0.2385686926415495,cramers_v,"{""table"": {""0"": {""0"": 1116, ""1"": 231}, ""1"": {""0"": 21856, ""1"": 4936}}, ""minimum_expected_count"": 247.34173211556913}",0.27014396078528397,False
individual,1,veh2_present,1745,26394,V01.2,ranked_vehicle_context,current presence for each of three ranked vehicles,binary,0/1,Absence of a relevant vehicle is itself informative,Chi-square or Fisher,0.0,phi or direct duplicate check,grouped permutation importance,candidate,zero when rank unavailable,Vehicle rank 2. Expands into three separate ranked features,True,individual_core,chi_square,1745,26394,,,,,0.10773877137870205,0.7427333457701215,cramers_v,"{""table"": {""0"": {""0"": 2703, ""1"": 183}, ""1"": {""0"": 23691, ""1"": 1562}}, ""minimum_expected_count"": 178.97117879100182}",0.7427333457701215,False
individual,2,veh2_present,3801,24338,V01.2,ranked_vehicle_context,current presence for each of three ranked vehicles,binary,0/1,Absence of a relevant vehicle is itself informative,Chi-square or Fisher,0.0,phi or direct duplicate check,grouped permutation importance,candidate,zero when rank unavailable,Vehicle rank 2. Expands into three separate ranked features,True,individual_core,chi_square,3801,24338,,,,,0.7595854275311748,0.3834582931777133,cramers_v,"{""table"": {""0"": {""0"": 2481, ""1"": 405}, ""1"": {""0"": 21857, ""1"": 3396}}, ""minimum_expected_count"": 389.83922669604465}",0.39900389965789085,False
individual,3,veh2_present,5167,22972,V01.2,ranked_vehicle_context,current presence for each of three ranked vehicles,binary,0/1,Absence of a relevant vehicle is itself informative,Chi-square or Fisher,0.01620153880680523,phi or direct duplicate check,grouped permutation importance,candidate,zero when rank unavailable,Vehicle rank 2. Expands into three separate ranked features,True,individual_core,chi_square,5167,22972,,,,,8.385975202275326,0.0037812727648211604,cramers_v,"{""table"": {""0"": {""0"": 2299, ""1"": 587}, ""1"": {""0"": 20673, ""1"": 4580}}, ""minimum_expected_count"": 529.9393013255624}",0.005019965567090161,True
individual,1,veh3_present,1745,26394,V01.3,ranked_vehicle_context,current presence for each of three ranked vehicles,binary,0/1,Absence of a relevant vehicle is itself informative,Chi-square or Fisher,0.005005101570660031,phi or direct duplicate check,grouped permutation importance,candidate,zero when rank unavailable,Vehicle rank 3. Expands into three separate ranked features,True,individual_core,chi_square,1745,26394,,,,,1.7049217505108487,0.19164557529444864,cramers_v,"{""table"": {""0"": {""0"": 4245, ""1"": 260}, ""1"": {""0"": 22149, ""1"": 1485}}, ""minimum_expected_count"": 279.37115746828243}",0.19675612396896727,False
individual,2,veh3_present,3801,24338,V01.3,ranked_vehicle_context,current presence for each of three ranked vehicles,binary,0/1,Absence of a relevant vehicle is itself informative,Chi-square or Fisher,0.0,phi or direct duplicate check,grouped permutation importance,candidate,zero when rank unavailable,Vehicle rank 3. Expands into three separate ranked features,True,individual_core,chi_square,3801,24338,,,,,0.16217684985054984,0.6871602010365907,cramers_v,"{""table"": {""0"": {""0"": 3888, ""1"": 617}, ""1"": {""0"": 20450, ""1"": 3184}}, ""minimum_expected_count"": 608.5328192188778}",0.7054844730642331,False
individual,3,veh3_present,5167,22972,V01.3,ranked_vehicle_context,current presence for each of three ranked vehicles,binary,0/1,Absence of a relevant vehicle is itself informative,Chi-square or Fisher,0.018532290232891487,phi or direct duplicate check,grouped permutation importance,candidate,zero when rank unavailable,Vehicle rank 3. Expands into three separate ranked features,True,individual_core,chi_square,5167,22972,,,,,10.663912920470427,0.001092460385934394,cramers_v,"{""table"": {""0"": {""0"": 3600, ""1"": 905}, ""1"": {""0"": 19372, ""1"": 4262}}, ""minimum_expected_count"": 827.2268026582324}",0.0015294445403081515,True
individual,1,veh1_lateral_x_m,1745,26394,V02.1,ranked_vehicle_context,current vehicle x in vehicle coordinates,numeric,m,Lateral position indicates whether a vehicle aligns with the pedestrian crossing path,Mann-Whitney U,-0.0366704281240573,Spearman,grouped permutation importance,candidate,missing when rank unavailable; paired presence mask,Vehicle rank 1. Do not subtract pedestrian x because coordinate origins differ,True,individual_core,mann_whitney_u,1674,25118,2.725738884109916,2.844489033282905,2.1952350000000003,2.329209,20252815.5,0.011864587937116334,rank_biserial,two_sided,0.014501163034253297,True
individual,2,veh1_lateral_x_m,3801,24338,V02.1,ranked_vehicle_context,current vehicle x in vehicle coordinates,numeric,m,Lateral position indicates whether a vehicle aligns with the pedestrian crossing path,Mann-Whitney U,0.02819059611777308,Spearman,grouped permutation importance,candidate,missing when rank unavailable; paired presence mask,Vehicle rank 1. Do not subtract pedestrian x because coordinate origins differ,True,individual_core,mann_whitney_u,3640,23152,2.9340850502747253,2.821816380744644,2.4098084999999996,2.307701,43324497.0,0.006173645113362098,rank_biserial,two_sided,0.007792961864407894,True
individual,3,veh1_lateral_x_m,5167,22972,V02.1,ranked_vehicle_context,current vehicle x in vehicle coordinates,numeric,m,Lateral position indicates whether a vehicle aligns with the pedestrian crossing path,Mann-Whitney U,0.06326257946517777,Spearman,grouped permutation importance,candidate,missing when rank unavailable; paired presence mask,Vehicle rank 1. Do not subtract pedestrian x because coordinate origins differ,True,individual_core,mann_whitney_u,4936,21856,3.023225734602917,2.7950274617496342,2.513938,2.288784,57353030.0,3.577011491908157e-12,rank_biserial,two_sided,6.557854401831621e-12,True
individual,1,veh2_lateral_x_m,1745,26394,V02.2,ranked_vehicle_context,current vehicle x in vehicle coordinates,numeric,m,Lateral position indicates whether a vehicle aligns with the pedestrian crossing path,Mann-Whitney U,-0.09704325932185687,Spearman,grouped permutation importance,candidate,missing when rank unavailable; paired presence mask,Vehicle rank 2. Do not subtract pedestrian x because coordinate origins differ,True,individual_core,mann_whitney_u,1562,23691,4.94595204609475,5.229452866067283,4.688828,5.112696,16707111.5,1.2414410007931417e-10,rank_biserial,two_sided,2.8966956685173305e-10,True
individual,2,veh2_lateral_x_m,3801,24338,V02.2,ranked_vehicle_context,current vehicle x in vehicle coordinates,numeric,m,Lateral position indicates whether a vehicle aligns with the pedestrian crossing path,Mann-Whitney U,-0.04163142986430757,Spearman,grouped permutation importance,candidate,missing when rank unavailable; paired presence mask,Vehicle rank 2. Do not subtract pedestrian x because coordinate origins differ,True,individual_core,mann_whitney_u,3396,21857,5.1257352991755,5.225307584297937,4.864393,5.120013,35568111.0,9.257483310715851e-05,rank_biserial,two_sided,0.00012505723068861763,True
individual,3,veh2_lateral_x_m,5167,22972,V02.2,ranked_vehicle_context,current vehicle x in vehicle coordinates,numeric,m,Lateral position indicates whether a vehicle aligns with the pedestrian crossing path,Mann-Whitney U,-0.017467206661770263,Spearman,grouped permutation importance,candidate,missing when rank unavailable; paired presence mask,Vehicle rank 2. Do not subtract pedestrian x because coordinate origins differ,True,individual_core,mann_whitney_u,4580,20673,5.195529821834061,5.21554773675809,4.936293,5.120716,46514252.0,0.06395710990275516,rank_biserial,two_sided,0.07816980099225632,False
individual,1,veh3_lateral_x_m,1745,26394,V02.3,ranked_vehicle_context,current vehicle x in vehicle coordinates,numeric,m,Lateral position indicates whether a vehicle aligns with the pedestrian crossing path,Mann-Whitney U,-0.10342548393927686,Spearman,grouped permutation importance,candidate,missing when rank unavailable; paired presence mask,Vehicle rank 3. Do not subtract pedestrian x because coordinate origins differ,True,individual_core,mann_whitney_u,1485,22149,7.173840027609426,7.484644550679489,7.347525,7.687428,14744735.0,2.34614382992741e-11,rank_biserial,two_sided,5.6454085907628304e-11,True
individual,2,veh3_lateral_x_m,3801,24338,V02.3,ranked_vehicle_context,current vehicle x in vehicle coordinates,numeric,m,Lateral position indicates whether a vehicle aligns with the pedestrian crossing path,Mann-Whitney U,-0.05165098106670274,Spearman,grouped permutation importance,candidate,missing when rank unavailable; paired presence mask,Vehicle rank 3. Do not subtract pedestrian x because coordinate origins differ,True,individual_core,mann_whitney_u,3184,20450,7.325506316582914,7.486852444107579,7.600075,7.687428,30874830.0,2.6577797707168714e-06,rank_biserial,two_sided,3.78979708046665e-06,True
individual,3,veh3_lateral_x_m,5167,22972,V02.3,ranked_vehicle_context,current vehicle x in vehicle coordinates,numeric,m,Lateral position indicates whether a vehicle aligns with the pedestrian crossing path,Mann-Whitney U,-0.03750232669501363,Spearman,grouped permutation importance,candidate,missing when rank unavailable; paired presence mask,Vehicle rank 3. Do not subtract pedestrian x because coordinate origins differ,True,individual_core,mann_whitney_u,4262,19372,7.369847431722197,7.486075513111708,7.611938,7.689178500000001,39733571.0,0.00012346200664137852,rank_biserial,two_sided,0.0001793693304035122,True
individual,1,veh1_front_y_m,1745,26394,V03.1,ranked_vehicle_context,current nonnegative vehicle y in vehicle coordinates,numeric,m,Vehicle y approximately represents forward distance to the conflict reference,Mann-Whitney U,-0.059207517815790034,Spearman,grouped permutation importance,candidate,missing when rank unavailable; paired presence mask,Vehicle rank 1. Ranking is smallest y then absolute x,True,individual_core,mann_whitney_u,1674,25118,5.411957195937872,6.8156211682458805,2.892579,2.8928905,19779001.0,4.8543101517486304e-05,rank_biserial,two_sided,7.188113109320087e-05,True
individual,2,veh1_front_y_m,3801,24338,V03.1,ranked_vehicle_context,current nonnegative vehicle y in vehicle coordinates,numeric,m,Vehicle y approximately represents forward distance to the conflict reference,Mann-Whitney U,-0.03866236130835299,Spearman,grouped permutation importance,candidate,missing when rank unavailable; paired presence mask,Vehicle rank 1. Ranking is smallest y then absolute x,True,individual_core,mann_whitney_u,3640,23152,6.503951220879122,6.763130891758811,2.8781375000000002,2.893723,40507538.0,0.00017290390163176257,rank_biserial,two_sided,0.0002295448349249262,True
individual,3,veh1_front_y_m,5167,22972,V03.1,ranked_vehicle_context,current nonnegative vehicle y in vehicle coordinates,numeric,m,Vehicle y approximately represents forward distance to the conflict reference,Mann-Whitney U,-0.016503966733189213,Spearman,grouped permutation importance,candidate,missing when rank unavailable; paired presence mask,Vehicle rank 1. Ranking is smallest y then absolute x,True,individual_core,mann_whitney_u,4936,21856,7.017328648095623,6.662557404968887,2.9035215,2.890975,53050374.0,0.06969464786186533,rank_biserial,two_sided,0.0825613520825174,False
individual,1,veh2_front_y_m,1745,26394,V03.2,ranked_vehicle_context,current nonnegative vehicle y in vehicle coordinates,numeric,m,Vehicle y approximately represents forward distance to the conflict reference,Mann-Whitney U,-0.025797059246202902,Spearman,grouped permutation importance,candidate,missing when rank unavailable; paired presence mask,Vehicle rank 2. Ranking is smallest y then absolute x,True,individual_core,mann_whitney_u,1562,23691,4.90123145518566,5.8562989125828375,2.8871385,2.839113,18025356.5,0.08719206862711344,rank_biserial,two_sided,0.09873219535717258,False
individual,2,veh2_front_y_m,3801,24338,V03.2,ranked_vehicle_context,current nonnegative vehicle y in vehicle coordinates,numeric,m,Vehicle y approximately represents forward distance to the conflict reference,Mann-Whitney U,-0.022493272337222647,Spearman,grouped permutation importance,candidate,missing when rank unavailable; paired presence mask,Vehicle rank 2. Ranking is smallest y then absolute x,True,individual_core,mann_whitney_u,3396,21857,5.6108321275029445,5.826184525140688,2.7603805,2.847366,36278389.0,0.034672633815427796,rank_biserial,two_sided,0.04107373544289139,True
individual,3,veh2_front_y_m,5167,22972,V03.2,ranked_vehicle_context,current nonnegative vehicle y in vehicle coordinates,numeric,m,Vehicle y approximately represents forward distance to the conflict reference,Mann-Whitney U,-0.013308416331915707,Spearman,grouped permutation importance,candidate,missing when rank unavailable; paired presence mask,Vehicle rank 2. Ranking is smallest y then absolute x,True,individual_core,mann_whitney_u,4580,20673,5.883450767685589,5.77812105427369,2.7553590000000003,2.849738,46711134.0,0.15812100106539217,rank_biserial,two_sided,0.18172115047813728,False
individual,1,veh3_front_y_m,1745,26394,V03.3,ranked_vehicle_context,current nonnegative vehicle y in vehicle coordinates,numeric,m,Vehicle y approximately represents forward distance to the conflict reference,Mann-Whitney U,-0.039118379910289214,Spearman,grouped permutation importance,candidate,missing when rank unavailable; paired presence mask,Vehicle rank 3. Ranking is smallest y then absolute x,True,individual_core,mann_whitney_u,1485,22149,4.000277804713805,4.899524875931194,2.122359,2.341494,15802306.0,0.011485407718913543,rank_biserial,two_sided,0.014264135392844237,True
individual,2,veh3_front_y_m,3801,24338,V03.3,ranked_vehicle_context,current nonnegative vehicle y in vehicle coordinates,numeric,m,Vehicle y approximately represents forward distance to the conflict reference,Mann-Whitney U,-0.05439758388519611,Spearman,grouped permutation importance,candidate,missing when rank unavailable; paired presence mask,Vehicle rank 3. Ranking is smallest y then absolute x,True,individual_core,mann_whitney_u,3184,20450,4.293738385992462,4.928544058484107,2.0123295,2.384593,30785410.5,7.601399104666572e-07,rank_biserial,two_sided,1.1476622177633843e-06,True
individual,3,veh3_front_y_m,5167,22972,V03.3,ranked_vehicle_context,current nonnegative vehicle y in vehicle coordinates,numeric,m,Vehicle y approximately represents forward distance to the conflict reference,Mann-Whitney U,-0.05072949700850726,Spearman,grouped permutation importance,candidate,missing when rank unavailable; paired presence mask,Vehicle rank 3. Ranking is smallest y then absolute x,True,individual_core,mann_whitney_u,4262,19372,4.488930062881277,4.920925515641131,1.989928,2.395436,39187530.5,2.0668091280866817e-07,rank_biserial,two_sided,3.18288605725349e-07,True
individual,1,veh1_speed_mps,1745,26394,V04.1,ranked_vehicle_context,current smoothed vehicle speed,numeric,m/s,Faster vehicles may reduce acceptable crossing opportunities,Mann-Whitney U,-0.07720540262088282,Spearman,grouped permutation importance,candidate,missing when rank unavailable; paired presence mask,Vehicle rank 1. Expands into three separate ranked features,True,individual_core,mann_whitney_u,1663,24894,2.0696958129885745,2.365258417088455,0.152105,0.32372449999999997,19101258.5,1.2944087398461965e-07,rank_biserial,two_sided,2.166727673220807e-07,True
individual,2,veh1_speed_mps,3801,24338,V04.1,ranked_vehicle_context,current smoothed vehicle speed,numeric,m/s,Faster vehicles may reduce acceptable crossing opportunities,Mann-Whitney U,-0.08448157438033943,Spearman,grouped permutation importance,candidate,missing when rank unavailable; paired presence mask,Vehicle rank 1. Expands into three separate ranked features,True,individual_core,mann_whitney_u,3619,22938,2.1333606858248135,2.3804174230534483,0.140631,0.3532265,37999792.5,2.8191384373705625e-16,rank_biserial,two_sided,5.565991273782906e-16,True
individual,3,veh1_speed_mps,5167,22972,V04.1,ranked_vehicle_context,current smoothed vehicle speed,numeric,m/s,Faster vehicles may reduce acceptable crossing opportunities,Mann-Whitney U,-0.05676579105600732,Spearman,grouped permutation importance,candidate,missing when rank unavailable; paired presence mask,Vehicle rank 1. Expands into three separate ranked features,True,individual_core,mann_whitney_u,4904,21653,2.2569130972675366,2.367096722994504,0.169534,0.351024,50079281.0,5.066125354508866e-10,rank_biserial,two_sided,8.865719370390516e-10,True
individual,1,veh2_speed_mps,1745,26394,V04.2,ranked_vehicle_context,current smoothed vehicle speed,numeric,m/s,Faster vehicles may reduce acceptable crossing opportunities,Mann-Whitney U,-0.12626035994332552,Spearman,grouped permutation importance,candidate,missing when rank unavailable; paired presence mask,Vehicle rank 2. Expands into three separate ranked features,True,individual_core,mann_whitney_u,1552,23451,1.7833623962628866,2.2650190804230097,0.1351905,0.665371,15900293.0,7.211072707767236e-17,rank_biserial,two_sided,2.1355869173002968e-16,True
individual,2,veh2_speed_mps,3801,24338,V04.2,ranked_vehicle_context,current smoothed vehicle speed,numeric,m/s,Faster vehicles may reduce acceptable crossing opportunities,Mann-Whitney U,-0.13766248220379973,Spearman,grouped permutation importance,candidate,missing when rank unavailable; paired presence mask,Vehicle rank 2. Expands into three separate ranked features,True,individual_core,mann_whitney_u,3373,21630,1.8361148894159502,2.2973428281091075,0.113775,0.760224,31457206.0,5.851505468288464e-38,rank_biserial,two_sided,1.7329458502238911e-37,True
individual,3,veh2_speed_mps,5167,22972,V04.2,ranked_vehicle_context,current smoothed vehicle speed,numeric,m/s,Faster vehicles may reduce acceptable crossing opportunities,Mann-Whitney U,-0.11729305331730755,Spearman,grouped permutation importance,candidate,missing when rank unavailable; paired presence mask,Vehicle rank 2. Expands into three separate ranked features,True,individual_core,mann_whitney_u,4549,20454,1.9401301538799736,2.300727917473355,0.130898,0.806026,41065842.5,2.852957419194893e-35,rank_biserial,two_sided,7.322590709266893e-35,True
individual,1,veh3_speed_mps,1745,26394,V04.3,ranked_vehicle_context,current smoothed vehicle speed,numeric,m/s,Faster vehicles may reduce acceptable crossing opportunities,Mann-Whitney U,-0.15594790950241189,Spearman,grouped permutation importance,candidate,missing when rank unavailable; paired presence mask,Vehicle rank 3. Expands into three separate ranked features,True,individual_core,mann_whitney_u,1477,21978,1.5755957122545703,2.1017515757120764,0.129741,1.090518,13699601.0,9.335916351133188e-24,rank_biserial,two_sided,3.423169328748836e-23,True
individual,2,veh3_speed_mps,3801,24338,V04.3,ranked_vehicle_context,current smoothed vehicle speed,numeric,m/s,Faster vehicles may reduce acceptable crossing opportunities,Mann-Whitney U,-0.19226129056402508,Spearman,grouped permutation importance,candidate,missing when rank unavailable; paired presence mask,Vehicle rank 3. Expands into three separate ranked features,True,individual_core,mann_whitney_u,3163,20292,1.5173869500474233,2.154541497880938,0.110318,1.198915,25921787.5,5.8613352152411026e-68,rank_biserial,two_sided,2.8207675723347807e-67,True
individual,3,veh3_speed_mps,5167,22972,V04.3,ranked_vehicle_context,current smoothed vehicle speed,numeric,m/s,Faster vehicles may reduce acceptable crossing opportunities,Mann-Whitney U,-0.18991586979846597,Spearman,grouped permutation importance,candidate,missing when rank unavailable; paired presence mask,Vehicle rank 3. Expands into three separate ranked features,True,individual_core,mann_whitney_u,4234,19221,1.567718448984412,2.1789569265386817,0.11660100000000001,1.244213,32963017.5,1.2367076343510532e-83,rank_biserial,two_sided,5.951655490314444e-83,True
individual,1,veh1_closing_speed_mps,1745,26394,V05.1,ranked_vehicle_context,max of zero and negative vehicle vy,numeric,m/s,Closing speed directly represents approach toward the conflict reference,Mann-Whitney U,-0.05898916968539314,Spearman,grouped permutation importance,candidate,missing when rank unavailable; paired presence mask,Vehicle rank 1. May be redundant with speed depending on heading,True,individual_core,mann_whitney_u,1674,25118,1.995429994623656,2.2542758409905246,0.049594,0.15944550000000002,19783591.5,4.386039739879125e-05,rank_biserial,two_sided,6.622059999425346e-05,True
individual,2,veh1_closing_speed_mps,3801,24338,V05.1,ranked_vehicle_context,max of zero and negative vehicle vy,numeric,m/s,Closing speed directly represents approach toward the conflict reference,Mann-Whitney U,-0.05493578747617278,Spearman,grouped permutation importance,candidate,missing when rank unavailable; paired presence mask,Vehicle rank 1. May be redundant with speed depending on heading,True,individual_core,mann_whitney_u,3640,23152,2.0695397535714286,2.2646045992570834,0.051741999999999996,0.175587,39821830.5,7.152290378787219e-08,rank_biserial,two_sided,1.2238363537035909e-07,True
individual,3,veh1_closing_speed_mps,5167,22972,V05.1,ranked_vehicle_context,max of zero and negative vehicle vy,numeric,m/s,Closing speed directly represents approach toward the conflict reference,Mann-Whitney U,-0.027798463079986013,Spearman,grouped permutation importance,candidate,missing when rank unavailable; paired presence mask,Vehicle rank 1. May be redundant with speed depending on heading,True,individual_core,mann_whitney_u,4936,21856,2.1947401175040517,2.247895917139458,0.071328,0.174821,52441142.0,0.0020399221332838943,rank_biserial,two_sided,0.002755684285313331,True
individual,1,veh2_closing_speed_mps,1745,26394,V05.2,ranked_vehicle_context,max of zero and negative vehicle vy,numeric,m/s,Closing speed directly represents approach toward the conflict reference,Mann-Whitney U,-0.10120357758077203,Spearman,grouped permutation importance,candidate,missing when rank unavailable; paired presence mask,Vehicle rank 2. May be redundant with speed depending on heading,True,individual_core,mann_whitney_u,1562,23691,1.737144546734955,2.1729739199696088,0.058924000000000004,0.361786,16630134.5,1.3339092165819561e-11,rank_biserial,two_sided,3.3132583766713107e-11,True
individual,2,veh2_closing_speed_mps,3801,24338,V05.2,ranked_vehicle_context,max of zero and negative vehicle vy,numeric,m/s,Closing speed directly represents approach toward the conflict reference,Mann-Whitney U,-0.1090419453614141,Spearman,grouped permutation importance,candidate,missing when rank unavailable; paired presence mask,Vehicle rank 2. May be redundant with speed depending on heading,True,individual_core,mann_whitney_u,3396,21857,1.787548867196702,2.2017124475911607,0.0437245,0.483365,33066292.0,5.54506255685582e-25,rank_biserial,two_sided,1.2938479299330247e-24,True
individual,3,veh2_closing_speed_mps,5167,22972,V05.2,ranked_vehicle_context,max of zero and negative vehicle vy,numeric,m/s,Closing speed directly represents approach toward the conflict reference,Mann-Whitney U,-0.09480814479236577,Spearman,grouped permutation importance,candidate,missing when rank unavailable; paired presence mask,Vehicle rank 2. May be redundant with speed depending on heading,True,individual_core,mann_whitney_u,4580,20673,1.891395537554585,2.2024260319257003,0.054629,0.539843,42852841.5,3.781137404980973e-24,rank_biserial,two_sided,8.31850229095814e-24,True
individual,1,veh3_closing_speed_mps,1745,26394,V05.3,ranked_vehicle_context,max of zero and negative vehicle vy,numeric,m/s,Closing speed directly represents approach toward the conflict reference,Mann-Whitney U,-0.13406909098813924,Spearman,grouped permutation importance,candidate,missing when rank unavailable; paired presence mask,Vehicle rank 3. May be redundant with speed depending on heading,True,individual_core,mann_whitney_u,1485,22149,1.5255159023569025,2.0354111508871733,0.050896,0.948267,14240781.5,2.816594669654872e-18,rank_biserial,two_sided,9.036574565142714e-18,True
individual,2,veh3_closing_speed_mps,3801,24338,V05.3,ranked_vehicle_context,max of zero and negative vehicle vy,numeric,m/s,Closing speed directly represents approach toward the conflict reference,Mann-Whitney U,-0.17229355825582682,Spearman,grouped permutation importance,candidate,missing when rank unavailable; paired presence mask,Vehicle rank 3. May be redundant with speed depending on heading,True,individual_core,mann_whitney_u,3184,20450,1.464647024183417,2.0872506880684596,0.0390065,1.088698,26947142.0,5.460431111476205e-56,rank_biserial,two_sided,2.0021580742079418e-55,True
individual,3,veh3_closing_speed_mps,5167,22972,V05.3,ranked_vehicle_context,max of zero and negative vehicle vy,numeric,m/s,Closing speed directly represents approach toward the conflict reference,Mann-Whitney U,-0.16695106203392818,Spearman,grouped permutation importance,candidate,missing when rank unavailable; paired presence mask,Vehicle rank 3. May be redundant with speed depending on heading,True,individual_core,mann_whitney_u,4262,19372,1.5160346611919286,2.1105912125748505,0.0435235,1.143087,34389703.0,2.5967574503472407e-66,rank_biserial,two_sided,9.52144398460655e-66,True
individual,1,veh1_ttc_capped_sec,1745,26394,V06.1,ranked_vehicle_context,front y divided by closing speed capped at 30 s,numeric,s,Short TTC can discourage crossing,Mann-Whitney U,0.018239514798123135,Spearman,grouped permutation importance,candidate,30 s plus infinite indicator when nonfinite,Vehicle rank 1. TTC is vehicle-reference TTC not pedestrian-vehicle Euclidean TTC,True,individual_core,mann_whitney_u,1745,26394,18.481784212634,17.74181362710506,30.0,30.0,23448798.5,0.16019556080737096,rank_biserial,two_sided,0.16897339975572007,False
individual,2,veh1_ttc_capped_sec,3801,24338,V06.1,ranked_vehicle_context,front y divided by closing speed capped at 30 s,numeric,s,Short TTC can discourage crossing,Mann-Whitney U,0.045270361379267765,Spearman,grouped permutation importance,candidate,30 s plus infinite indicator when nonfinite,Vehicle rank 1. TTC is vehicle-reference TTC not pedestrian-vehicle Euclidean TTC,True,individual_core,mann_whitney_u,3801,24338,18.899575412690865,17.614054407971867,30.0,30.0,48348321.0,7.807520530894494e-07,rank_biserial,two_sided,1.1561136170747617e-06,True
individual,3,veh1_ttc_capped_sec,5167,22972,V06.1,ranked_vehicle_context,front y divided by closing speed capped at 30 s,numeric,s,Short TTC can discourage crossing,Mann-Whitney U,0.0355786502705846,Spearman,grouped permutation importance,candidate,30 s plus infinite indicator when nonfinite,Vehicle rank 1. TTC is vehicle-reference TTC not pedestrian-vehicle Euclidean TTC,True,individual_core,mann_whitney_u,5167,22972,18.54453819088661,17.617469680156113,30.0,30.0,61459689.5,1.093300380185643e-05,rank_biserial,two_sided,1.650669201456755e-05,True
individual,1,veh2_ttc_capped_sec,1745,26394,V06.2,ranked_vehicle_context,front y divided by closing speed capped at 30 s,numeric,s,Short TTC can discourage crossing,Mann-Whitney U,0.07231644858072062,Spearman,grouped permutation importance,candidate,30 s plus infinite indicator when nonfinite,Vehicle rank 2. TTC is vehicle-reference TTC not pedestrian-vehicle Euclidean TTC,True,individual_core,mann_whitney_u,1745,26394,19.433599296393187,17.473221210061258,30.0,30.0,24694123.5,2.7639758382590575e-08,rank_biserial,two_sided,4.83695771695335e-08,True
individual,2,veh2_ttc_capped_sec,3801,24338,V06.2,ranked_vehicle_context,front y divided by closing speed capped at 30 s,numeric,s,Short TTC can discourage crossing,Mann-Whitney U,0.10887491514585368,Spearman,grouped permutation importance,candidate,30 s plus infinite indicator when nonfinite,Vehicle rank 2. TTC is vehicle-reference TTC not pedestrian-vehicle Euclidean TTC,True,individual_core,mann_whitney_u,3801,24338,20.05996047984104,17.209792160682355,30.0,30.0,51290309.5,2.0443315371911296e-32,rank_biserial,two_sided,5.621911727275606e-32,True
individual,3,veh2_ttc_capped_sec,5167,22972,V06.2,ranked_vehicle_context,front y divided by closing speed capped at 30 s,numeric,s,Short TTC can discourage crossing,Mann-Whitney U,0.10629588663588274,Spearman,grouped permutation importance,candidate,30 s plus infinite indicator when nonfinite,Vehicle rank 2. TTC is vehicle-reference TTC not pedestrian-vehicle Euclidean TTC,True,individual_core,mann_whitney_u,5167,22972,19.865622825181674,17.08402221194712,30.0,30.0,65656627.5,2.8986473345807627e-39,rank_biserial,two_sided,7.971280170097098e-39,True
individual,1,veh3_ttc_capped_sec,1745,26394,V06.3,ranked_vehicle_context,front y divided by closing speed capped at 30 s,numeric,s,Short TTC can discourage crossing,Mann-Whitney U,0.1017358073696093,Spearman,grouped permutation importance,candidate,30 s plus infinite indicator when nonfinite,Vehicle rank 3. TTC is vehicle-reference TTC not pedestrian-vehicle Euclidean TTC,True,individual_core,mann_whitney_u,1745,26394,19.95860169772943,17.19668704454471,30.0,30.0,25371615.0,6.150627564359221e-15,rank_biserial,two_sided,1.633097663640207e-14,True
individual,2,veh3_ttc_capped_sec,3801,24338,V06.3,ranked_vehicle_context,front y divided by closing speed capped at 30 s,numeric,s,Short TTC can discourage crossing,Mann-Whitney U,0.14744786595186277,Spearman,grouped permutation importance,candidate,30 s plus infinite indicator when nonfinite,Vehicle rank 3. TTC is vehicle-reference TTC not pedestrian-vehicle Euclidean TTC,True,individual_core,mann_whitney_u,3801,24338,20.793155616354497,16.83303202064622,30.0,30.0,53074477.0,8.817149524604658e-58,rank_biserial,two_sided,3.7717806299697703e-57,True
individual,3,veh3_ttc_capped_sec,5167,22972,V06.3,ranked_vehicle_context,front y divided by closing speed capped at 30 s,numeric,s,Short TTC can discourage crossing,Mann-Whitney U,0.1553824783992468,Spearman,grouped permutation importance,candidate,30 s plus infinite indicator when nonfinite,Vehicle rank 3. TTC is vehicle-reference TTC not pedestrian-vehicle Euclidean TTC,True,individual_core,mann_whitney_u,5167,22972,20.730566169719783,16.611626432931782,30.0,30.0,68569826.5,1.51768255705157e-81,rank_biserial,two_sided,6.874209228998287e-81,True
individual,1,veh1_ttc_infinite,1745,26394,V07.1,ranked_vehicle_context,one when stopped receding or no finite TTC,binary,0/1,Separates genuinely large TTC from stopped or nonapproaching vehicles,Chi-square or Fisher,0.015236952397130712,phi or direct duplicate check,grouped permutation importance,candidate,one when TTC is nonfinite,Vehicle rank 1. Must accompany capped TTC,True,individual_core,chi_square,1745,26394,,,,,7.5326863758782485,0.006058949468730618,cramers_v,"{""table"": {""0"": {""0"": 11841, ""1"": 724}, ""1"": {""0"": 14553, ""1"": 1021}}, ""minimum_expected_count"": 779.2005757134226}",0.008043777742969958,True
individual,2,veh1_ttc_infinite,3801,24338,V07.1,ranked_vehicle_context,one when stopped receding or no finite TTC,binary,0/1,Separates genuinely large TTC from stopped or nonapproaching vehicles,Chi-square or Fisher,0.03107095973661762,phi or direct duplicate check,grouped permutation importance,candidate,one when TTC is nonfinite,Vehicle rank 1. Must accompany capped TTC,True,individual_core,chi_square,3801,24338,,,,,28.16458842192104,1.1142463574602353e-07,cramers_v,"{""table"": {""0"": {""0"": 11019, ""1"": 1546}, ""1"": {""0"": 13319, ""1"": 2255}}, ""minimum_expected_count"": 1697.2730018835068}",1.8651515114008286e-07,True
individual,3,veh1_ttc_infinite,5167,22972,V07.1,ranked_vehicle_context,one when stopped receding or no finite TTC,binary,0/1,Separates genuinely large TTC from stopped or nonapproaching vehicles,Chi-square or Fisher,0.022532679118728183,phi or direct duplicate check,grouped permutation importance,candidate,one when TTC is nonfinite,Vehicle rank 1. Must accompany capped TTC,True,individual_core,chi_square,5167,22972,,,,,15.286306697277453,9.238378599187674e-05,cramers_v,"{""table"": {""0"": {""0"": 10384, ""1"": 2181}, ""1"": {""0"": 12588, ""1"": 2986}}, ""minimum_expected_count"": 2307.237464017911}",0.00013679906771874056,True
individual,1,veh2_ttc_infinite,1745,26394,V07.2,ranked_vehicle_context,one when stopped receding or no finite TTC,binary,0/1,Separates genuinely large TTC from stopped or nonapproaching vehicles,Chi-square or Fisher,0.03365633905159956,phi or direct duplicate check,grouped permutation importance,candidate,one when TTC is nonfinite,Vehicle rank 2. Must accompany capped TTC,True,individual_core,chi_square,1745,26394,,,,,32.87333131669914,9.836342680090133e-09,cramers_v,"{""table"": {""0"": {""0"": 11995, ""1"": 670}, ""1"": {""0"": 14399, ""1"": 1075}}, ""minimum_expected_count"": 785.4019332598884}",1.942047144530616e-08,True
individual,2,veh2_ttc_infinite,3801,24338,V07.2,ranked_vehicle_context,one when stopped receding or no finite TTC,binary,0/1,Separates genuinely large TTC from stopped or nonapproaching vehicles,Chi-square or Fisher,0.06698354953016016,phi or direct duplicate check,grouped permutation importance,candidate,one when TTC is nonfinite,Vehicle rank 2. Must accompany capped TTC,True,individual_core,chi_square,3801,24338,,,,,127.24949862939246,1.6382724724137e-29,cramers_v,"{""table"": {""0"": {""0"": 11276, ""1"": 1389}, ""1"": {""0"": 13062, ""1"": 2412}}, ""minimum_expected_count"": 1710.7809445964676}",4.3498958750294793e-29,True
individual,3,veh2_ttc_infinite,5167,22972,V07.2,ranked_vehicle_context,one when stopped receding or no finite TTC,binary,0/1,Separates genuinely large TTC from stopped or nonapproaching vehicles,Chi-square or Fisher,0.07255875927310082,phi or direct duplicate check,grouped permutation importance,candidate,one when TTC is nonfinite,Vehicle rank 2. Must accompany capped TTC,True,individual_core,chi_square,5167,22972,,,,,149.1402334245941,2.6723155145679067e-34,cramers_v,"{""table"": {""0"": {""0"": 10734, ""1"": 1931}, ""1"": {""0"": 12238, ""1"": 3236}}, ""minimum_expected_count"": 2325.599879171257}",6.637686923281575e-34,True
individual,1,veh3_ttc_infinite,1745,26394,V07.3,ranked_vehicle_context,one when stopped receding or no finite TTC,binary,0/1,Separates genuinely large TTC from stopped or nonapproaching vehicles,Chi-square or Fisher,0.047938387444499006,phi or direct duplicate check,grouped permutation importance,candidate,one when TTC is nonfinite,Vehicle rank 3. Must accompany capped TTC,True,individual_core,chi_square,1745,26394,,,,,65.66366347999316,5.348289807851231e-16,cramers_v,"{""table"": {""0"": {""0"": 12146, ""1"": 629}, ""1"": {""0"": 14248, ""1"": 1116}}, ""minimum_expected_count"": 792.2234265610008}",1.5252530192760919e-15,True
individual,2,veh3_ttc_infinite,3801,24338,V07.3,ranked_vehicle_context,one when stopped receding or no finite TTC,binary,0/1,Separates genuinely large TTC from stopped or nonapproaching vehicles,Chi-square or Fisher,0.09433645459007745,phi or direct duplicate check,grouped permutation importance,candidate,one when TTC is nonfinite,Vehicle rank 3. Must accompany capped TTC,True,individual_core,chi_square,3801,24338,,,,,251.410414432092,1.2792634928708232e-56,cramers_v,"{""table"": {""0"": {""0"": 11502, ""1"": 1273}, ""1"": {""0"": 12836, ""1"": 2528}}, ""minimum_expected_count"": 1725.6396815807243}",4.925164447552669e-56,True
individual,3,veh3_ttc_infinite,5167,22972,V07.3,ranked_vehicle_context,one when stopped receding or no finite TTC,binary,0/1,Separates genuinely large TTC from stopped or nonapproaching vehicles,Chi-square or Fisher,0.10986375395444294,phi or direct duplicate check,grouped permutation importance,candidate,one when TTC is nonfinite,Vehicle rank 3. Must accompany capped TTC,True,individual_core,chi_square,5167,22972,,,,,340.62694536486504,4.659436752262689e-76,cramers_v,"{""table"": {""0"": {""0"": 11026, ""1"": 1749}, ""1"": {""0"": 11946, ""1"": 3418}}, ""minimum_expected_count"": 2345.7985358399374}",1.993203499579039e-75,True
individual,1,veh1_class,1745,26394,V08.1,ranked_vehicle_context,best vehicle class for each ranked vehicle,categorical,category,Vehicle type may change perceived risk and pedestrian response,Chi-square or Fisher,0.042624318645542246,Cramer's V,grouped permutation importance,candidate,missing or unknown retained as category,Vehicle rank 1. Expands into three categorical features,True,individual_core,chi_square,1745,26394,,,,,65.1225314936592,1.4546765975121896e-08,cramers_v,"{""table"": {""0"": {""0"": 146, ""1"": 12}, ""1"": {""0"": 3792, ""1"": 316}, ""10"": {""0"": 1582, ""1"": 79}, ""11"": {""0"": 81, ""1"": 1}, ""12"": {""0"": 5, ""1"": 0}, ""13"": {""0"": 184, ""1"": 8}, ""2"": {""0"": 401, ""1"": 15}, ""3"": {""0"": 976, ""1"": 62}, ""4"": {""0"": 137, ""1"": 6}, ""5"": {""0"": 1694, ""1"": 93}, ""6"": {""0"": 28, ""1"": 0}, ""7"": {""0"": 4140, ""1"": 284}, ""8"": {""0"": 997, ""1"": 107}, ""9"": {""0"": 10955, ""1"": 691}, ""missing"": {""0"": 1276, ""1"": 71}}, ""minimum_expected_count"": 0.31006787732328794}",2.6048860001962462e-08,True
individual,2,veh1_class,3801,24338,V08.1,ranked_vehicle_context,best vehicle class for each ranked vehicle,categorical,category,Vehicle type may change perceived risk and pedestrian response,Chi-square or Fisher,0.057362612022235276,Cramer's V,grouped permutation importance,candidate,missing or unknown retained as category,Vehicle rank 1. Expands into three categorical features,True,individual_core,chi_square,3801,24338,,,,,106.58772141284332,2.560126735059214e-16,cramers_v,"{""table"": {""0"": {""0"": 133, ""1"": 25}, ""1"": {""0"": 3407, ""1"": 701}, ""10"": {""0"": 1409, ""1"": 252}, ""11"": {""0"": 74, ""1"": 8}, ""12"": {""0"": 5, ""1"": 0}, ""13"": {""0"": 162, ""1"": 30}, ""2"": {""0"": 378, ""1"": 38}, ""3"": {""0"": 895, ""1"": 143}, ""4"": {""0"": 128, ""1"": 15}, ""5"": {""0"": 1568, ""1"": 219}, ""6"": {""0"": 28, ""1"": 0}, ""7"": {""0"": 3841, ""1"": 583}, ""8"": {""0"": 903, ""1"": 201}, ""9"": {""0"": 10221, ""1"": 1425}, ""missing"": {""0"": 1186, ""1"": 161}}, ""minimum_expected_count"": 0.6753971356480329}",5.187625226304197e-16,True
individual,3,veh1_class,5167,22972,V08.1,ranked_vehicle_context,best vehicle class for each ranked vehicle,categorical,category,Vehicle type may change perceived risk and pedestrian response,Chi-square or Fisher,0.07961959673373892,Cramer's V,grouped permutation importance,candidate,missing or unknown retained as category,Vehicle rank 1. Expands into three categorical features,True,individual_core,chi_square,5167,22972,,,,,192.37516314111542,1.9738082378602304e-33,cramers_v,"{""table"": {""0"": {""0"": 128, ""1"": 30}, ""1"": {""0"": 3139, ""1"": 969}, ""10"": {""0"": 1270, ""1"": 391}, ""11"": {""0"": 71, ""1"": 11}, ""12"": {""0"": 5, ""1"": 0}, ""13"": {""0"": 145, ""1"": 47}, ""2"": {""0"": 360, ""1"": 56}, ""3"": {""0"": 823, ""1"": 215}, ""4"": {""0"": 123, ""1"": 20}, ""5"": {""0"": 1484, ""1"": 303}, ""6"": {""0"": 28, ""1"": 0}, ""7"": {""0"": 3633, ""1"": 791}, ""8"": {""0"": 857, ""1"": 247}, ""9"": {""0"": 9790, ""1"": 1856}, ""missing"": {""0"": 1116, ""1"": 231}}, ""minimum_expected_count"": 0.9181207576672945}",4.7494760723511797e-33,True
individual,1,veh2_class,1745,26394,V08.2,ranked_vehicle_context,best vehicle class for each ranked vehicle,categorical,category,Vehicle type may change perceived risk and pedestrian response,Chi-square or Fisher,0.02733523445442633,Cramer's V,grouped permutation importance,candidate,missing or unknown retained as category,Vehicle rank 2. Expands into three categorical features,True,individual_core,chi_square,1745,26394,,,,,34.02559885300258,0.001192828893068822,cramers_v,"{""table"": {""0"": {""0"": 135, ""1"": 7}, ""1"": {""0"": 5346, ""1"": 314}, ""10"": {""0"": 1494, ""1"": 111}, ""11"": {""0"": 209, ""1"": 16}, ""13"": {""0"": 371, ""1"": 6}, ""2"": {""0"": 490, ""1"": 28}, ""3"": {""0"": 799, ""1"": 52}, ""4"": {""0"": 9, ""1"": 0}, ""5"": {""0"": 1382, ""1"": 113}, ""6"": {""0"": 8, ""1"": 0}, ""7"": {""0"": 4679, ""1"": 286}, ""8"": {""0"": 991, ""1"": 82}, ""9"": {""0"": 7778, ""1"": 547}, ""missing"": {""0"": 2703, ""1"": 183}}, ""minimum_expected_count"": 0.49610860371726073}",0.0016401397279696302,True
individual,2,veh2_class,3801,24338,V08.2,ranked_vehicle_context,best vehicle class for each ranked vehicle,categorical,category,Vehicle type may change perceived risk and pedestrian response,Chi-square or Fisher,0.038980708651553855,Cramer's V,grouped permutation importance,candidate,missing or unknown retained as category,Vehicle rank 2. Expands into three categorical features,True,individual_core,chi_square,3801,24338,,,,,55.75603046931798,2.975741929018062e-07,cramers_v,"{""table"": {""0"": {""0"": 126, ""1"": 16}, ""1"": {""0"": 4936, ""1"": 724}, ""10"": {""0"": 1344, ""1"": 261}, ""11"": {""0"": 195, ""1"": 30}, ""13"": {""0"": 349, ""1"": 28}, ""2"": {""0"": 439, ""1"": 79}, ""3"": {""0"": 762, ""1"": 89}, ""4"": {""0"": 9, ""1"": 0}, ""5"": {""0"": 1238, ""1"": 257}, ""6"": {""0"": 8, ""1"": 0}, ""7"": {""0"": 4286, ""1"": 679}, ""8"": {""0"": 928, ""1"": 145}, ""9"": {""0"": 7237, ""1"": 1088}, ""missing"": {""0"": 2481, ""1"": 405}}, ""minimum_expected_count"": 1.0806354170368528}",4.773586011133142e-07,True
individual,3,veh2_class,5167,22972,V08.2,ranked_vehicle_context,best vehicle class for each ranked vehicle,categorical,category,Vehicle type may change perceived risk and pedestrian response,Chi-square or Fisher,0.056236450686717974,Cramer's V,grouped permutation importance,candidate,missing or unknown retained as category,Vehicle rank 2. Expands into three categorical features,True,individual_core,chi_square,5167,22972,,,,,101.98796699703409,6.826437884614153e-16,cramers_v,"{""table"": {""0"": {""0"": 122, ""1"": 20}, ""1"": {""0"": 4688, ""1"": 972}, ""10"": {""0"": 1239, ""1"": 366}, ""11"": {""0"": 183, ""1"": 42}, ""13"": {""0"": 332, ""1"": 45}, ""2"": {""0"": 399, ""1"": 119}, ""3"": {""0"": 734, ""1"": 117}, ""4"": {""0"": 9, ""1"": 0}, ""5"": {""0"": 1158, ""1"": 337}, ""6"": {""0"": 8, ""1"": 0}, ""7"": {""0"": 4010, ""1"": 955}, ""8"": {""0"": 870, ""1"": 203}, ""9"": {""0"": 6921, ""1"": 1404}, ""missing"": {""0"": 2299, ""1"": 587}}, ""minimum_expected_count"": 1.4689932122676712}",1.3140892927882247e-15,True
individual,1,veh3_class,1745,26394,V08.3,ranked_vehicle_context,best vehicle class for each ranked vehicle,categorical,category,Vehicle type may change perceived risk and pedestrian response,Chi-square or Fisher,0.04222796319882667,Cramer's V,grouped permutation importance,candidate,missing or unknown retained as category,Vehicle rank 3. Expands into three categorical features,True,individual_core,chi_square,1745,26394,,,,,62.176132652847585,9.028954773572537e-09,cramers_v,"{""table"": {""0"": {""0"": 56, ""1"": 1}, ""1"": {""0"": 4973, ""1"": 346}, ""10"": {""0"": 1559, ""1"": 58}, ""11"": {""0"": 95, ""1"": 0}, ""13"": {""0"": 285, ""1"": 14}, ""2"": {""0"": 365, ""1"": 30}, ""3"": {""0"": 1239, ""1"": 85}, ""5"": {""0"": 523, ""1"": 27}, ""6"": {""0"": 10, ""1"": 0}, ""7"": {""0"": 7421, ""1"": 452}, ""8"": {""0"": 559, ""1"": 46}, ""9"": {""0"": 5064, ""1"": 426}, ""missing"": {""0"": 4245, ""1"": 260}}, ""minimum_expected_count"": 0.6201357546465759}",1.8295513620133825e-08,True
individual,2,veh3_class,3801,24338,V08.3,ranked_vehicle_context,best vehicle class for each ranked vehicle,categorical,category,Vehicle type may change perceived risk and pedestrian response,Chi-square or Fisher,0.039408992762757236,Cramer's V,grouped permutation importance,candidate,missing or unknown retained as category,Vehicle rank 3. Expands into three categorical features,True,individual_core,chi_square,3801,24338,,,,,55.70067379250907,1.3548720262636103e-07,cramers_v,"{""table"": {""0"": {""0"": 56, ""1"": 1}, ""1"": {""0"": 4569, ""1"": 750}, ""10"": {""0"": 1439, ""1"": 178}, ""11"": {""0"": 95, ""1"": 0}, ""13"": {""0"": 264, ""1"": 35}, ""2"": {""0"": 326, ""1"": 69}, ""3"": {""0"": 1136, ""1"": 188}, ""5"": {""0"": 489, ""1"": 61}, ""6"": {""0"": 10, ""1"": 0}, ""7"": {""0"": 6872, ""1"": 1001}, ""8"": {""0"": 517, ""1"": 88}, ""9"": {""0"": 4677, ""1"": 813}, ""missing"": {""0"": 3888, ""1"": 617}}, ""minimum_expected_count"": 1.3507942712960659}",2.219683957921234e-07,True
individual,3,veh3_class,5167,22972,V08.3,ranked_vehicle_context,best vehicle class for each ranked vehicle,categorical,category,Vehicle type may change perceived risk and pedestrian response,Chi-square or Fisher,0.048849645475178165,Cramer's V,grouped permutation importance,candidate,missing or unknown retained as category,Vehicle rank 3. Expands into three categorical features,True,individual_core,chi_square,5167,22972,,,,,79.145794275254,6.004471996393234e-12,cramers_v,"{""table"": {""0"": {""0"": 53, ""1"": 4}, ""1"": {""0"": 4318, ""1"": 1001}, ""10"": {""0"": 1353, ""1"": 264}, ""11"": {""0"": 93, ""1"": 2}, ""13"": {""0"": 236, ""1"": 63}, ""2"": {""0"": 284, ""1"": 111}, ""3"": {""0"": 1084, ""1"": 240}, ""5"": {""0"": 471, ""1"": 79}, ""6"": {""0"": 10, ""1"": 0}, ""7"": {""0"": 6523, ""1"": 1350}, ""8"": {""0"": 489, ""1"": 116}, ""9"": {""0"": 4458, ""1"": 1032}, ""missing"": {""0"": 3600, ""1"": 905}}, ""minimum_expected_count"": 1.836241515334589}",1.0752194040053001e-11,True
individual,1,veh1_history_mean_front_y_m,1745,26394,V09.1,ranked_vehicle_context,mean vehicle y across previous 2 s,numeric,m,Average distance reduces one-frame tracking noise,Mann-Whitney U,-0.0572153913813539,Spearman,grouped permutation importance,candidate,mean over available history; paired presence mask,Vehicle rank 1. Must follow the same vehicle track over history,True,individual_core,mann_whitney_u,1674,25118,7.055195127350789,8.695736389354495,3.4894008333333333,3.5418549761904767,19820883.0,8.642659039410515e-05,rank_biserial,two_sided,0.00012556315962917162,True
individual,2,veh1_history_mean_front_y_m,3801,24338,V09.1,ranked_vehicle_context,mean vehicle y across previous 2 s,numeric,m,Average distance reduces one-frame tracking noise,Mann-Whitney U,-0.04984239369821608,Spearman,grouped permutation importance,candidate,mean over available history; paired presence mask,Vehicle rank 1. Must follow the same vehicle track over history,True,individual_core,mann_whitney_u,3640,23152,8.197340458056448,8.655476157725724,3.416310119047618,3.592444071428571,40036449.0,1.287632339410318e-06,rank_biserial,two_sided,1.8707111346149905e-06,True
individual,3,veh1_history_mean_front_y_m,5167,22972,V09.1,ranked_vehicle_context,mean vehicle y across previous 2 s,numeric,m,Average distance reduces one-frame tracking noise,Mann-Whitney U,-0.02576032328000455,Spearman,grouped permutation importance,candidate,mean over available history; paired presence mask,Vehicle rank 1. Must follow the same vehicle track over history,True,individual_core,mann_whitney_u,4936,21856,8.823256601326134,8.541284255437667,3.4482415476190478,3.5807883571428567,52551080.5,0.00463704274306886,rank_biserial,two_sided,0.0060517337494288516,True
individual,1,veh2_history_mean_front_y_m,1745,26394,V09.2,ranked_vehicle_context,mean vehicle y across previous 2 s,numeric,m,Average distance reduces one-frame tracking noise,Mann-Whitney U,-0.05568696000701734,Spearman,grouped permutation importance,candidate,mean over available history; paired presence mask,Vehicle rank 2. Must follow the same vehicle track over history,True,individual_core,mann_whitney_u,1562,23691,6.422866296056673,7.74311464254898,3.579481238095238,3.827409142857143,17472313.5,0.00022235348982644238,rank_biserial,two_sided,0.0003170596058636308,True
individual,2,veh2_history_mean_front_y_m,3801,24338,V09.2,ranked_vehicle_context,mean vehicle y across previous 2 s,numeric,m,Average distance reduces one-frame tracking noise,Mann-Whitney U,-0.0657341975436978,Spearman,grouped permutation importance,candidate,mean over available history; paired presence mask,Vehicle rank 2. Must follow the same vehicle track over history,True,individual_core,mann_whitney_u,3396,21857,7.153619481808345,7.7403556934093105,3.44249269047619,3.865736142857143,34673580.5,6.718930044234795e-10,rank_biserial,two_sided,1.203157240479254e-09,True
individual,3,veh2_history_mean_front_y_m,5167,22972,V09.2,ranked_vehicle_context,mean vehicle y across previous 2 s,numeric,m,Average distance reduces one-frame tracking noise,Mann-Whitney U,-0.05444028949854851,Spearman,grouped permutation importance,candidate,mean over available history; paired presence mask,Vehicle rank 2. Must follow the same vehicle track over history,True,individual_core,mann_whitney_u,4580,20673,7.501493332346184,7.6968899864036615,3.4467198333333338,3.878127380952381,44763903.0,7.757296769509123e-09,rank_biserial,two_sided,1.2708762792600053e-08,True
individual,1,veh3_history_mean_front_y_m,1745,26394,V09.3,ranked_vehicle_context,mean vehicle y across previous 2 s,numeric,m,Average distance reduces one-frame tracking noise,Mann-Whitney U,-0.08471182242458597,Spearman,grouped permutation importance,candidate,mean over available history; paired presence mask,Vehicle rank 3. Must follow the same vehicle track over history,True,individual_core,mann_whitney_u,1485,22149,5.372060401016368,6.7453417159301825,3.4851796190476185,3.839558,15052493.0,4.411744406957308e-08,rank_biserial,two_sided,7.54898487412695e-08,True
individual,2,veh3_history_mean_front_y_m,3801,24338,V09.3,ranked_vehicle_context,mean vehicle y across previous 2 s,numeric,m,Average distance reduces one-frame tracking noise,Mann-Whitney U,-0.11429715816245034,Spearman,grouped permutation importance,candidate,mean over available history; paired presence mask,Vehicle rank 3. Must follow the same vehicle track over history,True,individual_core,mann_whitney_u,3184,20450,5.621653403853931,6.820574030502494,3.107267380952381,3.921691571428571,28835296.0,2.728887215808126e-25,rank_biserial,two_sided,6.5663848630383035e-25,True
individual,3,veh3_history_mean_front_y_m,5167,22972,V09.3,ranked_vehicle_context,mean vehicle y across previous 2 s,numeric,m,Average distance reduces one-frame tracking noise,Mann-Whitney U,-0.11328289229725153,Spearman,grouped permutation importance,candidate,mean over available history; paired presence mask,Vehicle rank 3. Must follow the same vehicle track over history,True,individual_core,mann_whitney_u,4262,19372,5.8578590812152225,6.8353235575835045,3.074117380952381,3.9648292857142864,36605218.0,4.273901035812385e-31,rank_biserial,two_sided,9.972435750228898e-31,True
individual,1,veh1_history_front_y_change_m,1745,26394,V10.1,ranked_vehicle_context,last minus first vehicle y across previous 2 s,numeric,m,Distance change represents recent approach dynamics,Mann-Whitney U,0.038017808036866496,Spearman,grouped permutation importance,candidate,computed when history available; paired presence mask,Vehicle rank 1. May correlate with closing speed,True,individual_core,mann_whitney_u,1674,25118,-3.32910041218638,-3.7905079197786455,-0.0513964999999998,-0.18824850000000026,21823043.5,0.009091391846980634,rank_biserial,two_sided,0.011476019216680473,True
individual,2,veh1_history_front_y_change_m,3801,24338,V10.1,ranked_vehicle_context,last minus first vehicle y across previous 2 s,numeric,m,Distance change represents recent approach dynamics,Mann-Whitney U,0.047622461116975545,Spearman,grouped permutation importance,candidate,computed when history available; paired presence mask,Vehicle rank 1. May correlate with closing speed,True,individual_core,mann_whitney_u,3640,23152,-3.421280285714286,-3.815196604137871,-0.04649349999999995,-0.2180550000000001,44143290.5,3.727726126149773e-06,rank_biserial,two_sided,5.2188165766096815e-06,True
individual,3,veh1_history_front_y_change_m,5167,22972,V10.1,ranked_vehicle_context,last minus first vehicle y across previous 2 s,numeric,m,Distance change represents recent approach dynamics,Mann-Whitney U,0.022916362010602542,Spearman,grouped permutation importance,candidate,computed when history available; paired presence mask,Vehicle rank 1. May correlate with closing speed,True,individual_core,mann_whitney_u,4936,21856,-3.6444597522285256,-3.788151477031479,-0.06192850000000025,-0.2116229999999994,55176730.5,0.011780427656961965,rank_biserial,two_sided,0.01463053112235599,True
individual,1,veh2_history_front_y_change_m,1745,26394,V10.2,ranked_vehicle_context,last minus first vehicle y across previous 2 s,numeric,m,Distance change represents recent approach dynamics,Mann-Whitney U,0.09468911272323877,Spearman,grouped permutation importance,candidate,computed when history available; paired presence mask,Vehicle rank 2. May correlate with closing speed,True,individual_core,mann_whitney_u,1562,23691,-3.077760398207426,-3.7965360788907176,-0.03598,-0.6209220000000002,20254672.5,3.4274500307961905e-10,rank_biserial,two_sided,7.540390067751619e-10,True
individual,2,veh2_history_front_y_change_m,3801,24338,V10.2,ranked_vehicle_context,last minus first vehicle y across previous 2 s,numeric,m,Distance change represents recent approach dynamics,Mann-Whitney U,0.1057096122116814,Spearman,grouped permutation importance,candidate,computed when history available; paired presence mask,Vehicle rank 2. May correlate with closing speed,True,individual_core,mann_whitney_u,3396,21857,-3.1136443333333332,-3.851272445029052,-0.033198000000000005,-0.7858720000000001,41036406.5,3.197643289046183e-23,rank_biserial,two_sided,6.839403701571003e-23,True
individual,3,veh2_history_front_y_change_m,5167,22972,V10.2,ranked_vehicle_context,last minus first vehicle y across previous 2 s,numeric,m,Distance change represents recent approach dynamics,Mann-Whitney U,0.09201902910299853,Spearman,grouped permutation importance,candidate,computed when history available; paired presence mask,Vehicle rank 2. May correlate with closing speed,True,individual_core,mann_whitney_u,4580,20673,-3.2642386259825327,-3.8601550370047897,-0.0389629999999999,-0.8356380000000001,51697458.5,1.6871558772271113e-22,rank_biserial,two_sided,3.5111081769320967e-22,True
individual,1,veh3_history_front_y_change_m,1745,26394,V10.3,ranked_vehicle_context,last minus first vehicle y across previous 2 s,numeric,m,Distance change represents recent approach dynamics,Mann-Whitney U,0.12983647786121932,Spearman,grouped permutation importance,candidate,computed when history available; paired presence mask,Vehicle rank 3. May correlate with closing speed,True,individual_core,mann_whitney_u,1485,22149,-2.7832622080808083,-3.7232250088491576,-0.0456249999999998,-1.5914400000000002,18580875.5,4.8951636991700755e-17,rank_biserial,two_sided,1.5077104193443832e-16,True
individual,2,veh3_history_front_y_change_m,3801,24338,V10.3,ranked_vehicle_context,last minus first vehicle y across previous 2 s,numeric,m,Distance change represents recent approach dynamics,Mann-Whitney U,0.1591961181211683,Spearman,grouped permutation importance,candidate,computed when history available; paired presence mask,Vehicle rank 3. May correlate with closing speed,True,individual_core,mann_whitney_u,3184,20450,-2.7001562336683422,-3.8142570978973107,-0.0327909999999995,-1.863603499999999,37739252.5,1.803415757807187e-47,rank_biserial,two_sided,6.037522319615364e-47,True
individual,3,veh3_history_front_y_change_m,5167,22972,V10.3,ranked_vehicle_context,last minus first vehicle y across previous 2 s,numeric,m,Distance change represents recent approach dynamics,Mann-Whitney U,0.15904648816575806,Spearman,grouped permutation importance,candidate,computed when history available; paired presence mask,Vehicle rank 3. May correlate with closing speed,True,individual_core,mann_whitney_u,4262,19372,-2.7809983219145944,-3.8584679048110675,-0.034715999999999955,-1.99323,47847446.5,1.3302042644438828e-59,rank_biserial,two_sided,4.655714925553589e-59,True
individual,1,veh1_history_observed_fraction,1745,26394,V11.1,ranked_vehicle_context,directly observed fraction for each vehicle over previous 2 s,numeric,proportion,Quantifies reliability of ranked-vehicle history,Mann-Whitney U,0.014593921992777315,Spearman,grouped permutation importance,candidate,zero when rank unavailable,Vehicle rank 1. Quality feature rather than behavioural feature,True,individual_core,mann_whitney_u,1745,26394,0.8869422840769546,0.8790507943724583,1.0,1.0,23364845.0,0.17184444134640298,rank_biserial,two_sided,0.17881110788747337,False
individual,2,veh1_history_observed_fraction,3801,24338,V11.1,ranked_vehicle_context,directly observed fraction for each vehicle over previous 2 s,numeric,proportion,Quantifies reliability of ranked-vehicle history,Mann-Whitney U,0.011561307862615111,Spearman,grouped permutation importance,candidate,zero when rank unavailable,Vehicle rank 1. Quality feature rather than behavioural feature,True,individual_core,mann_whitney_u,3801,24338,0.8879993986544895,0.8782190499669339,1.0,1.0,46789130.0,0.12503196831700764,rank_biserial,two_sided,0.1337147438945776,False
individual,3,veh1_history_observed_fraction,5167,22972,V11.1,ranked_vehicle_context,directly observed fraction for each vehicle over previous 2 s,numeric,proportion,Quantifies reliability of ranked-vehicle history,Mann-Whitney U,0.0012900146764442955,Spearman,grouped permutation importance,candidate,zero when rank unavailable,Vehicle rank 1. Quality feature rather than behavioural feature,True,individual_core,mann_whitney_u,5167,22972,0.8817495645442229,0.8790432244637365,1.0,1.0,59424722.0,0.8462690768623855,rank_biserial,two_sided,0.8523893990344678,False
individual,1,veh2_history_observed_fraction,1745,26394,V11.2,ranked_vehicle_context,directly observed fraction for each vehicle over previous 2 s,numeric,proportion,Quantifies reliability of ranked-vehicle history,Mann-Whitney U,0.02380040788118687,Spearman,grouped permutation importance,candidate,zero when rank unavailable,Vehicle rank 2. Quality feature rather than behavioural feature,True,individual_core,mann_whitney_u,1745,26394,0.8509209987720017,0.8381829203606879,1.0,1.0,23576859.0,0.029877508038008448,rank_biserial,two_sided,0.035946376858228914,True
individual,2,veh2_history_observed_fraction,3801,24338,V11.2,ranked_vehicle_context,directly observed fraction for each vehicle over previous 2 s,numeric,proportion,Quantifies reliability of ranked-vehicle history,Mann-Whitney U,0.010323759902550966,Spearman,grouped permutation importance,candidate,zero when rank unavailable,Vehicle rank 2. Quality feature rather than behavioural feature,True,individual_core,mann_whitney_u,3801,24338,0.8432993823680485,0.8382971563183578,1.0,1.0,46731888.0,0.18186110078266926,rank_biserial,two_sided,0.19182609260637715,False
individual,3,veh2_history_observed_fraction,5167,22972,V11.2,ranked_vehicle_context,directly observed fraction for each vehicle over previous 2 s,numeric,proportion,Quantifies reliability of ranked-vehicle history,Mann-Whitney U,-0.0037696281141781363,Spearman,grouped permutation importance,candidate,zero when rank unavailable,Vehicle rank 2. Quality feature rather than behavioural feature,True,individual_core,mann_whitney_u,5167,22972,0.8343609168072106,0.8400101987512749,1.0,1.0,59124441.5,0.5808223357188631,rank_biserial,two_sided,0.6211572201437842,False
individual,1,veh3_history_observed_fraction,1745,26394,V11.3,ranked_vehicle_context,directly observed fraction for each vehicle over previous 2 s,numeric,proportion,Quantifies reliability of ranked-vehicle history,Mann-Whitney U,0.03569422850074688,Spearman,grouped permutation importance,candidate,zero when rank unavailable,Vehicle rank 3. Quality feature rather than behavioural feature,True,individual_core,mann_whitney_u,1745,26394,0.8078319006685768,0.7853534533461789,1.0,1.0,23850759.0,0.0024256383642546958,rank_biserial,two_sided,0.00327673954469494,True
individual,2,veh3_history_observed_fraction,3801,24338,V11.3,ranked_vehicle_context,directly observed fraction for each vehicle over previous 2 s,numeric,proportion,Quantifies reliability of ranked-vehicle history,Mann-Whitney U,0.02223064593098223,Spearman,grouped permutation importance,candidate,zero when rank unavailable,Vehicle rank 3. Quality feature rather than behavioural feature,True,individual_core,mann_whitney_u,3801,24338,0.7935004572731487,0.7856927634230617,1.0,1.0,47282633.5,0.007436275010453552,rank_biserial,two_sided,0.009235373803305217,True
individual,3,veh3_history_observed_fraction,5167,22972,V11.3,ranked_vehicle_context,directly observed fraction for each vehicle over previous 2 s,numeric,proportion,Quantifies reliability of ranked-vehicle history,Mann-Whitney U,0.003109734047029189,Spearman,grouped permutation importance,candidate,zero when rank unavailable,Vehicle rank 3. Quality feature rather than behavioural feature,True,individual_core,mann_whitney_u,5167,22972,0.7795441768733814,0.7883676193792858,1.0,1.0,59532719.0,0.6714783422428753,rank_biserial,two_sided,0.7082716760644027,False
individual,1,dbscan_history_mean_group_size,1745,26394,G01,dbscan_context,mean snapshot group size across previous 2 s,numeric,persons,Group presence is a required explanatory behavioural variable,Mann-Whitney U,-0.03773498057755165,Spearman,grouped permutation importance,theory_mandatory,mean with singleton represented as one,Actual rank will still be reported,True,dbscan_addon,mann_whitney_u,1745,26394,2.6449217987099334,2.7051403543095693,1.8823529411764703,2.0,22159775.0,0.00785289232089405,rank_biserial,two_sided,0.010077878478480696,True
individual,2,dbscan_history_mean_group_size,3801,24338,G01,dbscan_context,mean snapshot group size across previous 2 s,numeric,persons,Group presence is a required explanatory behavioural variable,Mann-Whitney U,-0.05646057997245624,Spearman,grouped permutation importance,theory_mandatory,mean with singleton represented as one,Actual rank will still be reported,True,dbscan_addon,mann_whitney_u,3801,24338,2.56431052001428,2.7228169432090286,1.8571428571428568,2.0,43642820.5,1.729949771775683e-08,rank_biserial,two_sided,3.0274121006074456e-08,True
individual,3,dbscan_history_mean_group_size,5167,22972,G01,dbscan_context,mean snapshot group size across previous 2 s,numeric,persons,Group presence is a required explanatory behavioural variable,Mann-Whitney U,-0.049300743298503535,Spearman,grouped permutation importance,theory_mandatory,mean with singleton represented as one,Actual rank will still be reported,True,dbscan_addon,mann_whitney_u,5167,22972,2.5746053848014236,2.7299267380779484,1.8823529411764703,2.0,56422253.5,2.4676673693036185e-08,rank_biserial,two_sided,3.958549738257888e-08,True
individual,1,dbscan_history_mean_spread_m,1745,26394,G02,dbscan_context,mean DBSCAN spatial spread across previous 2 s,numeric,m,Compact and dispersed groups may behave differently,Mann-Whitney U,-0.02820672320031059,Spearman,grouped permutation importance,candidate,zero for singleton,May correlate with group size,True,dbscan_addon,mann_whitney_u,1745,26394,0.42175335068492653,0.4362817365128859,0.3406862857142856,0.37970526190476195,22379199.0,0.04693365367950398,rank_biserial,two_sided,0.053938676616743376,False
individual,2,dbscan_history_mean_spread_m,3801,24338,G02,dbscan_context,mean DBSCAN spatial spread across previous 2 s,numeric,m,Compact and dispersed groups may behave differently,Mann-Whitney U,-0.05036623675484575,Spearman,grouped permutation importance,candidate,zero for singleton,May correlate with group size,True,dbscan_addon,mann_whitney_u,3801,24338,0.40642735091094967,0.4399025963371595,0.3322715,0.3825529523809523,43924710.5,4.953658331365841e-07,rank_biserial,two_sided,7.784320235003464e-07,True
individual,3,dbscan_history_mean_spread_m,5167,22972,G02,dbscan_context,mean DBSCAN spatial spread across previous 2 s,numeric,m,Compact and dispersed groups may behave differently,Mann-Whitney U,-0.04708599063270069,Spearman,grouped permutation importance,candidate,zero for singleton,May correlate with group size,True,dbscan_addon,mann_whitney_u,5167,22972,0.407894799558408,0.4415630907691108,0.3347847142857143,0.3846022380952381,56553695.0,1.0120052258694601e-07,rank_biserial,two_sided,1.5902939263662944e-07,True
individual,1,dbscan_history_mean_vx_mps,1745,26394,G03,dbscan_context,mean group vx averaged across previous 2 s,numeric,m/s,Companion lateral motion may influence the focal pedestrian,Mann-Whitney U,-0.06972076010155126,Spearman,grouped permutation importance,candidate,mean over valid snapshots,Excludes future information,True,dbscan_addon,mann_whitney_u,1745,26394,-0.05750823434160081,-0.010724254692935368,-0.0279555238095238,-0.00240109523809515,21423182.0,1.031557298810511e-06,rank_biserial,two_sided,1.621018612416517e-06,True
individual,2,dbscan_history_mean_vx_mps,3801,24338,G03,dbscan_context,mean group vx averaged across previous 2 s,numeric,m/s,Companion lateral motion may influence the focal pedestrian,Mann-Whitney U,-0.018074411522077005,Spearman,grouped permutation importance,candidate,mean over valid snapshots,Excludes future information,True,dbscan_addon,mann_whitney_u,3801,24338,-0.0421046375838381,-0.009177751657295626,-0.0092408095238095,-0.0026038333333332497,45418348.5,0.07266067188416851,rank_biserial,two_sided,0.08350554828479068,False
individual,3,dbscan_history_mean_vx_mps,5167,22972,G03,dbscan_context,mean group vx averaged across previous 2 s,numeric,m/s,Companion lateral motion may influence the focal pedestrian,Mann-Whitney U,0.00218770043796801,Spearman,grouped permutation importance,candidate,mean over valid snapshots,Excludes future information,True,dbscan_addon,mann_whitney_u,5167,22972,-0.032632780612317974,-0.009350264228956231,-0.0014488095238095,-0.0029147619047619,59477998.0,0.8056084272503766,rank_biserial,two_sided,0.8382682283551216,False
individual,1,dbscan_history_mean_vy_mps,1745,26394,G04,dbscan_context,mean group vy averaged across previous 2 s,numeric,m/s,Companions moving toward the road may encourage crossing,Mann-Whitney U,0.4436373813359076,Spearman,grouped permutation importance,candidate,mean over valid snapshots,Core group-motion candidate,True,dbscan_addon,mann_whitney_u,1745,26394,0.47806236312222133,-0.06135237705445295,0.4420940476190476,-0.00679324999999995,33245186.0,3.624251255909639e-212,rank_biserial,two_sided,4.651122445084037e-211,True
individual,2,dbscan_history_mean_vy_mps,3801,24338,G04,dbscan_context,mean group vy averaged across previous 2 s,numeric,m/s,Companions moving toward the road may encourage crossing,Mann-Whitney U,0.5386769517923808,Spearman,grouped permutation importance,candidate,mean over valid snapshots,Core group-motion candidate,True,dbscan_addon,mann_whitney_u,3801,24338,0.4786763767734442,-0.10701638279410042,0.4564560952380952,-0.0167678571428571,71170531.5,0.0,rank_biserial,two_sided,0.0,True
individual,3,dbscan_history_mean_vy_mps,5167,22972,G04,dbscan_context,mean group vy averaged across previous 2 s,numeric,m/s,Companions moving toward the road may encourage crossing,Mann-Whitney U,0.5594151593102412,Spearman,grouped permutation importance,candidate,mean over valid snapshots,Core group-motion candidate,True,dbscan_addon,mann_whitney_u,5167,22972,0.4452901614380584,-0.13433441060758325,0.4275602380952381,-0.02458157142857135,92548423.5,0.0,rank_biserial,two_sided,0.0,True
individual,1,dbscan_history_mean_speed_mps,1745,26394,G05,dbscan_context,mean group speed averaged across previous 2 s,numeric,m/s,Represents group activity level,Mann-Whitney U,0.4615652207141807,Spearman,grouped permutation importance,candidate,mean over valid snapshots,May correlate with group vx and vy,True,dbscan_addon,mann_whitney_u,1745,26394,1.4846295867348591,0.9910608183664287,1.4453172857142855,0.9557138333333333,33658042.0,1.7332872593044224e-229,rank_biserial,two_sided,2.66926237932881e-228,True
individual,2,dbscan_history_mean_speed_mps,3801,24338,G05,dbscan_context,mean group speed averaged across previous 2 s,numeric,m/s,Represents group activity level,Mann-Whitney U,0.41309912799804915,Spearman,grouped permutation importance,candidate,mean over valid snapshots,May correlate with group vx and vy,True,dbscan_addon,mann_whitney_u,3801,24338,1.3972261445926457,0.963015913107864,1.3578601904761904,0.9168284285714283,65362008.5,0.0,rank_biserial,two_sided,0.0,True
individual,3,dbscan_history_mean_speed_mps,5167,22972,G05,dbscan_context,mean group speed averaged across previous 2 s,numeric,m/s,Represents group activity level,Mann-Whitney U,0.37951132336667825,Spearman,grouped permutation importance,candidate,mean over valid snapshots,May correlate with group vx and vy,True,dbscan_addon,mann_whitney_u,5167,22972,1.3448962522728716,0.9489665215619849,1.297536333333333,0.8969348333333333,81871461.5,0.0,rank_biserial,two_sided,0.0,True
individual,1,dbscan_companion_wait_mean_sec,1745,26394,G06,dbscan_context,mean current waiting duration among companions,numeric,s,Average companion waiting may influence the focal decision,Mann-Whitney U,-0.16022628655943993,Spearman,grouped permutation importance,candidate,zero with no companions,Companions exclude the focal pedestrian,True,dbscan_addon,mann_whitney_u,1745,26394,1.0903132039879866,2.9800009620783,0.0,0.2000000000000227,19338951.5,1.8607187412714978e-32,rank_biserial,two_sided,8.954708942369083e-32,True
individual,2,dbscan_companion_wait_mean_sec,3801,24338,G06,dbscan_context,mean current waiting duration among companions,numeric,s,Average companion waiting may influence the focal decision,Mann-Whitney U,-0.15189885089557698,Spearman,grouped permutation importance,candidate,zero with no companions,Companions exclude the focal pedestrian,True,dbscan_addon,mann_whitney_u,3801,24338,1.1536325453744847,3.1297470880551104,0.0,0.2500000000000909,39228383.5,3.4676984404745106e-57,rank_biserial,two_sided,1.4053304206133542e-56,True
individual,3,dbscan_companion_wait_mean_sec,5167,22972,G06,dbscan_context,mean current waiting duration among companions,numeric,s,Average companion waiting may influence the focal decision,Mann-Whitney U,-0.14908435580532386,Spearman,grouped permutation importance,candidate,zero with no companions,Companions exclude the focal pedestrian,True,dbscan_addon,mann_whitney_u,5167,22972,1.1784108679787717,3.241680871461231,0.0,0.2999999999998181,50500279.5,3.009532027938057e-70,rank_biserial,two_sided,1.158669830756152e-69,True
individual,1,dbscan_companion_wait_min_sec,1745,26394,G07,dbscan_context,minimum current waiting duration among companions,numeric,s,Newest companion may indicate recent group formation,Mann-Whitney U,-0.0998014439766961,Spearman,grouped permutation importance,candidate,zero with no companions,Companions exclude the focal pedestrian,True,dbscan_addon,mann_whitney_u,1745,26394,0.5420630372492807,1.8718382965825542,0.0,0.0,20730461.0,1.5330102702494339e-15,rank_biserial,two_sided,4.215778243185943e-15,True
individual,2,dbscan_companion_wait_min_sec,3801,24338,G07,dbscan_context,minimum current waiting duration among companions,numeric,s,Newest companion may indicate recent group formation,Mann-Whitney U,-0.0881791944886331,Spearman,grouped permutation importance,candidate,zero with no companions,Companions exclude the focal pedestrian,True,dbscan_addon,mann_whitney_u,3801,24338,0.5766377269139674,1.9787739337661243,0.0,0.0,42175696.0,1.7678700864503056e-23,rank_biserial,two_sided,3.8893141901906723e-23,True
individual,3,dbscan_companion_wait_min_sec,5167,22972,G07,dbscan_context,minimum current waiting duration among companions,numeric,s,Newest companion may indicate recent group formation,Mann-Whitney U,-0.08810415223979473,Spearman,grouped permutation importance,candidate,zero with no companions,Companions exclude the focal pedestrian,True,dbscan_addon,mann_whitney_u,5167,22972,0.5698083994580966,2.063686226710776,0.0,0.0,54119342.5,1.2968468065677765e-29,rank_biserial,two_sided,2.9369765913446706e-29,True
individual,1,dbscan_companion_wait_max_sec,1745,26394,G08,dbscan_context,maximum current waiting duration among companions,numeric,s,Longest-waiting companion may influence crossing initiation,Mann-Whitney U,-0.16001179394552856,Spearman,grouped permutation importance,candidate,zero with no companions,Companions exclude the focal pedestrian,True,dbscan_addon,mann_whitney_u,1745,26394,1.9497421203438408,4.625986966734864,0.0,0.3000000000000454,19343891.0,2.247516749874476e-32,rank_biserial,two_sided,1.0179928808254979e-31,True
individual,2,dbscan_companion_wait_max_sec,3801,24338,G08,dbscan_context,maximum current waiting duration among companions,numeric,s,Longest-waiting companion may influence crossing initiation,Mann-Whitney U,-0.1531825242281437,Spearman,grouped permutation importance,candidate,zero with no companions,Companions exclude the focal pedestrian,True,dbscan_addon,mann_whitney_u,3801,24338,2.0077611154959234,4.843006820609745,0.0,0.4000000000001819,39169008.0,3.977937329909185e-58,rank_biserial,two_sided,1.8017716141353368e-57,True
individual,3,dbscan_companion_wait_max_sec,5167,22972,G08,dbscan_context,maximum current waiting duration among companions,numeric,s,Longest-waiting companion may influence crossing initiation,Mann-Whitney U,-0.1504387869669831,Spearman,grouped permutation importance,candidate,zero with no companions,Companions exclude the focal pedestrian,True,dbscan_addon,mann_whitney_u,5167,22972,2.0664989355525463,4.998389343548667,0.0,0.4000000000001819,50419896.5,1.6965393929607862e-71,rank_biserial,two_sided,6.8754491188410814e-71,True
individual,1,dbscan_companion_low_speed_fraction,1745,26394,G09,dbscan_context,fraction of companions currently in low-speed waiting,numeric,proportion,Distinguishes a waiting group from a moving cluster,Mann-Whitney U,-0.14393865671910755,Spearman,grouped permutation importance,candidate,zero with no companions,Companions exclude the focal pedestrian,True,dbscan_addon,mann_whitney_u,1745,26394,0.24246131137248617,0.36243043911384293,0.0,0.0,19714035.5,1.5557893158565094e-28,rank_biserial,two_sided,6.305040911629011e-28,True
individual,2,dbscan_companion_low_speed_fraction,3801,24338,G09,dbscan_context,fraction of companions currently in low-speed waiting,numeric,proportion,Distinguishes a waiting group from a moving cluster,Mann-Whitney U,-0.13205295266269879,Spearman,grouped permutation importance,candidate,zero with no companions,Companions exclude the focal pedestrian,True,dbscan_addon,mann_whitney_u,3801,24338,0.26034925609552784,0.36977140586312174,0.0,0.0,40146343.0,4.660101443842857e-47,rank_biserial,two_sided,1.4951158798995834e-46,True
individual,3,dbscan_companion_low_speed_fraction,5167,22972,G09,dbscan_context,fraction of companions currently in low-speed waiting,numeric,proportion,Distinguishes a waiting group from a moving cluster,Mann-Whitney U,-0.12983788781866568,Spearman,grouped permutation importance,candidate,zero with no companions,Companions exclude the focal pedestrian,True,dbscan_addon,mann_whitney_u,5167,22972,0.26763516818801875,0.37463926015533106,0.0,0.0,51642522.0,6.117330899735722e-58,rank_biserial,two_sided,2.0479759968680462e-57,True
individual,1,dbscan_companion_low_speed_wait_mean_sec,1745,26394,G10,dbscan_context,mean causal cumulative low-speed waiting time among current companions,numeric,s,Tests whether companions with longer established waiting influence the focal decision,Mann-Whitney U,-0.1792823453624196,Spearman,grouped permutation importance,sensitivity_only,zero with no companions; log1p transform for modelling,Can exceed the 2 s observation window; companions exclude the focal pedestrian; retain only for cumulative-wait sensitivity analysis,True,dbscan_addon,mann_whitney_u,1745,26394,0.5266985753819565,2.138155146569968,0.0,0.0,18900114.0,1.1776826121884515e-42,rank_biserial,two_sided,6.975504702962367e-42,True
individual,2,dbscan_companion_low_speed_wait_mean_sec,3801,24338,G10,dbscan_context,mean causal cumulative low-speed waiting time among current companions,numeric,s,Tests whether companions with longer established waiting influence the focal decision,Mann-Whitney U,-0.17647645349999264,Spearman,grouped permutation importance,sensitivity_only,zero with no companions; log1p transform for modelling,Can exceed the 2 s observation window; companions exclude the focal pedestrian; retain only for cumulative-wait sensitivity analysis,True,dbscan_addon,mann_whitney_u,3801,24338,0.5736202096189427,2.266958071158174,0.0,0.0,38091562.0,2.665526659876995e-81,rank_biserial,two_sided,1.578811944696374e-80,True
individual,3,dbscan_companion_low_speed_wait_mean_sec,5167,22972,G10,dbscan_context,mean causal cumulative low-speed waiting time among current companions,numeric,s,Tests whether companions with longer established waiting influence the focal decision,Mann-Whitney U,-0.17425503421656086,Spearman,grouped permutation importance,sensitivity_only,zero with no companions; log1p transform for modelling,Can exceed the 2 s observation window; companions exclude the focal pedestrian; retain only for cumulative-wait sensitivity analysis,True,dbscan_addon,mann_whitney_u,5167,22972,0.5806512543400358,2.3660687324322773,0.0,0.0,49006446.0,3.169476567355346e-101,rank_biserial,two_sided,1.7432121120454402e-100,True
individual,1,dbscan_companion_low_speed_wait_min_sec,1745,26394,G11,dbscan_context,minimum causal cumulative low-speed waiting time among current companions,numeric,s,Identifies whether every current companion has established low-speed waiting,Mann-Whitney U,-0.11627807657075839,Spearman,grouped permutation importance,sensitivity_only,zero with no companions; log1p transform for modelling,Can exceed the 2 s observation window; companions exclude the focal pedestrian; retain only for cumulative-wait sensitivity analysis,True,dbscan_addon,mann_whitney_u,1745,26394,0.21054441260744988,1.3672311889065696,0.0,0.0,20351024.5,9.355278897428059e-28,rank_biserial,two_sided,3.601782375509803e-27,True
individual,2,dbscan_companion_low_speed_wait_min_sec,3801,24338,G11,dbscan_context,minimum causal cumulative low-speed waiting time among current companions,numeric,s,Identifies whether every current companion has established low-speed waiting,Mann-Whitney U,-0.10244210660402697,Spearman,grouped permutation importance,sensitivity_only,zero with no companions; log1p transform for modelling,Can exceed the 2 s observation window; companions exclude the focal pedestrian; retain only for cumulative-wait sensitivity analysis,True,dbscan_addon,mann_whitney_u,3801,24338,0.23575374901341753,1.4610074780179143,0.0,0.0,41515974.0,2.5358044655635917e-42,rank_biserial,two_sided,7.810277753935863e-42,True
individual,3,dbscan_companion_low_speed_wait_min_sec,5167,22972,G11,dbscan_context,minimum causal cumulative low-speed waiting time among current companions,numeric,s,Identifies whether every current companion has established low-speed waiting,Mann-Whitney U,-0.10035340268835957,Spearman,grouped permutation importance,sensitivity_only,zero with no companions; log1p transform for modelling,Can exceed the 2 s observation window; companions exclude the focal pedestrian; retain only for cumulative-wait sensitivity analysis,True,dbscan_addon,mann_whitney_u,5167,22972,0.22717244048771046,1.535795751349469,0.0,0.0,53392372.0,1.0571318441615663e-51,rank_biserial,two_sided,3.255966080017624e-51,True
individual,1,dbscan_companion_low_speed_wait_max_sec,1745,26394,G12,dbscan_context,maximum causal cumulative low-speed waiting time among current companions,numeric,s,Captures the longest-waiting current companion as a possible behavioural cue,Mann-Whitney U,-0.1758581495794499,Spearman,grouped permutation importance,sensitivity_only,zero with no companions; log1p transform for modelling,Can exceed the 2 s observation window; companions exclude the focal pedestrian; retain only for cumulative-wait sensitivity analysis,True,dbscan_addon,mann_whitney_u,1745,26394,1.0492263610315185,3.3983632643782675,0.0,0.0,18978969.0,4.1357462375445357e-41,rank_biserial,two_sided,2.2746604306494947e-40,True
individual,2,dbscan_companion_low_speed_wait_max_sec,3801,24338,G12,dbscan_context,maximum causal cumulative low-speed waiting time among current companions,numeric,s,Captures the longest-waiting current companion as a possible behavioural cue,Mann-Whitney U,-0.17463081163208605,Spearman,grouped permutation importance,sensitivity_only,zero with no companions; log1p transform for modelling,Can exceed the 2 s observation window; companions exclude the focal pedestrian; retain only for cumulative-wait sensitivity analysis,True,dbscan_addon,mann_whitney_u,3801,24338,1.1078663509602735,3.5876530528391815,0.0,0.0,38176931.0,1.1845519166541794e-79,rank_biserial,two_sided,6.515035541597987e-79,True
individual,3,dbscan_companion_low_speed_wait_max_sec,5167,22972,G12,dbscan_context,maximum causal cumulative low-speed waiting time among current companions,numeric,s,Captures the longest-waiting current companion as a possible behavioural cue,Mann-Whitney U,-0.17215550837109328,Spearman,grouped permutation importance,sensitivity_only,zero with no companions; log1p transform for modelling,Can exceed the 2 s observation window; companions exclude the focal pedestrian; retain only for cumulative-wait sensitivity analysis,True,dbscan_addon,mann_whitney_u,5167,22972,1.139520030965744,3.7279905972488243,0.0,0.0,49131049.0,7.472399628629223e-99,rank_biserial,two_sided,3.8358318093630013e-98,True
individual,1,dbscan_companion_male_ratio_2s_mean,1745,26394,G13,dbscan_demography,mean male proportion among companions across previous 2 s,numeric,proportion,Required demographic composition hypothesis,Mann-Whitney U,0.01131693340915163,compositional reference rule,grouped permutation importance,theory_mandatory,zero with no companions,Unknown gender is the reference proportion,True,dbscan_addon,mann_whitney_u,1745,26394,0.30440185157783,0.30133733201021673,0.1904761904761904,0.1690488744060172,23289380.0,0.41075264191980565,rank_biserial,two_sided,0.41615728194506624,False
individual,2,dbscan_companion_male_ratio_2s_mean,3801,24338,G13,dbscan_demography,mean male proportion among companions across previous 2 s,numeric,proportion,Required demographic composition hypothesis,Mann-Whitney U,-0.002890721522976536,compositional reference rule,grouped permutation importance,theory_mandatory,zero with no companions,Unknown gender is the reference proportion,True,dbscan_addon,mann_whitney_u,3801,24338,0.29669588354681503,0.30228193437092316,0.1666666666666666,0.1714285714285714,46120660.5,0.7658736811828335,rank_biserial,two_sided,0.775950966461555,False
individual,3,dbscan_companion_male_ratio_2s_mean,5167,22972,G13,dbscan_demography,mean male proportion among companions across previous 2 s,numeric,proportion,Required demographic composition hypothesis,Mann-Whitney U,-0.005421861253260052,compositional reference rule,grouped permutation importance,theory_mandatory,zero with no companions,Unknown gender is the reference proportion,True,dbscan_addon,mann_whitney_u,5167,22972,0.2959228597210906,0.30278797474761,0.1666666666666666,0.1714285714285714,59026384.5,0.5269647089850091,rank_biserial,two_sided,0.5714969379133198,False
individual,1,dbscan_companion_female_ratio_2s_mean,1745,26394,G14,dbscan_demography,mean female proportion among companions across previous 2 s,numeric,proportion,Required demographic composition hypothesis,Mann-Whitney U,-0.023279580993596505,compositional reference rule,grouped permutation importance,theory_mandatory,zero with no companions,Unknown gender equals one minus male minus female,True,dbscan_addon,mann_whitney_u,1745,26394,0.06861096403006102,0.07696852102277549,0.0,0.0,22492665.0,0.03669612799587298,rank_biserial,two_sided,0.043470797779726456,True
individual,2,dbscan_companion_female_ratio_2s_mean,3801,24338,G14,dbscan_demography,mean female proportion among companions across previous 2 s,numeric,proportion,Required demographic composition hypothesis,Mann-Whitney U,-0.02172820690733024,compositional reference rule,grouped permutation importance,theory_mandatory,zero with no companions,Unknown gender equals one minus male minus female,True,dbscan_addon,mann_whitney_u,3801,24338,0.06896452106758225,0.07761932498684003,0.0,0.0,45249344.5,0.005718985660160843,rank_biserial,two_sided,0.007339364930539748,True
individual,3,dbscan_companion_female_ratio_2s_mean,5167,22972,G14,dbscan_demography,mean female proportion among companions across previous 2 s,numeric,proportion,Required demographic composition hypothesis,Mann-Whitney U,-0.01277588006853525,compositional reference rule,grouped permutation importance,theory_mandatory,zero with no companions,Unknown gender equals one minus male minus female,True,dbscan_addon,mann_whitney_u,5167,22972,0.07071768965421575,0.07773963841477712,0.0,0.0,58589937.0,0.06568647372762082,rank_biserial,two_sided,0.0790290387035438,False
individual,1,dbscan_companion_unknown_gender_ratio_2s_mean,1745,26394,G15,dbscan_demography,mean unknown-gender proportion among companions across previous 2 s,numeric,proportion,Retains classification uncertainty for audit,Mann-Whitney U,-0.08148752223577771,compositional reference rule,grouped permutation importance,reference_not_jointly_encoded,zero with no companions,Stored and tested but omitted with intercept when male and female are encoded,True,dbscan_addon,mann_whitney_u,1745,26394,0.15245252726781042,0.19650420770831467,0.0476190476190476,0.0634920634920634,21152208.0,5.067727966278967e-09,rank_biserial,two_sided,1.054635279468866e-08,True
individual,2,dbscan_companion_unknown_gender_ratio_2s_mean,3801,24338,G15,dbscan_demography,mean unknown-gender proportion among companions across previous 2 s,numeric,proportion,Retains classification uncertainty for audit,Mann-Whitney U,-0.06706009760937393,compositional reference rule,grouped permutation importance,reference_not_jointly_encoded,zero with no companions,Stored and tested but omitted with intercept when male and female are encoded,True,dbscan_addon,mann_whitney_u,3801,24338,0.1553052600916001,0.19978003224288826,0.0476190476190476,0.0634920634920634,43152546.5,9.29572107794147e-12,rank_biserial,two_sided,1.704215530955936e-11,True
individual,3,dbscan_companion_unknown_gender_ratio_2s_mean,5167,22972,G15,dbscan_demography,mean unknown-gender proportion among companions across previous 2 s,numeric,proportion,Retains classification uncertainty for audit,Mann-Whitney U,-0.05145038021565018,compositional reference rule,grouped permutation importance,reference_not_jointly_encoded,zero with no companions,Stored and tested but omitted with intercept when male and female are encoded,True,dbscan_addon,mann_whitney_u,5167,22972,0.16103496128950706,0.20113590777262336,0.0476190476190476,0.0634920634920634,56294676.5,3.134141105174087e-09,rank_biserial,two_sided,5.246279676052276e-09,True
individual,1,dbscan_companion_young_ratio_2s_mean,1745,26394,G16,dbscan_demography,mean young proportion among companions across previous 2 s,numeric,proportion,Required age-composition hypothesis,Mann-Whitney U,-0.015059491900672906,compositional reference rule,grouped permutation importance,theory_mandatory,zero with no companions,Unknown age is the reference proportion,True,dbscan_addon,mann_whitney_u,1745,26394,0.04583812978927762,0.054877371385578126,0.0,0.0,22681963.5,0.13586548006518062,rank_biserial,two_sided,0.14734706992984378,False
individual,2,dbscan_companion_young_ratio_2s_mean,3801,24338,G16,dbscan_demography,mean young proportion among companions across previous 2 s,numeric,proportion,Required age-composition hypothesis,Mann-Whitney U,-0.01605939105990184,compositional reference rule,grouped permutation importance,theory_mandatory,zero with no companions,Unknown age is the reference proportion,True,dbscan_addon,mann_whitney_u,3801,24338,0.04743268294136722,0.05539194876214569,0.0,0.0,45511552.0,0.024199297757892913,rank_biserial,two_sided,0.029114780114964912,True
individual,3,dbscan_companion_young_ratio_2s_mean,5167,22972,G16,dbscan_demography,mean young proportion among companions across previous 2 s,numeric,proportion,Required age-composition hypothesis,Mann-Whitney U,-0.020125779126908716,compositional reference rule,grouped permutation importance,theory_mandatory,zero with no companions,Unknown age is the reference proportion,True,dbscan_addon,mann_whitney_u,5167,22972,0.0465827201308396,0.05605641484925955,0.0,0.0,58153734.0,0.0013761972512742375,rank_biserial,two_sided,0.0018922712205020765,True
individual,1,dbscan_companion_adult_ratio_2s_mean,1745,26394,G17,dbscan_demography,mean adult proportion among companions across previous 2 s,numeric,proportion,Required age-composition hypothesis,Mann-Whitney U,0.020228852915039175,compositional reference rule,grouped permutation importance,theory_mandatory,zero with no companions,Unknown age is the reference proportion,True,dbscan_addon,mann_whitney_u,1745,26394,0.1854046343613924,0.17830740158451056,0.0,0.0,23494610.5,0.12018855779055661,rank_biserial,two_sided,0.13412346304163564,False
individual,2,dbscan_companion_adult_ratio_2s_mean,3801,24338,G17,dbscan_demography,mean adult proportion among companions across previous 2 s,numeric,proportion,Required age-composition hypothesis,Mann-Whitney U,2.6570462997810296e-05,compositional reference rule,grouped permutation importance,theory_mandatory,zero with no companions,Unknown age is the reference proportion,True,dbscan_addon,mann_whitney_u,3801,24338,0.17306575482107198,0.17963488003563594,0.0,0.0,46255598.0,0.9976928369650501,rank_biserial,two_sided,0.9976928369650501,False
individual,3,dbscan_companion_adult_ratio_2s_mean,5167,22972,G17,dbscan_demography,mean adult proportion among companions across previous 2 s,numeric,proportion,Required age-composition hypothesis,Mann-Whitney U,-0.0015088167347120374,compositional reference rule,grouped permutation importance,theory_mandatory,zero with no companions,Unknown age is the reference proportion,True,dbscan_addon,mann_whitney_u,5167,22972,0.1716458066126609,0.18034488775964577,0.0,0.0,59258616.5,0.8523893990344679,rank_biserial,two_sided,0.8523893990344678,False
individual,1,dbscan_companion_old_ratio_2s_mean,1745,26394,G18,dbscan_demography,mean older proportion among companions across previous 2 s,numeric,proportion,Required age-composition hypothesis,Mann-Whitney U,0.014315596168531064,compositional reference rule,grouped permutation importance,theory_mandatory,zero with no companions,Unknown age is the reference proportion,True,dbscan_addon,mann_whitney_u,1745,26394,0.013276090972689517,0.010228648586487152,0.0,0.0,23358435.5,0.007387403803767805,rank_biserial,two_sided,0.009641188015086797,True
individual,2,dbscan_companion_old_ratio_2s_mean,3801,24338,G18,dbscan_demography,mean older proportion among companions across previous 2 s,numeric,proportion,Required age-composition hypothesis,Mann-Whitney U,0.0186739116471355,compositional reference rule,grouped permutation importance,theory_mandatory,zero with no companions,Unknown age is the reference proportion,True,dbscan_addon,mann_whitney_u,3801,24338,0.013661717282778433,0.00991098455695802,0.0,0.0,47118119.0,7.329915070406613e-07,rank_biserial,two_sided,1.1288069208426184e-06,True
individual,3,dbscan_companion_old_ratio_2s_mean,5167,22972,G18,dbscan_demography,mean older proportion among companions across previous 2 s,numeric,proportion,Required age-composition hypothesis,Mann-Whitney U,0.02420747250774169,compositional reference rule,grouped permutation importance,theory_mandatory,zero with no companions,Unknown age is the reference proportion,True,dbscan_addon,mann_whitney_u,5167,22972,0.013978248963490064,0.009616755926551103,0.0,0.0,60784831.0,3.540097794113716e-13,rank_biserial,two_sided,6.648476345042833e-13,True
individual,1,dbscan_companion_unknown_age_ratio_2s_mean,1745,26394,G19,dbscan_demography,mean unknown-age proportion among companions across previous 2 s,numeric,proportion,Retains classification uncertainty for audit,Mann-Whitney U,-0.07220990791299486,compositional reference rule,grouped permutation importance,reference_not_jointly_encoded,zero with no companions,Stored and tested but omitted with intercept when young adult and old are encoded,True,dbscan_addon,mann_whitney_u,1745,26394,0.28094648775234193,0.331396639184731,0.1666666666666666,0.2209939531368102,21365860.0,2.995976801648248e-07,rank_biserial,two_sided,4.908302419721598e-07,True
individual,2,dbscan_companion_unknown_age_ratio_2s_mean,3801,24338,G19,dbscan_demography,mean unknown-age proportion among companions across previous 2 s,numeric,proportion,Retains classification uncertainty for audit,Mann-Whitney U,-0.0679299397641766,compositional reference rule,grouped permutation importance,reference_not_jointly_encoded,zero with no companions,Stored and tested but omitted with intercept when young adult and old are encoded,True,dbscan_addon,mann_whitney_u,3801,24338,0.2868055096607798,0.3347434782459119,0.1666666666666666,0.2285714285714285,43112312.5,8.42789145013697e-12,rank_biserial,two_sided,1.5827991260013335e-11,True
individual,3,dbscan_companion_unknown_age_ratio_2s_mean,5167,22972,G19,dbscan_demography,mean unknown-age proportion among companions across previous 2 s,numeric,proportion,Retains classification uncertainty for audit,Mann-Whitney U,-0.05309027935860933,compositional reference rule,grouped permutation importance,reference_not_jointly_encoded,zero with no companions,Stored and tested but omitted with intercept when young adult and old are encoded,True,dbscan_addon,mann_whitney_u,5167,22972,0.2954687349578229,0.335645462399554,0.1904761904761904,0.2285714285714285,56197351.5,1.4718183301788216e-09,rank_biserial,two_sided,2.5184446983059834e-09,True
individual,1,location_id,1745,26394,C01,analysis_control,recording location,categorical,category,Location may explain baseline differences but can hide physical mechanisms,Chi-square or Fisher,0.07954181541093779,Cramer's V,grouped permutation importance,subgroup_analysis_only,never missing,Not proposed as a primary behavioural predictor,True,subgroup_control,chi_square,1745,26394,,,,,183.02650089412973,1.207783191037832e-37,cramers_v,"{""table"": {""BM"": {""0"": 7291, ""1"": 357}, ""BS"": {""0"": 1491, ""1"": 181}, ""FG"": {""0"": 9963, ""1"": 686}, ""ITC"": {""0"": 1130, ""1"": 128}, ""JG"": {""0"": 1440, ""1"": 24}, ""KB"": {""0"": 5079, ""1"": 369}}, ""minimum_expected_count"": 78.01307793453925}",6.199953713994204e-37,True
individual,2,location_id,3801,24338,C01,analysis_control,recording location,categorical,category,Location may explain baseline differences but can hide physical mechanisms,Chi-square or Fisher,0.10770695000087151,Cramer's V,grouped permutation importance,subgroup_analysis_only,never missing,Not proposed as a primary behavioural predictor,True,subgroup_control,chi_square,3801,24338,,,,,331.42312409791924,1.744621596066508e-69,cramers_v,"{""table"": {""BM"": {""0"": 6831, ""1"": 817}, ""BS"": {""0"": 1348, ""1"": 324}, ""FG"": {""0"": 9243, ""1"": 1406}, ""ITC"": {""0"": 1004, ""1"": 254}, ""JG"": {""0"": 1406, ""1"": 58}, ""KB"": {""0"": 4506, ""1"": 942}}, ""minimum_expected_count"": 169.9299193290451}",8.955724193141408e-69,True
individual,3,location_id,5167,22972,C01,analysis_control,recording location,categorical,category,Location may explain baseline differences but can hide physical mechanisms,Chi-square or Fisher,0.1375492080469288,Cramer's V,grouped permutation importance,subgroup_analysis_only,never missing,Not proposed as a primary behavioural predictor,True,subgroup_control,chi_square,5167,22972,,,,,537.3650770642332,6.843864616880496e-114,cramers_v,"{""table"": {""BM"": {""0"": 6579, ""1"": 1069}, ""BS"": {""0"": 1309, ""1"": 363}, ""FG"": {""0"": 8743, ""1"": 1906}, ""ITC"": {""0"": 914, ""1"": 344}, ""JG"": {""0"": 1382, ""1"": 82}, ""KB"": {""0"": 4045, ""1"": 1403}}, ""minimum_expected_count"": 230.9991826290913}",4.053673657690755e-113,True
individual,1,traffic_period,1745,26394,C02,analysis_control,peak or off-peak recording period,categorical,category,Traffic period may explain behavioural differences,Chi-square or Fisher,0.03746312350086587,Cramer's V,grouped permutation importance,subgroup_analysis_only,never missing,Report as subgroup and sensitivity analysis,True,subgroup_control,chi_square,1745,26394,,,,,40.491313933498404,1.974920543670697e-10,cramers_v,"{""table"": {""off_peak"": {""0"": 5158, ""1"": 233}, ""peak"": {""0"": 21236, ""1"": 1512}}, ""minimum_expected_count"": 334.3151853299691}",4.472614172430696e-10,True
individual,2,traffic_period,3801,24338,C02,analysis_control,peak or off-peak recording period,categorical,category,Traffic period may explain behavioural differences,Chi-square or Fisher,0.010956428874869908,Cramer's V,grouped permutation importance,subgroup_analysis_only,never missing,Report as subgroup and sensitivity analysis,True,subgroup_control,chi_square,3801,24338,,,,,4.3778148582339025,0.036409646088542434,cramers_v,"{""table"": {""off_peak"": {""0"": 4710, ""1"": 681}, ""peak"": {""0"": 19628, ""1"": 3120}}, ""minimum_expected_count"": 728.2131916557091}",0.04247792043663284,True
individual,3,traffic_period,5167,22972,C02,analysis_control,peak or off-peak recording period,categorical,category,Traffic period may explain behavioural differences,Chi-square or Fisher,0.007201006404368849,Cramer's V,grouped permutation importance,subgroup_analysis_only,never missing,Report as subgroup and sensitivity analysis,True,subgroup_control,chi_square,5167,22972,,,,,2.459117267953565,0.11684443048155668,cramers_v,"{""table"": {""off_peak"": {""0"": 4361, ""1"": 1030}, ""peak"": {""0"": 18611, ""1"": 4137}}, ""minimum_expected_count"": 989.9178009168769}",0.1363185022284828,False
