dataset,feature_1,feature_2,spearman_rho,absolute_rho,pairwise_nonmissing_n,screening_zone,automatic_deletion,review_note
individual,history_observed_fraction,history_max_unobserved_gap_sec,-0.995750420670155,0.995750420670155,28139,hard_same_concept_review_ge_0p90,False,Same-concept status and representative require explicit review.
individual,history_mean_vx_mps,history_x_displacement_m,0.9946257845938195,0.9946257845938195,28139,hard_same_concept_review_ge_0p90,False,Same-concept status and representative require explicit review.
individual,history_mean_vy_mps,history_y_displacement_m,0.99101562955449,0.99101562955449,28139,hard_same_concept_review_ge_0p90,False,Same-concept status and representative require explicit review.
individual,veh3_speed_mps,veh3_closing_speed_mps,0.9249961061062238,0.9249961061062238,23455,hard_same_concept_review_ge_0p90,False,Same-concept status and representative require explicit review.
individual,waiting_band_dwell_sec,waiting_low_speed_time_sec,0.8957825633836378,0.8957825633836378,28139,manual_review_0p80_to_0p90,False,Same-concept status and representative require explicit review.
individual,veh2_speed_mps,veh2_closing_speed_mps,0.8951359179143321,0.8951359179143321,25003,manual_review_0p80_to_0p90,False,Same-concept status and representative require explicit review.
individual,veh2_front_y_m,veh2_history_mean_front_y_m,0.8870334762964769,0.8870334762964769,25253,manual_review_0p80_to_0p90,False,Same-concept status and representative require explicit review.
individual,history_mean_speed_mps,window_low_speed_fraction,-0.8851296294982135,0.8851296294982135,28139,manual_review_0p80_to_0p90,False,Same-concept status and representative require explicit review.
individual,veh1_front_y_m,veh1_history_mean_front_y_m,0.8832487244431043,0.8832487244431043,26792,manual_review_0p80_to_0p90,False,Same-concept status and representative require explicit review.
individual,veh3_closing_speed_mps,veh3_history_front_y_change_m,-0.8816848997762659,0.8816848997762659,23634,manual_review_0p80_to_0p90,False,Same-concept status and representative require explicit review.
individual,history_mean_speed_mps,history_speed_std_mps,0.876061129670796,0.876061129670796,28139,manual_review_0p80_to_0p90,False,Same-concept status and representative require explicit review.
individual,history_observed_fraction,history_interpolated_fraction,-0.8728483297927672,0.8728483297927672,28139,manual_review_0p80_to_0p90,False,Same-concept status and representative require explicit review.
individual,veh3_front_y_m,veh3_history_mean_front_y_m,0.87060114455707,0.87060114455707,23634,manual_review_0p80_to_0p90,False,Same-concept status and representative require explicit review.
individual,veh3_speed_mps,veh3_history_front_y_change_m,-0.8687367194698198,0.8687367194698198,23455,manual_review_0p80_to_0p90,False,Same-concept status and representative require explicit review.
individual,veh1_speed_mps,veh1_closing_speed_mps,0.8686152057249158,0.8686152057249158,26557,manual_review_0p80_to_0p90,False,Same-concept status and representative require explicit review.
individual,veh2_closing_speed_mps,veh2_history_front_y_change_m,-0.868032555333442,0.868032555333442,25253,manual_review_0p80_to_0p90,False,Same-concept status and representative require explicit review.
individual,history_interpolated_fraction,history_max_unobserved_gap_sec,0.8597494027446589,0.8597494027446589,28139,manual_review_0p80_to_0p90,False,Same-concept status and representative require explicit review.
individual,window_low_speed_fraction,waiting_low_speed_time_sec,0.8584456698453282,0.8584456698453282,28139,manual_review_0p80_to_0p90,False,Same-concept status and representative require explicit review.
individual,veh1_closing_speed_mps,veh1_history_front_y_change_m,-0.8493987553479594,0.8493987553479594,26792,manual_review_0p80_to_0p90,False,Same-concept status and representative require explicit review.
individual,veh2_speed_mps,veh2_history_front_y_change_m,-0.8363602478871087,0.8363602478871087,25003,manual_review_0p80_to_0p90,False,Same-concept status and representative require explicit review.
individual,veh3_closing_speed_mps,veh3_ttc_capped_sec,-0.8306026185280515,0.8306026185280515,23634,manual_review_0p80_to_0p90,False,Same-concept status and representative require explicit review.
individual,veh1_closing_speed_mps,veh1_ttc_capped_sec,-0.8286281626388706,0.8286281626388706,26792,manual_review_0p80_to_0p90,False,Same-concept status and representative require explicit review.
individual,veh2_closing_speed_mps,veh2_ttc_capped_sec,-0.8246422090105866,0.8246422090105866,25253,manual_review_0p80_to_0p90,False,Same-concept status and representative require explicit review.
individual,veh3_speed_mps,veh3_ttc_capped_sec,-0.8185724022782862,0.8185724022782862,23455,manual_review_0p80_to_0p90,False,Same-concept status and representative require explicit review.
individual,veh3_ttc_capped_sec,veh3_history_front_y_change_m,0.8118001380057762,0.8118001380057762,23634,manual_review_0p80_to_0p90,False,Same-concept status and representative require explicit review.
individual,veh1_ttc_capped_sec,veh1_history_front_y_change_m,0.8097073841657279,0.8097073841657279,26792,manual_review_0p80_to_0p90,False,Same-concept status and representative require explicit review.
individual,veh2_ttc_capped_sec,veh2_history_front_y_change_m,0.8079127740226363,0.8079127740226363,25253,manual_review_0p80_to_0p90,False,Same-concept status and representative require explicit review.
individual,stopped_vehicle_count,veh2_speed_mps,-0.8072145157697033,0.8072145157697033,25003,manual_review_0p80_to_0p90,False,Same-concept status and representative require explicit review.
individual,veh1_speed_mps,veh1_history_front_y_change_m,-0.8049838916059142,0.8049838916059142,26557,manual_review_0p80_to_0p90,False,Same-concept status and representative require explicit review.
individual,veh2_speed_mps,veh2_ttc_capped_sec,-0.8028608967403016,0.8028608967403016,25003,manual_review_0p80_to_0p90,False,Same-concept status and representative require explicit review.
individual,stopped_vehicle_count,veh1_speed_mps,-0.8026906996303462,0.8026906996303462,26557,manual_review_0p80_to_0p90,False,Same-concept status and representative require explicit review.
individual,veh1_speed_mps,veh1_ttc_capped_sec,-0.8008146982869645,0.8008146982869645,26557,manual_review_0p80_to_0p90,False,Same-concept status and representative require explicit review.
individual,history_mean_speed_mps,waiting_low_speed_time_sec,-0.7938869727296226,0.7938869727296226,28139,below_0p80,False,
individual,active_vehicle_count,stopped_vehicle_count,0.7811469192147841,0.7811469192147841,28139,below_0p80,False,
individual,veh1_speed_mps,veh2_speed_mps,0.7762418063397615,0.7762418063397615,24817,below_0p80,False,
individual,stopped_vehicle_count,veh3_speed_mps,-0.7736631965186683,0.7736631965186683,23455,below_0p80,False,
individual,stopped_vehicle_count,veh3_history_mean_front_y_m,-0.7502464762056844,0.7502464762056844,23634,below_0p80,False,
individual,veh2_speed_mps,veh2_history_mean_front_y_m,0.747580578689384,0.747580578689384,25003,below_0p80,False,
individual,veh3_speed_mps,veh3_history_mean_front_y_m,0.7472401546912536,0.7472401546912536,23455,below_0p80,False,
individual,stopped_vehicle_count,veh2_closing_speed_mps,-0.7470169949467095,0.7470169949467095,25253,below_0p80,False,
individual,stopped_vehicle_count,veh2_history_front_y_change_m,0.7421696988255723,0.7421696988255723,25253,below_0p80,False,
individual,veh2_speed_mps,veh3_speed_mps,0.7398332553177406,0.7398332553177406,23256,below_0p80,False,
individual,veh1_speed_mps,veh1_history_mean_front_y_m,0.738251270284363,0.738251270284363,26557,below_0p80,False,
individual,stopped_vehicle_count,veh3_closing_speed_mps,-0.7249247098504454,0.7249247098504454,23634,below_0p80,False,
individual,stopped_vehicle_count,veh1_closing_speed_mps,-0.7214069091709862,0.7214069091709862,26792,below_0p80,False,
individual,stopped_vehicle_count,veh2_history_mean_front_y_m,-0.7172580306145552,0.7172580306145552,25253,below_0p80,False,
individual,stopped_vehicle_count,veh3_history_front_y_change_m,0.7156741566997875,0.7156741566997875,23634,below_0p80,False,
individual,veh2_closing_speed_mps,veh2_history_mean_front_y_m,0.714625271664472,0.714625271664472,25253,below_0p80,False,
individual,veh1_speed_mps,veh2_closing_speed_mps,0.7111373853090973,0.7111373853090973,25055,below_0p80,False,
individual,stopped_vehicle_count,veh1_history_front_y_change_m,0.7097880071789789,0.7097880071789789,26792,below_0p80,False,
individual,veh3_closing_speed_mps,veh3_history_mean_front_y_m,0.7080332017411681,0.7080332017411681,23634,below_0p80,False,
individual,veh2_history_mean_front_y_m,veh3_history_mean_front_y_m,0.7063472511918562,0.7063472511918562,23634,below_0p80,False,
individual,veh2_history_mean_front_y_m,veh2_history_front_y_change_m,-0.6985169317139404,0.6985169317139404,25253,below_0p80,False,
individual,veh3_history_mean_front_y_m,veh3_history_front_y_change_m,-0.6978667319571902,0.6978667319571902,23634,below_0p80,False,
individual,veh1_history_mean_front_y_m,veh2_history_mean_front_y_m,0.6932384835642688,0.6932384835642688,25253,below_0p80,False,
individual,veh1_speed_mps,veh2_history_front_y_change_m,-0.6921072582570997,0.6921072582570997,25055,below_0p80,False,
individual,current_speed_mps,window_low_speed_fraction,-0.687652558030055,0.687652558030055,28139,below_0p80,False,
individual,veh2_speed_mps,veh1_closing_speed_mps,0.6876246118965129,0.6876246118965129,25003,below_0p80,False,
individual,veh1_closing_speed_mps,veh1_history_mean_front_y_m,0.6857868658933199,0.6857868658933199,26792,below_0p80,False,
individual,stopped_vehicle_count,veh1_history_mean_front_y_m,-0.6842665575437247,0.6842665575437247,26792,below_0p80,False,
individual,current_speed_mps,history_mean_speed_mps,0.6789835159136746,0.6789835159136746,28139,below_0p80,False,
individual,veh2_speed_mps,veh3_history_mean_front_y_m,0.6785356449905017,0.6785356449905017,23425,below_0p80,False,
individual,veh2_speed_mps,veh3_closing_speed_mps,0.6782036128736769,0.6782036128736769,23425,below_0p80,False,
individual,veh2_speed_mps,veh1_history_front_y_change_m,-0.6719335093051568,0.6719335093051568,25003,below_0p80,False,
individual,veh1_closing_speed_mps,veh2_closing_speed_mps,0.66930120183049,0.66930120183049,25253,below_0p80,False,
individual,veh1_history_front_y_change_m,veh2_history_front_y_change_m,0.6635983642673309,0.6635983642673309,25253,below_0p80,False,
individual,veh1_history_mean_front_y_m,veh3_history_mean_front_y_m,0.663331409317534,0.663331409317534,23634,below_0p80,False,
individual,veh1_history_mean_front_y_m,veh1_history_front_y_change_m,-0.6612717514079589,0.6612717514079589,26792,below_0p80,False,
individual,veh3_speed_mps,veh2_closing_speed_mps,0.6601087622395335,0.6601087622395335,23455,below_0p80,False,
individual,veh2_speed_mps,veh1_ttc_capped_sec,-0.6596175815859533,0.6596175815859533,25003,below_0p80,False,
individual,veh2_closing_speed_mps,veh1_history_front_y_change_m,-0.6593873044796311,0.6593873044796311,25253,below_0p80,False,
individual,veh1_closing_speed_mps,veh2_history_front_y_change_m,-0.6586164320447019,0.6586164320447019,25253,below_0p80,False,
individual,veh1_speed_mps,veh2_history_mean_front_y_m,0.6582187117678073,0.6582187117678073,25055,below_0p80,False,
individual,current_vx_mps,history_x_displacement_m,0.6574697380069267,0.6574697380069267,28139,below_0p80,False,
individual,veh2_speed_mps,veh3_history_front_y_change_m,-0.6557762211819426,0.6557762211819426,23425,below_0p80,False,
individual,history_mean_speed_mps,waiting_band_dwell_sec,-0.6553594910176316,0.6553594910176316,28139,below_0p80,False,
individual,veh2_lateral_x_m,veh3_lateral_x_m,0.6538191798045954,0.6538191798045954,23634,below_0p80,False,
individual,current_vx_mps,history_mean_vx_mps,0.6526051055137493,0.6526051055137493,28139,below_0p80,False,
individual,veh3_speed_mps,veh2_history_front_y_change_m,-0.6491230197033107,0.6491230197033107,23455,below_0p80,False,
individual,window_low_speed_fraction,waiting_band_dwell_sec,0.648243097944858,0.648243097944858,28139,below_0p80,False,
individual,veh3_speed_mps,veh2_ttc_capped_sec,-0.6471293686398851,0.6471293686398851,23455,below_0p80,False,
individual,veh1_speed_mps,veh3_speed_mps,0.6445425309096765,0.6445425309096765,23309,below_0p80,False,
individual,stopped_vehicle_count,veh1_ttc_capped_sec,0.6419883510552296,0.6419883510552296,28139,below_0p80,False,
individual,current_speed_mps,waiting_low_speed_time_sec,-0.6411638836335489,0.6411638836335489,28139,below_0p80,False,
individual,veh2_closing_speed_mps,veh1_ttc_capped_sec,-0.6397389595626104,0.6397389595626104,25253,below_0p80,False,
individual,history_speed_std_mps,window_low_speed_fraction,-0.638439495655827,0.638439495655827,28139,below_0p80,False,
individual,veh1_ttc_capped_sec,veh2_history_front_y_change_m,0.6359717588956978,0.6359717588956978,25253,below_0p80,False,
individual,veh2_closing_speed_mps,veh3_history_mean_front_y_m,0.6345581470273977,0.6345581470273977,23634,below_0p80,False,
individual,active_vehicle_count,veh3_history_mean_front_y_m,-0.6342101446391056,0.6342101446391056,23634,below_0p80,False,
individual,veh3_history_mean_front_y_m,veh2_history_front_y_change_m,-0.6315603780856047,0.6315603780856047,23634,below_0p80,False,
individual,veh1_speed_mps,veh3_history_mean_front_y_m,0.6303496332050678,0.6303496332050678,23484,below_0p80,False,
individual,veh2_closing_speed_mps,veh3_closing_speed_mps,0.6292547077211463,0.6292547077211463,23634,below_0p80,False,
individual,veh2_speed_mps,veh1_history_mean_front_y_m,0.6272008019514904,0.6272008019514904,25003,below_0p80,False,
individual,active_vehicle_count,veh1_history_mean_front_y_m,-0.6229862619496722,0.6229862619496722,26792,below_0p80,False,
individual,veh3_closing_speed_mps,veh2_history_front_y_change_m,-0.6213202549190264,0.6213202549190264,23634,below_0p80,False,
individual,veh3_closing_speed_mps,veh2_ttc_capped_sec,-0.6206045924934595,0.6206045924934595,23634,below_0p80,False,
individual,active_vehicle_count,veh2_history_mean_front_y_m,-0.619262726215127,0.619262726215127,25253,below_0p80,False,
individual,approaching_vehicle_count,veh3_ttc_capped_sec,-0.619082407893607,0.619082407893607,28139,below_0p80,False,
individual,veh2_history_front_y_change_m,veh3_history_front_y_change_m,0.6171999126942973,0.6171999126942973,23634,below_0p80,False,
individual,veh1_ttc_capped_sec,veh2_ttc_capped_sec,0.6136358993945558,0.6136358993945558,28139,below_0p80,False,
individual,veh2_closing_speed_mps,veh3_history_front_y_change_m,-0.6116301323221651,0.6116301323221651,23634,below_0p80,False,
individual,veh2_ttc_capped_sec,veh3_history_front_y_change_m,0.6112870448466428,0.6112870448466428,23634,below_0p80,False,
individual,veh1_closing_speed_mps,veh2_history_mean_front_y_m,0.6043669091943538,0.6043669091943538,25253,below_0p80,False,
individual,veh2_ttc_capped_sec,veh3_ttc_capped_sec,0.6004777016614617,0.6004777016614617,28139,below_0p80,False,
individual,veh2_history_mean_front_y_m,veh1_history_front_y_change_m,-0.5989824017394937,0.5989824017394937,25253,below_0p80,False,
individual,active_vehicle_count,veh3_history_observed_fraction,0.5975462969188811,0.5975462969188811,28139,below_0p80,False,
individual,veh2_closing_speed_mps,veh1_history_mean_front_y_m,0.5966000827190654,0.5966000827190654,25253,below_0p80,False,
individual,veh1_speed_mps,veh3_closing_speed_mps,0.5913192121660655,0.5913192121660655,23484,below_0p80,False,
individual,veh3_speed_mps,veh2_history_mean_front_y_m,0.585714307765594,0.585714307765594,23455,below_0p80,False,
individual,history_speed_std_mps,waiting_low_speed_time_sec,-0.5832946870077723,0.5832946870077723,28139,below_0p80,False,
individual,veh1_history_mean_front_y_m,veh2_history_front_y_change_m,-0.5828727099077214,0.5828727099077214,25253,below_0p80,False,
individual,active_vehicle_count,veh1_speed_mps,-0.5826680462203165,0.5826680462203165,26557,below_0p80,False,
individual,veh1_closing_speed_mps,veh3_history_mean_front_y_m,0.5717386262303721,0.5717386262303721,23634,below_0p80,False,
individual,veh2_history_observed_fraction,veh3_history_observed_fraction,0.5679638076108134,0.5679638076108134,28139,below_0p80,False,
individual,veh3_front_y_m,veh1_history_mean_front_y_m,0.5663650038507205,0.5663650038507205,23634,below_0p80,False,
individual,veh3_speed_mps,veh1_ttc_capped_sec,-0.5660111042081637,0.5660111042081637,23455,below_0p80,False,
individual,veh3_history_mean_front_y_m,veh1_history_front_y_change_m,-0.565433575704386,0.565433575704386,23634,below_0p80,False,
individual,veh3_closing_speed_mps,veh2_history_mean_front_y_m,0.5633738808996513,0.5633738808996513,23634,below_0p80,False,
individual,veh1_speed_mps,veh3_history_front_y_change_m,-0.5622847235513535,0.5622847235513535,23484,below_0p80,False,
individual,veh3_front_y_m,veh2_history_mean_front_y_m,0.5621941519590113,0.5621941519590113,23634,below_0p80,False,
individual,veh3_speed_mps,veh1_closing_speed_mps,0.5609085921511213,0.5609085921511213,23455,below_0p80,False,
individual,current_speed_mps,history_speed_std_mps,0.5573563406306793,0.5573563406306793,28139,below_0p80,False,
individual,active_vehicle_count,veh2_speed_mps,-0.5527775267327314,0.5527775267327314,25003,below_0p80,False,
individual,veh3_speed_mps,veh1_history_front_y_change_m,-0.5527401281598908,0.5527401281598908,23455,below_0p80,False,
individual,veh1_speed_mps,veh2_ttc_capped_sec,-0.5508835111835343,0.5508835111835343,26557,below_0p80,False,
individual,veh2_history_mean_front_y_m,veh3_history_front_y_change_m,-0.5508281983405783,0.5508281983405783,23634,below_0p80,False,
individual,veh2_ttc_capped_sec,veh3_history_mean_front_y_m,-0.5445508422737217,0.5445508422737217,23634,below_0p80,False,
individual,stopped_vehicle_count,veh2_ttc_capped_sec,0.5444915134896443,0.5444915134896443,28139,below_0p80,False,
individual,veh3_closing_speed_mps,veh1_ttc_capped_sec,-0.5430388735056241,0.5430388735056241,23634,below_0p80,False,
individual,veh2_front_y_m,veh1_history_mean_front_y_m,0.5425830686249318,0.5425830686249318,25253,below_0p80,False,
individual,veh1_lateral_x_m,veh2_lateral_x_m,0.5417092814821375,0.5417092814821375,25253,below_0p80,False,
individual,veh2_front_y_m,veh3_history_mean_front_y_m,0.5363732061596616,0.5363732061596616,23634,below_0p80,False,
individual,history_speed_std_mps,waiting_band_dwell_sec,-0.5351764466912561,0.5351764466912561,28139,below_0p80,False,
individual,active_vehicle_count,veh1_closing_speed_mps,-0.534727284654673,0.534727284654673,26792,below_0p80,False,
individual,veh2_ttc_capped_sec,veh1_history_front_y_change_m,0.5341276638733631,0.5341276638733631,26792,below_0p80,False,
individual,veh1_closing_speed_mps,veh3_closing_speed_mps,0.532453400249094,0.532453400249094,23634,below_0p80,False,
individual,veh1_front_y_m,veh2_history_mean_front_y_m,0.5295012160268999,0.5295012160268999,25253,below_0p80,False,
individual,veh3_closing_speed_mps,veh1_history_front_y_change_m,-0.529113297603773,0.529113297603773,23634,below_0p80,False,
individual,active_vehicle_count,veh2_history_observed_fraction,0.5275277897488719,0.5275277897488719,28139,below_0p80,False,
individual,veh1_ttc_capped_sec,veh2_history_mean_front_y_m,-0.5270692043992994,0.5270692043992994,25253,below_0p80,False,
individual,veh1_ttc_capped_sec,veh3_history_front_y_change_m,0.5262368237198667,0.5262368237198667,23634,below_0p80,False,
individual,active_vehicle_count,approaching_vehicle_count,0.5238785361511803,0.5238785361511803,28139,below_0p80,False,
individual,active_vehicle_count,veh2_closing_speed_mps,-0.5213648384299576,0.5213648384299576,25253,below_0p80,False,
individual,veh2_ttc_capped_sec,veh2_history_mean_front_y_m,-0.5208719758656781,0.5208719758656781,25253,below_0p80,False,
individual,veh1_ttc_capped_sec,veh1_history_mean_front_y_m,-0.5195530013871094,0.5195530013871094,26792,below_0p80,False,
individual,veh1_history_front_y_change_m,veh3_history_front_y_change_m,0.5168698865166407,0.5168698865166407,23634,below_0p80,False,
individual,veh1_ttc_capped_sec,veh3_history_mean_front_y_m,-0.5159718815935348,0.5159718815935348,23634,below_0p80,False,
individual,veh1_closing_speed_mps,veh2_ttc_capped_sec,-0.5159678125956095,0.5159678125956095,26792,below_0p80,False,
individual,veh3_speed_mps,veh1_history_mean_front_y_m,0.5142471716052684,0.5142471716052684,23455,below_0p80,False,
individual,active_vehicle_count,veh3_front_y_m,-0.5140083521841179,0.5140083521841179,23634,below_0p80,False,
individual,active_vehicle_count,veh1_history_front_y_change_m,0.5128102313462302,0.5128102313462302,26792,below_0p80,False,
individual,veh1_closing_speed_mps,veh3_history_front_y_change_m,-0.5103824529820055,0.5103824529820055,23634,below_0p80,False,
individual,current_speed_mps,waiting_band_dwell_sec,-0.5056923407540215,0.5056923407540215,28139,below_0p80,False,
individual,stopped_vehicle_count,veh3_front_y_m,-0.5035430950841092,0.5035430950841092,23634,below_0p80,False,
individual,active_vehicle_count,veh2_front_y_m,-0.5031528416065799,0.5031528416065799,25253,below_0p80,False,
individual,stopped_vehicle_count,veh3_history_observed_fraction,0.502319445294172,0.502319445294172,28139,below_0p80,False,
individual,active_vehicle_count,veh2_history_front_y_change_m,0.5020644451030717,0.5020644451030717,25253,below_0p80,False,
individual,veh1_front_y_m,veh1_speed_mps,0.495340607262045,0.495340607262045,26557,below_0p80,False,
individual,veh3_ttc_capped_sec,veh3_history_mean_front_y_m,-0.4947714078304526,0.4947714078304526,23634,below_0p80,False,
individual,veh1_front_y_m,veh3_history_mean_front_y_m,0.49378003056772385,0.49378003056772385,23634,below_0p80,False,
individual,active_vehicle_count,veh1_front_y_m,-0.491772490918659,0.491772490918659,26792,below_0p80,False,
individual,veh2_front_y_m,veh2_speed_mps,0.49133335947297235,0.49133335947297235,25003,below_0p80,False,
individual,veh1_front_y_m,veh3_front_y_m,0.491197980918898,0.491197980918898,23634,below_0p80,False,
individual,veh2_front_y_m,veh3_front_y_m,0.49041251217960397,0.49041251217960397,23634,below_0p80,False,
individual,active_vehicle_count,veh1_history_observed_fraction,0.4887538778752752,0.4887538778752752,28139,below_0p80,False,
individual,active_vehicle_count,veh3_speed_mps,-0.4859709915365527,0.4859709915365527,23455,below_0p80,False,
individual,approaching_vehicle_count,veh2_ttc_capped_sec,-0.48049891109918175,0.48049891109918175,28139,below_0p80,False,
individual,stopped_vehicle_count,veh2_front_y_m,-0.47820897848150606,0.47820897848150606,25253,below_0p80,False,
individual,veh3_closing_speed_mps,veh1_history_mean_front_y_m,0.4775675425850364,0.4775675425850364,23634,below_0p80,False,
individual,veh2_speed_mps,veh3_ttc_capped_sec,-0.4765667338996263,0.4765667338996263,25003,below_0p80,False,
individual,veh1_front_y_m,veh2_front_y_m,0.4735022941680612,0.4735022941680612,25253,below_0p80,False,
individual,current_vy_mps,history_y_displacement_m,0.4697980120009166,0.4697980120009166,28139,below_0p80,False,
individual,current_vy_mps,history_mean_vy_mps,0.46776821924144485,0.46776821924144485,28139,below_0p80,False,
individual,veh1_history_observed_fraction,veh2_history_observed_fraction,0.4674032978507039,0.4674032978507039,28139,below_0p80,False,
individual,veh3_front_y_m,veh2_speed_mps,0.46203939091231716,0.46203939091231716,23425,below_0p80,False,
individual,veh1_history_mean_front_y_m,veh3_history_front_y_change_m,-0.4606104830869887,0.4606104830869887,23634,below_0p80,False,
individual,veh3_ttc_capped_sec,veh2_history_front_y_change_m,0.4597246478175839,0.4597246478175839,25253,below_0p80,False,
individual,veh1_history_observed_fraction,veh3_history_observed_fraction,0.45792544088808307,0.45792544088808307,28139,below_0p80,False,
individual,active_vehicle_count,veh3_closing_speed_mps,-0.45729024649330924,0.45729024649330924,23634,below_0p80,False,
individual,veh3_front_y_m,veh1_speed_mps,0.4497024083921355,0.4497024083921355,23484,below_0p80,False,
individual,veh3_front_y_m,veh3_speed_mps,0.44909538393461573,0.44909538393461573,23455,below_0p80,False,
individual,stopped_vehicle_count,veh2_history_observed_fraction,0.4473841054930952,0.4473841054930952,28139,below_0p80,False,
individual,active_vehicle_count,veh3_history_front_y_change_m,0.44469554349457907,0.44469554349457907,23634,below_0p80,False,
individual,veh2_front_y_m,veh1_speed_mps,0.4437987346868807,0.4437987346868807,25055,below_0p80,False,
individual,stopped_vehicle_count,veh1_front_y_m,-0.4423286408165937,0.4423286408165937,26792,below_0p80,False,
individual,veh2_front_y_m,veh2_closing_speed_mps,0.4414311213239705,0.4414311213239705,25253,below_0p80,False,
individual,veh2_closing_speed_mps,veh3_ttc_capped_sec,-0.4350843209634237,0.4350843209634237,25253,below_0p80,False,
individual,veh3_front_y_m,veh2_closing_speed_mps,0.43039580281496875,0.43039580281496875,23634,below_0p80,False,
individual,stopped_vehicle_count,veh1_history_observed_fraction,0.427258057318353,0.427258057318353,28139,below_0p80,False,
individual,veh1_front_y_m,veh1_closing_speed_mps,0.42520853512079987,0.42520853512079987,26792,below_0p80,False,
individual,veh3_front_y_m,veh2_history_front_y_change_m,-0.4211792613320152,0.4211792613320152,23634,below_0p80,False,
individual,veh1_ttc_capped_sec,veh3_ttc_capped_sec,0.41174779904259984,0.41174779904259984,28139,below_0p80,False,
individual,veh1_speed_mps,veh1_history_observed_fraction,-0.4109341903343987,0.4109341903343987,26557,below_0p80,False,
individual,history_speed_std_mps,history_interpolated_fraction,0.406262682328465,0.406262682328465,28139,below_0p80,False,
individual,veh1_front_y_m,veh2_speed_mps,0.40402532352713555,0.40402532352713555,25003,below_0p80,False,
individual,veh3_front_y_m,veh3_closing_speed_mps,0.4039887213575432,0.4039887213575432,23634,below_0p80,False,
individual,approaching_vehicle_count,veh3_speed_mps,0.40396322271885404,0.40396322271885404,23455,below_0p80,False,
individual,veh3_front_y_m,veh1_closing_speed_mps,0.40213236618669707,0.40213236618669707,23634,below_0p80,False,
individual,veh1_speed_mps,veh3_history_observed_fraction,-0.3993804116748718,0.3993804116748718,26557,below_0p80,False,
individual,veh2_front_y_m,veh2_history_front_y_change_m,-0.39847069605093494,0.39847069605093494,25253,below_0p80,False,
individual,veh2_front_y_m,veh1_closing_speed_mps,0.39461859918952585,0.39461859918952585,25253,below_0p80,False,
individual,veh3_front_y_m,veh1_history_front_y_change_m,-0.38966214001310745,0.38966214001310745,23634,below_0p80,False,
individual,veh1_history_mean_front_y_m,veh3_history_observed_fraction,-0.3869095714706115,0.3869095714706115,26792,below_0p80,False,
individual,veh2_ttc_capped_sec,veh1_history_mean_front_y_m,-0.3867958862996542,0.3867958862996542,26792,below_0p80,False,
individual,veh2_front_y_m,veh1_history_front_y_change_m,-0.38512602840477084,0.38512602840477084,25253,below_0p80,False,
individual,history_speed_std_mps,history_observed_fraction,-0.3841622848502823,0.3841622848502823,28139,below_0p80,False,
individual,approaching_vehicle_count,veh3_history_front_y_change_m,-0.3831692086821274,0.3831692086821274,23634,below_0p80,False,
individual,history_speed_std_mps,history_max_unobserved_gap_sec,0.3774985432841467,0.3774985432841467,28139,below_0p80,False,
individual,stopped_vehicle_count,veh3_ttc_capped_sec,0.3767075181826625,0.3767075181826625,28139,below_0p80,False,
individual,veh1_front_y_m,veh2_closing_speed_mps,0.3748799082729483,0.3748799082729483,25253,below_0p80,False,
individual,approaching_vehicle_count,veh3_closing_speed_mps,0.3718386526679388,0.3718386526679388,23634,below_0p80,False,
individual,veh1_front_y_m,veh1_history_front_y_change_m,-0.37142836563530895,0.37142836563530895,26792,below_0p80,False,
individual,history_mean_speed_mps,history_interpolated_fraction,0.3702944336997106,0.3702944336997106,28139,below_0p80,False,
individual,veh1_speed_mps,veh2_history_observed_fraction,-0.36709928361703814,0.36709928361703814,26557,below_0p80,False,
individual,veh3_front_y_m,veh3_history_front_y_change_m,-0.3660623773633429,0.3660623773633429,23634,below_0p80,False,
individual,approaching_vehicle_count,veh3_history_observed_fraction,0.36495245245348923,0.36495245245348923,28139,below_0p80,False,
individual,veh2_front_y_m,veh3_speed_mps,0.36070064346658814,0.36070064346658814,23455,below_0p80,False,
individual,veh1_front_y_m,veh2_history_front_y_change_m,-0.35991988724911617,0.35991988724911617,25253,below_0p80,False,
individual,veh1_closing_speed_mps,veh3_history_observed_fraction,-0.3557390207959553,0.3557390207959553,26792,below_0p80,False,
individual,history_mean_speed_mps,history_observed_fraction,-0.3532880586271663,0.3532880586271663,28139,below_0p80,False,
individual,approaching_vehicle_count,veh2_history_observed_fraction,0.35012663301857627,0.35012663301857627,28139,below_0p80,False,
individual,veh2_speed_mps,veh3_history_observed_fraction,-0.34778355965322766,0.34778355965322766,25003,below_0p80,False,
individual,history_mean_speed_mps,history_max_unobserved_gap_sec,0.3467198107423038,0.3467198107423038,28139,below_0p80,False,
individual,veh2_front_y_m,veh3_closing_speed_mps,0.34661477192389706,0.34661477192389706,23634,below_0p80,False,
individual,veh1_history_mean_front_y_m,veh2_history_observed_fraction,-0.34300941497098997,0.34300941497098997,26792,below_0p80,False,
individual,veh2_speed_mps,veh2_history_observed_fraction,-0.34105750445845634,0.34105750445845634,25003,below_0p80,False,
individual,veh2_front_y_m,veh3_history_front_y_change_m,-0.3350932995322373,0.3350932995322373,23634,below_0p80,False,
individual,veh3_speed_mps,veh3_history_observed_fraction,-0.3318873021286942,0.3318873021286942,23455,below_0p80,False,
individual,veh2_history_mean_front_y_m,veh3_history_observed_fraction,-0.32717513377749274,0.32717513377749274,25253,below_0p80,False,
individual,veh2_closing_speed_mps,veh3_history_observed_fraction,-0.32299370562545265,0.32299370562545265,25253,below_0p80,False,
individual,active_vehicle_count,veh1_ttc_capped_sec,0.3220955778044991,0.3220955778044991,28139,below_0p80,False,
individual,veh1_history_mean_front_y_m,veh1_history_observed_fraction,-0.32096374311507087,0.32096374311507087,26792,below_0p80,False,
individual,veh3_ttc_capped_sec,veh2_history_mean_front_y_m,-0.31655599121977024,0.31655599121977024,25253,below_0p80,False,
individual,veh1_closing_speed_mps,veh1_history_observed_fraction,-0.3150758389416383,0.3150758389416383,26792,below_0p80,False,
individual,veh1_history_front_y_change_m,veh3_history_observed_fraction,0.31268020163754195,0.31268020163754195,26792,below_0p80,False,
individual,veh3_front_y_m,veh1_ttc_capped_sec,-0.3112783452447989,0.3112783452447989,23634,below_0p80,False,
individual,veh1_closing_speed_mps,veh2_history_observed_fraction,-0.3091257404162223,0.3091257404162223,26792,below_0p80,False,
individual,veh3_front_y_m,veh2_ttc_capped_sec,-0.3075979918722843,0.3075979918722843,23634,below_0p80,False,
individual,veh1_front_y_m,veh3_history_observed_fraction,-0.3064381047183051,0.3064381047183051,26792,below_0p80,False,
individual,veh1_front_y_m,veh1_history_observed_fraction,-0.3058693668686322,0.3058693668686322,26792,below_0p80,False,
individual,veh1_front_y_m,veh3_speed_mps,0.3045648302791939,0.3045648302791939,23455,below_0p80,False,
individual,current_vy_mps,history_vy_slope_mps2,0.3044800303102811,0.3044800303102811,28139,below_0p80,False,
individual,veh1_speed_mps,veh3_ttc_capped_sec,-0.30209449766047275,0.30209449766047275,26557,below_0p80,False,
individual,approaching_vehicle_count,veh1_history_observed_fraction,0.30174946135815023,0.30174946135815023,28139,below_0p80,False,
individual,veh3_ttc_capped_sec,veh1_history_front_y_change_m,0.2961467531195282,0.2961467531195282,26792,below_0p80,False,
individual,veh2_front_y_m,veh1_ttc_capped_sec,-0.2912795784904356,0.2912795784904356,25253,below_0p80,False,
individual,veh2_history_front_y_change_m,veh3_history_observed_fraction,0.28591291626540866,0.28591291626540866,25253,below_0p80,False,
individual,veh2_speed_mps,veh1_history_observed_fraction,-0.28330921393794906,0.28330921393794906,25003,below_0p80,False,
individual,approaching_vehicle_count,veh1_ttc_capped_sec,-0.2824116292027173,0.2824116292027173,28139,below_0p80,False,
individual,veh1_lateral_x_m,veh3_lateral_x_m,0.27900763308635146,0.27900763308635146,23634,below_0p80,False,
individual,veh3_closing_speed_mps,veh3_history_observed_fraction,-0.2756479361900206,0.2756479361900206,23634,below_0p80,False,
individual,veh1_front_y_m,veh3_closing_speed_mps,0.27157217743532874,0.27157217743532874,23634,below_0p80,False,
individual,veh1_front_y_m,veh2_history_observed_fraction,-0.2698870601991725,0.2698870601991725,26792,below_0p80,False,
individual,veh1_closing_speed_mps,veh3_ttc_capped_sec,-0.26804858162992395,0.26804858162992395,26792,below_0p80,False,
individual,veh1_history_front_y_change_m,veh2_history_observed_fraction,0.2669678248031347,0.2669678248031347,26792,below_0p80,False,
individual,waiting_band_dwell_sec,history_observed_fraction,0.2668495929032543,0.2668495929032543,28139,below_0p80,False,
individual,waiting_band_dwell_sec,history_max_unobserved_gap_sec,-0.265048648693015,0.265048648693015,28139,below_0p80,False,
individual,veh2_closing_speed_mps,veh1_history_observed_fraction,-0.26458833376876073,0.26458833376876073,25253,below_0p80,False,
individual,veh2_history_mean_front_y_m,veh2_history_observed_fraction,-0.2636511207702254,0.2636511207702254,25253,below_0p80,False,
individual,veh2_closing_speed_mps,veh2_history_observed_fraction,-0.2610291761671495,0.2610291761671495,25253,below_0p80,False,
individual,veh1_front_y_m,veh3_history_front_y_change_m,-0.25988395489578114,0.25988395489578114,23634,below_0p80,False,
individual,waiting_low_speed_time_sec,history_observed_fraction,0.25981555645236865,0.25981555645236865,28139,below_0p80,False,
individual,approaching_vehicle_count,veh2_speed_mps,0.2589166264160034,0.2589166264160034,25003,below_0p80,False,
individual,waiting_low_speed_time_sec,history_max_unobserved_gap_sec,-0.2583809882872997,0.2583809882872997,28139,below_0p80,False,
individual,veh2_front_y_m,veh2_history_observed_fraction,-0.25635717540182457,0.25635717540182457,25253,below_0p80,False,
individual,veh2_history_mean_front_y_m,veh1_history_observed_fraction,-0.25392573688486286,0.25392573688486286,25253,below_0p80,False,
individual,veh2_history_front_y_change_m,veh1_history_observed_fraction,0.2494052400522723,0.2494052400522723,25253,below_0p80,False,
individual,approaching_vehicle_count,veh2_history_front_y_change_m,-0.2426164003465328,0.2426164003465328,25253,below_0p80,False,
individual,veh2_front_y_m,veh3_history_observed_fraction,-0.23878237406129527,0.23878237406129527,25253,below_0p80,False,
individual,window_low_speed_fraction,history_observed_fraction,0.2342771298896882,0.2342771298896882,28139,below_0p80,False,
individual,veh3_history_mean_front_y_m,veh3_history_observed_fraction,-0.2339793367099525,0.2339793367099525,23634,below_0p80,False,
individual,window_low_speed_fraction,history_max_unobserved_gap_sec,-0.2323366458893488,0.2323366458893488,28139,below_0p80,False,
individual,window_low_speed_fraction,history_interpolated_fraction,-0.23160630954126762,0.23160630954126762,28139,below_0p80,False,
individual,veh1_lateral_x_m,veh1_closing_speed_mps,0.2270827564129275,0.2270827564129275,26792,below_0p80,False,
individual,veh1_history_front_y_change_m,veh1_history_observed_fraction,0.22389599288307785,0.22389599288307785,26792,below_0p80,False,
individual,waiting_low_speed_time_sec,history_interpolated_fraction,-0.2224020123270216,0.2224020123270216,28139,below_0p80,False,
individual,veh3_history_mean_front_y_m,veh1_history_observed_fraction,-0.22231938922565292,0.22231938922565292,23634,below_0p80,False,
individual,veh3_speed_mps,veh2_history_observed_fraction,-0.21806339917228973,0.21806339917228973,23455,below_0p80,False,
individual,veh3_speed_mps,veh1_history_observed_fraction,-0.21703681838312544,0.21703681838312544,23455,below_0p80,False,
individual,approaching_vehicle_count,veh2_closing_speed_mps,0.21565073268184207,0.21565073268184207,25253,below_0p80,False,
individual,veh1_lateral_x_m,veh1_history_front_y_change_m,-0.21509587857019913,0.21509587857019913,26792,below_0p80,False,
individual,veh1_lateral_x_m,veh2_history_observed_fraction,-0.20743138890153595,0.20743138890153595,26792,below_0p80,False,
individual,current_speed_mps,history_observed_fraction,-0.20554207491590548,0.20554207491590548,28139,below_0p80,False,
individual,veh1_lateral_x_m,veh1_history_mean_front_y_m,0.20389696049332595,0.20389696049332595,26792,below_0p80,False,
individual,veh1_lateral_x_m,veh3_history_observed_fraction,-0.20359266681522611,0.20359266681522611,26792,below_0p80,False,
individual,current_speed_mps,history_max_unobserved_gap_sec,0.20302516454013528,0.20302516454013528,28139,below_0p80,False,
individual,waiting_band_dwell_sec,history_interpolated_fraction,-0.20285566567806604,0.20285566567806604,28139,below_0p80,False,
individual,veh3_closing_speed_mps,veh2_history_observed_fraction,-0.20195380143847477,0.20195380143847477,23634,below_0p80,False,
individual,current_speed_mps,history_interpolated_fraction,0.20132469567150793,0.20132469567150793,28139,below_0p80,False,
individual,veh3_history_mean_front_y_m,veh2_history_observed_fraction,-0.19947812253251235,0.19947812253251235,23634,below_0p80,False,
individual,veh3_closing_speed_mps,veh1_history_observed_fraction,-0.1983979406980733,0.1983979406980733,23634,below_0p80,False,
individual,veh3_front_y_m,veh3_history_observed_fraction,-0.19738262947863497,0.19738262947863497,23634,below_0p80,False,
individual,veh1_lateral_x_m,veh1_speed_mps,0.19306028441076237,0.19306028441076237,26557,below_0p80,False,
individual,window_low_speed_fraction,veh3_speed_mps,0.19218567717289378,0.19218567717289378,23455,below_0p80,False,
individual,veh3_history_front_y_change_m,veh3_history_observed_fraction,0.19108560433167288,0.19108560433167288,23634,below_0p80,False,
individual,approaching_vehicle_count,veh3_lateral_x_m,0.1908786148596852,0.1908786148596852,23634,below_0p80,False,
individual,window_low_speed_fraction,approaching_vehicle_count,0.18394888783649188,0.18394888783649188,28139,below_0p80,False,
individual,veh3_history_front_y_change_m,veh1_history_observed_fraction,0.18251270032848765,0.18251270032848765,23634,below_0p80,False,
individual,approaching_vehicle_count,veh1_lateral_x_m,-0.18160047294405657,0.18160047294405657,26792,below_0p80,False,
individual,approaching_vehicle_count,veh3_history_mean_front_y_m,0.18054583979669925,0.18054583979669925,23634,below_0p80,False,
individual,veh1_ttc_capped_sec,veh3_history_observed_fraction,0.17950964809904232,0.17950964809904232,28139,below_0p80,False,
individual,approaching_vehicle_count,veh1_front_y_m,-0.1793478379726225,0.1793478379726225,26792,below_0p80,False,
individual,veh2_front_y_m,veh1_history_observed_fraction,-0.17869311979110908,0.17869311979110908,25253,below_0p80,False,
individual,veh2_lateral_x_m,veh2_speed_mps,0.17672035717167212,0.17672035717167212,25003,below_0p80,False,
individual,waiting_low_speed_time_sec,veh3_speed_mps,0.1759101460626617,0.1759101460626617,23455,below_0p80,False,
individual,active_vehicle_count,veh3_lateral_x_m,0.1739913560278096,0.1739913560278096,23634,below_0p80,False,
individual,veh1_lateral_x_m,veh1_ttc_capped_sec,-0.17329456537431226,0.17329456537431226,26792,below_0p80,False,
individual,veh3_history_front_y_change_m,veh2_history_observed_fraction,0.17271261770766483,0.17271261770766483,23634,below_0p80,False,
individual,veh1_front_y_m,veh2_ttc_capped_sec,-0.1709977652400951,0.1709977652400951,26792,below_0p80,False,
individual,veh2_history_front_y_change_m,veh2_history_observed_fraction,0.16969447727593884,0.16969447727593884,25253,below_0p80,False,
individual,veh2_lateral_x_m,veh2_closing_speed_mps,0.16723308457658426,0.16723308457658426,25253,below_0p80,False,
individual,veh3_front_y_m,veh1_history_observed_fraction,-0.16478719398894506,0.16478719398894506,23634,below_0p80,False,
individual,window_low_speed_fraction,veh3_ttc_capped_sec,-0.16421563467506067,0.16421563467506067,28139,below_0p80,False,
individual,window_low_speed_fraction,veh3_closing_speed_mps,0.16404370168292534,0.16404370168292534,23634,below_0p80,False,
individual,window_low_speed_fraction,veh3_history_front_y_change_m,-0.1600289098592033,0.1600289098592033,23634,below_0p80,False,
individual,veh2_lateral_x_m,veh2_history_front_y_change_m,-0.15912649394763906,0.15912649394763906,25253,below_0p80,False,
individual,veh2_lateral_x_m,veh3_history_observed_fraction,-0.15852738494234656,0.15852738494234656,25253,below_0p80,False,
individual,veh1_lateral_x_m,veh3_ttc_capped_sec,0.15576874262813825,0.15576874262813825,26792,below_0p80,False,
individual,veh3_ttc_capped_sec,veh3_history_observed_fraction,-0.1535523965846732,0.1535523965846732,28139,below_0p80,False,
individual,active_vehicle_count,veh2_ttc_capped_sec,0.1529170268095821,0.1529170268095821,28139,below_0p80,False,
individual,waiting_low_speed_time_sec,veh3_closing_speed_mps,0.15218225694003323,0.15218225694003323,23634,below_0p80,False,
individual,veh2_lateral_x_m,veh2_ttc_capped_sec,-0.149637081003438,0.149637081003438,25253,below_0p80,False,
individual,window_low_speed_fraction,veh2_speed_mps,0.1488124373344699,0.1488124373344699,25003,below_0p80,False,
individual,current_vx_mps,current_vy_mps,-0.1476948077957132,0.1476948077957132,28139,below_0p80,False,
individual,veh3_ttc_capped_sec,veh2_history_observed_fraction,-0.14717243480139205,0.14717243480139205,28139,below_0p80,False,
individual,waiting_low_speed_time_sec,veh3_history_front_y_change_m,-0.14675518639400495,0.14675518639400495,23634,below_0p80,False,
individual,veh2_front_y_m,veh2_ttc_capped_sec,-0.14610813985991725,0.14610813985991725,25253,below_0p80,False,
individual,veh3_ttc_capped_sec,veh1_history_mean_front_y_m,-0.14592179700383878,0.14592179700383878,26792,below_0p80,False,
individual,veh1_front_y_m,veh1_ttc_capped_sec,-0.14537385390820057,0.14537385390820057,26792,below_0p80,False,
individual,waiting_low_speed_time_sec,veh3_ttc_capped_sec,-0.14495414584318425,0.14495414584318425,28139,below_0p80,False,
individual,veh3_front_y_m,veh2_history_observed_fraction,-0.14494394227019777,0.14494394227019777,23634,below_0p80,False,
individual,veh1_lateral_x_m,veh1_front_y_m,0.14433486770739734,0.14433486770739734,26792,below_0p80,False,
individual,active_vehicle_count,veh1_lateral_x_m,-0.14354591639808398,0.14354591639808398,26792,below_0p80,False,
individual,waiting_low_speed_time_sec,approaching_vehicle_count,0.14024512563565053,0.14024512563565053,28139,below_0p80,False,
individual,window_low_speed_fraction,veh2_lateral_x_m,0.13957154764736593,0.13957154764736593,25253,below_0p80,False,
individual,veh1_ttc_capped_sec,veh2_history_observed_fraction,0.1389443739836787,0.1389443739836787,28139,below_0p80,False,
individual,window_low_speed_fraction,veh3_lateral_x_m,0.13272759532723205,0.13272759532723205,23634,below_0p80,False,
individual,history_mean_speed_mps,veh2_lateral_x_m,-0.13254743877084346,0.13254743877084346,25253,below_0p80,False,
individual,waiting_low_speed_time_sec,veh2_speed_mps,0.13069773217305988,0.13069773217305988,25003,below_0p80,False,
individual,current_x_m,veh1_speed_mps,-0.1302012475175888,0.1302012475175888,26557,below_0p80,False,
individual,history_speed_std_mps,veh1_ttc_capped_sec,-0.13002378139733858,0.13002378139733858,28139,below_0p80,False,
individual,waiting_low_speed_time_sec,veh2_lateral_x_m,0.12783541366823825,0.12783541366823825,25253,below_0p80,False,
individual,window_low_speed_fraction,veh2_ttc_capped_sec,-0.12657192470050416,0.12657192470050416,28139,below_0p80,False,
individual,veh2_lateral_x_m,veh2_history_mean_front_y_m,0.12529376413443882,0.12529376413443882,25253,below_0p80,False,
individual,veh2_front_y_m,veh3_ttc_capped_sec,-0.12498590580793248,0.12498590580793248,25253,below_0p80,False,
individual,approaching_vehicle_count,veh1_speed_mps,0.12323794344040878,0.12323794344040878,26557,below_0p80,False,
individual,current_x_m,veh2_speed_mps,-0.1223732473056677,0.1223732473056677,25003,below_0p80,False,
individual,veh1_lateral_x_m,veh2_speed_mps,0.12022415584440951,0.12022415584440951,25003,below_0p80,False,
individual,waiting_band_dwell_sec,veh3_speed_mps,0.12002711807005519,0.12002711807005519,23455,below_0p80,False,
individual,current_speed_mps,veh3_speed_mps,-0.11943951479293963,0.11943951479293963,23455,below_0p80,False,
individual,current_x_m,veh1_closing_speed_mps,-0.11854916078692883,0.11854916078692883,26792,below_0p80,False,
individual,waiting_low_speed_time_sec,veh3_lateral_x_m,0.11819903328308524,0.11819903328308524,23634,below_0p80,False,
individual,current_x_m,veh2_history_mean_front_y_m,-0.11804915029950828,0.11804915029950828,25253,below_0p80,False,
individual,current_x_m,veh1_history_mean_front_y_m,-0.1179805235638059,0.1179805235638059,26792,below_0p80,False,
individual,window_low_speed_fraction,veh2_closing_speed_mps,0.11732606077940336,0.11732606077940336,25253,below_0p80,False,
individual,veh3_lateral_x_m,veh2_speed_mps,0.116459526177354,0.116459526177354,23425,below_0p80,False,
individual,current_x_m,veh1_lateral_x_m,-0.11490115894099501,0.11490115894099501,26792,below_0p80,False,
individual,veh1_lateral_x_m,veh2_closing_speed_mps,0.11412819247084094,0.11412819247084094,25253,below_0p80,False,
individual,history_y_displacement_m,history_observed_fraction,-0.11385090669265126,0.11385090669265126,28139,below_0p80,False,
individual,veh2_lateral_x_m,veh1_history_mean_front_y_m,0.11321437330092544,0.11321437330092544,25253,below_0p80,False,
individual,history_y_displacement_m,history_max_unobserved_gap_sec,0.11232856494385204,0.11232856494385204,28139,below_0p80,False,
individual,current_x_m,veh1_history_front_y_change_m,0.11216218358238664,0.11216218358238664,26792,below_0p80,False,
individual,history_mean_speed_mps,veh3_lateral_x_m,-0.11187088113122559,0.11187088113122559,23634,below_0p80,False,
individual,window_low_speed_fraction,veh2_history_front_y_change_m,-0.11174225946813296,0.11174225946813296,25253,below_0p80,False,
individual,current_x_m,window_low_speed_fraction,-0.11091998208306908,0.11091998208306908,28139,below_0p80,False,
individual,current_x_m,veh2_closing_speed_mps,-0.11089316112403272,0.11089316112403272,25253,below_0p80,False,
individual,history_mean_vy_mps,history_observed_fraction,-0.11085702073475028,0.11085702073475028,28139,below_0p80,False,
individual,waiting_low_speed_time_sec,veh2_ttc_capped_sec,-0.10973499376766059,0.10973499376766059,28139,below_0p80,False,
individual,history_mean_vy_mps,history_max_unobserved_gap_sec,0.10961197468085443,0.10961197468085443,28139,below_0p80,False,
individual,history_x_displacement_m,history_y_displacement_m,-0.10940556587807662,0.10940556587807662,28139,below_0p80,False,
individual,history_observed_fraction,approaching_vehicle_count,-0.10935090413221944,0.10935090413221944,28139,below_0p80,False,
individual,current_speed_mps,veh2_lateral_x_m,-0.10905774611368414,0.10905774611368414,25253,below_0p80,False,
individual,veh2_lateral_x_m,veh1_closing_speed_mps,0.1079716730099197,0.1079716730099197,25253,below_0p80,False,
individual,veh2_lateral_x_m,veh1_front_y_m,0.10779936927994979,0.10779936927994979,25253,below_0p80,False,
individual,history_mean_vy_mps,history_x_displacement_m,-0.10753300463211865,0.10753300463211865,28139,below_0p80,False,
individual,approaching_vehicle_count,veh1_history_front_y_change_m,-0.10750871465730662,0.10750871465730662,26792,below_0p80,False,
individual,history_max_unobserved_gap_sec,approaching_vehicle_count,0.10715878539025525,0.10715878539025525,28139,below_0p80,False,
individual,veh2_lateral_x_m,veh1_history_front_y_change_m,-0.10678594391142321,0.10678594391142321,25253,below_0p80,False,
individual,veh1_lateral_x_m,veh2_history_front_y_change_m,-0.1067764801889887,0.1067764801889887,25253,below_0p80,False,
individual,current_x_m,veh2_history_front_y_change_m,0.10661371549768577,0.10661371549768577,25253,below_0p80,False,
individual,history_mean_vx_mps,history_y_displacement_m,-0.10563747949791977,0.10563747949791977,28139,below_0p80,False,
individual,history_mean_vx_mps,history_mean_vy_mps,-0.10545084494771877,0.10545084494771877,28139,below_0p80,False,
individual,veh3_ttc_capped_sec,veh1_history_observed_fraction,-0.10463322533468485,0.10463322533468485,28139,below_0p80,False,
individual,veh3_lateral_x_m,veh3_history_observed_fraction,-0.10423435505732438,0.10423435505732438,23634,below_0p80,False,
individual,veh3_lateral_x_m,veh2_ttc_capped_sec,-0.10417488097611512,0.10417488097611512,23634,below_0p80,False,
individual,history_observed_fraction,active_vehicle_count,-0.10311884482616814,0.10311884482616814,28139,below_0p80,False,
individual,waiting_band_dwell_sec,veh3_closing_speed_mps,0.1028367203441397,0.1028367203441397,23634,below_0p80,False,
individual,window_low_speed_fraction,veh3_history_mean_front_y_m,0.10241082970050124,0.10241082970050124,23634,below_0p80,False,
individual,current_x_m,veh1_ttc_capped_sec,0.10179653779601334,0.10179653779601334,28139,below_0p80,False,
individual,history_max_unobserved_gap_sec,active_vehicle_count,0.10159448963260649,0.10159448963260649,28139,below_0p80,False,
individual,veh3_lateral_x_m,veh2_history_front_y_change_m,-0.10115226304639313,0.10115226304639313,23634,below_0p80,False,
individual,distance_to_crossing_line_m,veh1_history_front_y_change_m,0.10075299246208066,0.10075299246208066,26792,below_0p80,False,
individual,stopped_vehicle_count,veh1_lateral_x_m,-0.1005075432289965,0.1005075432289965,26792,below_0p80,False,
individual,waiting_low_speed_time_sec,veh2_closing_speed_mps,0.1004487699149171,0.1004487699149171,25253,below_0p80,False,
individual,veh2_lateral_x_m,veh1_speed_mps,0.09948379370923259,0.09948379370923259,25055,below_0p80,False,
individual,history_mean_vx_mps,waiting_band_dwell_sec,0.09867405451491494,0.09867405451491494,28139,below_0p80,False,
individual,waiting_band_dwell_sec,veh3_history_front_y_change_m,-0.09866302192414768,0.09866302192414768,23634,below_0p80,False,
individual,current_speed_mps,veh3_closing_speed_mps,-0.09814160250288555,0.09814160250288555,23634,below_0p80,False,
individual,history_interpolated_fraction,active_vehicle_count,0.09776135533528273,0.09776135533528273,28139,below_0p80,False,
individual,history_x_displacement_m,waiting_band_dwell_sec,0.09751634325776486,0.09751634325776486,28139,below_0p80,False,
individual,veh3_front_y_m,veh3_ttc_capped_sec,-0.09735815908047411,0.09735815908047411,23634,below_0p80,False,
individual,current_speed_mps,veh3_lateral_x_m,-0.09590415552941434,0.09590415552941434,23634,below_0p80,False,
individual,history_interpolated_fraction,approaching_vehicle_count,0.09535881356850259,0.09535881356850259,28139,below_0p80,False,
individual,distance_to_crossing_line_m,veh1_closing_speed_mps,-0.09517063476943123,0.09517063476943123,26792,below_0p80,False,
individual,veh3_lateral_x_m,veh2_closing_speed_mps,0.0951353516137466,0.0951353516137466,23634,below_0p80,False,
individual,waiting_band_dwell_sec,veh3_ttc_capped_sec,-0.09493016965686105,0.09493016965686105,28139,below_0p80,False,
individual,current_speed_mps,approaching_vehicle_count,-0.09477484577045088,0.09477484577045088,28139,below_0p80,False,
individual,window_low_speed_fraction,veh1_speed_mps,0.09474355338984075,0.09474355338984075,26557,below_0p80,False,
individual,history_mean_speed_mps,veh3_speed_mps,-0.09384117618027335,0.09384117618027335,23455,below_0p80,False,
individual,current_speed_mps,veh3_history_front_y_change_m,0.09372417860320409,0.09372417860320409,23634,below_0p80,False,
individual,current_x_m,veh3_speed_mps,-0.09305702636226487,0.09305702636226487,23455,below_0p80,False,
individual,veh1_ttc_capped_sec,veh1_history_observed_fraction,0.0921795410157671,0.0921795410157671,28139,below_0p80,False,
individual,current_speed_mps,veh2_speed_mps,-0.092052061960937,0.092052061960937,25003,below_0p80,False,
individual,distance_to_crossing_line_m,veh1_ttc_capped_sec,0.09185094329315467,0.09185094329315467,28139,below_0p80,False,
individual,history_y_displacement_m,history_interpolated_fraction,0.09181824063904043,0.09181824063904043,28139,below_0p80,False,
individual,waiting_low_speed_time_sec,veh2_history_front_y_change_m,-0.09168030474820626,0.09168030474820626,25253,below_0p80,False,
individual,history_mean_speed_mps,approaching_vehicle_count,-0.09125766915468889,0.09125766915468889,28139,below_0p80,False,
individual,veh1_lateral_x_m,veh1_history_observed_fraction,-0.09058003439317332,0.09058003439317332,26792,below_0p80,False,
individual,current_x_m,history_mean_speed_mps,0.09003412414528632,0.09003412414528632,28139,below_0p80,False,
individual,current_x_m,current_speed_mps,0.08819326500976596,0.08819326500976596,28139,below_0p80,False,
individual,current_vx_mps,history_y_displacement_m,-0.08819051128428423,0.08819051128428423,28139,below_0p80,False,
individual,current_vx_mps,history_mean_vy_mps,-0.08735363527559527,0.08735363527559527,28139,below_0p80,False,
individual,waiting_low_speed_time_sec,stopped_vehicle_count,-0.08730445038770075,0.08730445038770075,28139,below_0p80,False,
individual,current_x_m,veh3_closing_speed_mps,-0.08720936349618136,0.08720936349618136,23634,below_0p80,False,
individual,waiting_low_speed_time_sec,veh3_history_mean_front_y_m,0.08705917528056571,0.08705917528056571,23634,below_0p80,False,
individual,approaching_vehicle_count,veh1_history_mean_front_y_m,-0.08704875218066421,0.08704875218066421,26792,below_0p80,False,
individual,approaching_vehicle_count,veh1_closing_speed_mps,0.0867035273206052,0.0867035273206052,26792,below_0p80,False,
individual,history_mean_vy_mps,history_interpolated_fraction,0.08631786865164275,0.08631786865164275,28139,below_0p80,False,
individual,current_speed_mps,veh3_ttc_capped_sec,0.0861782869455111,0.0861782869455111,28139,below_0p80,False,
individual,current_x_m,veh2_ttc_capped_sec,0.08554157880292221,0.08554157880292221,28139,below_0p80,False,
individual,waiting_band_dwell_sec,veh2_lateral_x_m,0.08550706714001165,0.08550706714001165,25253,below_0p80,False,
individual,history_mean_speed_mps,history_vy_slope_mps2,0.08419408653636512,0.08419408653636512,28139,below_0p80,False,
individual,current_speed_mps,history_y_displacement_m,-0.08387243987036629,0.08387243987036629,28139,below_0p80,False,
individual,distance_to_crossing_line_m,veh1_speed_mps,-0.08332490129592508,0.08332490129592508,26557,below_0p80,False,
individual,distance_to_crossing_line_m,stopped_vehicle_count,0.08321456001840383,0.08321456001840383,28139,below_0p80,False,
individual,current_x_m,veh1_front_y_m,-0.08306842819413413,0.08306842819413413,26792,below_0p80,False,
individual,history_speed_std_mps,veh1_history_front_y_change_m,-0.08299752725007638,0.08299752725007638,26792,below_0p80,False,
individual,distance_to_crossing_line_m,veh2_history_observed_fraction,0.08287990234565967,0.08287990234565967,28139,below_0p80,False,
individual,current_x_m,veh2_lateral_x_m,-0.08255390781281995,0.08255390781281995,25253,below_0p80,False,
individual,current_speed_mps,history_mean_vy_mps,-0.08242324671422586,0.08242324671422586,28139,below_0p80,False,
individual,waiting_low_speed_time_sec,veh1_speed_mps,0.08223240206192296,0.08223240206192296,26557,below_0p80,False,
individual,window_low_speed_fraction,stopped_vehicle_count,-0.08176043190471717,0.08176043190471717,28139,below_0p80,False,
individual,history_speed_std_mps,veh2_lateral_x_m,-0.08167268225109721,0.08167268225109721,25253,below_0p80,False,
individual,waiting_band_dwell_sec,veh2_speed_mps,0.08109985572130358,0.08109985572130358,25003,below_0p80,False,
individual,distance_to_crossing_line_m,veh1_history_mean_front_y_m,-0.08077445135561058,0.08077445135561058,26792,below_0p80,False,
individual,current_x_m,veh3_history_front_y_change_m,0.08036928935813818,0.08036928935813818,23634,below_0p80,False,
individual,active_vehicle_count,veh2_lateral_x_m,0.08012719568406307,0.08012719568406307,25253,below_0p80,False,
individual,history_speed_std_mps,veh2_ttc_capped_sec,-0.07980561620297316,0.07980561620297316,28139,below_0p80,False,
individual,history_mean_vx_mps,waiting_low_speed_time_sec,0.07976232337817107,0.07976232337817107,28139,below_0p80,False,
individual,current_x_m,veh2_front_y_m,-0.07909608857300772,0.07909608857300772,25253,below_0p80,False,
individual,current_x_m,stopped_vehicle_count,0.07908894162218705,0.07908894162218705,28139,below_0p80,False,
individual,waiting_band_dwell_sec,veh3_lateral_x_m,0.07905490138155458,0.07905490138155458,23634,below_0p80,False,
individual,veh3_lateral_x_m,veh3_ttc_capped_sec,-0.07855217842504034,0.07855217842504034,23634,below_0p80,False,
individual,history_vy_slope_mps2,window_low_speed_fraction,-0.07836161988584518,0.07836161988584518,28139,below_0p80,False,
individual,history_x_displacement_m,waiting_low_speed_time_sec,0.07817895173467711,0.07817895173467711,28139,below_0p80,False,
individual,veh2_ttc_capped_sec,veh2_history_observed_fraction,-0.07792114254252054,0.07792114254252054,28139,below_0p80,False,
individual,current_x_m,waiting_low_speed_time_sec,-0.07752805899012405,0.07752805899012405,28139,below_0p80,False,
individual,distance_to_crossing_line_m,veh3_history_observed_fraction,0.07604797316778288,0.07604797316778288,28139,below_0p80,False,
individual,current_x_m,approaching_vehicle_count,-0.07570329154428669,0.07570329154428669,28139,below_0p80,False,
individual,history_speed_std_mps,veh1_closing_speed_mps,0.07525654860873839,0.07525654860873839,26792,below_0p80,False,
individual,window_low_speed_fraction,veh2_history_mean_front_y_m,0.07455236610623411,0.07455236610623411,25253,below_0p80,False,
individual,distance_to_crossing_line_m,veh2_history_mean_front_y_m,-0.07414657530385539,0.07414657530385539,25253,below_0p80,False,
individual,current_x_m,veh3_history_mean_front_y_m,-0.0729328736239313,0.0729328736239313,23634,below_0p80,False,
individual,distance_to_crossing_line_m,history_mean_vy_mps,-0.07290510539999244,0.07290510539999244,28139,below_0p80,False,
individual,waiting_band_dwell_sec,approaching_vehicle_count,0.07249743168013906,0.07249743168013906,28139,below_0p80,False,
individual,distance_to_crossing_line_m,history_speed_std_mps,-0.07206580963566277,0.07206580963566277,28139,below_0p80,False,
individual,distance_to_crossing_line_m,history_y_displacement_m,-0.07187686735234856,0.07187686735234856,28139,below_0p80,False,
individual,distance_to_crossing_line_m,window_low_speed_fraction,0.07135329624869127,0.07135329624869127,28139,below_0p80,False,
individual,veh2_lateral_x_m,veh2_front_y_m,0.07068446085349624,0.07068446085349624,25253,below_0p80,False,
individual,approaching_vehicle_count,veh2_lateral_x_m,0.06975679070347206,0.06975679070347206,25253,below_0p80,False,
individual,distance_to_crossing_line_m,history_mean_speed_mps,-0.06877977488615358,0.06877977488615358,28139,below_0p80,False,
individual,waiting_band_dwell_sec,stopped_vehicle_count,-0.06832730800730212,0.06832730800730212,28139,below_0p80,False,
individual,history_mean_speed_mps,veh3_closing_speed_mps,-0.06776863164607173,0.06776863164607173,23634,below_0p80,False,
individual,window_low_speed_fraction,veh1_history_mean_front_y_m,0.06772958521514907,0.06772958521514907,26792,below_0p80,False,
individual,history_mean_speed_mps,veh2_speed_mps,-0.06740464669673785,0.06740464669673785,25003,below_0p80,False,
individual,veh3_lateral_x_m,veh3_speed_mps,0.06723793851916157,0.06723793851916157,23455,below_0p80,False,
individual,window_low_speed_fraction,veh1_closing_speed_mps,0.0670534421424875,0.0670534421424875,26792,below_0p80,False,
individual,distance_to_crossing_line_m,veh3_lateral_x_m,0.06700554155501064,0.06700554155501064,23634,below_0p80,False,
individual,distance_to_crossing_line_m,veh1_history_observed_fraction,0.06679723792309565,0.06679723792309565,28139,below_0p80,False,
individual,distance_to_crossing_line_m,veh2_closing_speed_mps,-0.06627675202959118,0.06627675202959118,25253,below_0p80,False,
individual,current_x_m,history_observed_fraction,0.06625724539700104,0.06625724539700104,28139,below_0p80,False,
individual,history_speed_std_mps,veh1_speed_mps,0.0660803642898386,0.0660803642898386,26557,below_0p80,False,
individual,current_speed_mps,veh2_closing_speed_mps,-0.06598607628656354,0.06598607628656354,25253,below_0p80,False,
individual,history_mean_speed_mps,veh3_history_front_y_change_m,0.06595177597198792,0.06595177597198792,23634,below_0p80,False,
individual,current_x_m,history_max_unobserved_gap_sec,-0.06458120703082824,0.06458120703082824,28139,below_0p80,False,
individual,waiting_band_dwell_sec,veh2_ttc_capped_sec,-0.06451001911525285,0.06451001911525285,28139,below_0p80,False,
individual,approaching_vehicle_count,veh2_front_y_m,-0.06416080653035365,0.06416080653035365,25253,below_0p80,False,
individual,history_speed_std_mps,veh2_history_front_y_change_m,-0.06415809022540439,0.06415809022540439,25253,below_0p80,False,
individual,current_vy_mps,history_observed_fraction,-0.0638675317478495,0.0638675317478495,28139,below_0p80,False,
individual,current_speed_mps,veh2_history_front_y_change_m,0.06383396737974395,0.06383396737974395,25253,below_0p80,False,
individual,distance_to_crossing_line_m,veh2_history_front_y_change_m,0.06369043945796095,0.06369043945796095,25253,below_0p80,False,
individual,current_vy_mps,history_max_unobserved_gap_sec,0.06290730531439248,0.06290730531439248,28139,below_0p80,False,
individual,history_observed_fraction,veh3_history_observed_fraction,-0.0628950589346045,0.0628950589346045,28139,below_0p80,False,
individual,approaching_vehicle_count,veh2_history_mean_front_y_m,0.06283415482184346,0.06283415482184346,25253,below_0p80,False,
individual,history_interpolated_fraction,veh3_history_observed_fraction,0.06274315211869375,0.06274315211869375,28139,below_0p80,False,
individual,stopped_vehicle_count,veh3_lateral_x_m,0.062410694705704484,0.062410694705704484,23634,below_0p80,False,
individual,history_vy_slope_mps2,history_interpolated_fraction,0.06215463379403702,0.06215463379403702,28139,below_0p80,False,
individual,veh1_lateral_x_m,veh2_history_mean_front_y_m,0.06210053728235523,0.06210053728235523,25253,below_0p80,False,
individual,history_speed_std_mps,stopped_vehicle_count,-0.06186225929936855,0.06186225929936855,28139,below_0p80,False,
individual,history_max_unobserved_gap_sec,veh3_history_observed_fraction,0.06180732173331978,0.06180732173331978,28139,below_0p80,False,
individual,history_mean_speed_mps,veh1_lateral_x_m,-0.061703232171049296,0.061703232171049296,26792,below_0p80,False,
individual,history_mean_vx_mps,window_low_speed_fraction,0.06166427444998481,0.06166427444998481,28139,below_0p80,False,
individual,waiting_low_speed_time_sec,veh2_history_mean_front_y_m,0.06125605174806689,0.06125605174806689,25253,below_0p80,False,
individual,history_mean_speed_mps,veh3_ttc_capped_sec,0.060994641053468135,0.060994641053468135,28139,below_0p80,False,
individual,distance_to_crossing_line_m,history_interpolated_fraction,0.06090734733448694,0.06090734733448694,28139,below_0p80,False,
individual,history_x_displacement_m,window_low_speed_fraction,0.06027486436747346,0.06027486436747346,28139,below_0p80,False,
individual,history_speed_std_mps,veh3_lateral_x_m,-0.060230709553183846,0.060230709553183846,23634,below_0p80,False,
individual,distance_to_crossing_line_m,veh2_speed_mps,-0.06010832621915363,0.06010832621915363,25003,below_0p80,False,
individual,window_low_speed_fraction,veh1_history_front_y_change_m,-0.05997906359578404,0.05997906359578404,26792,below_0p80,False,
individual,history_observed_fraction,veh2_history_observed_fraction,-0.0597981545665407,0.0597981545665407,28139,below_0p80,False,
individual,veh2_lateral_x_m,veh1_ttc_capped_sec,-0.05968204458435029,0.05968204458435029,25253,below_0p80,False,
individual,history_max_unobserved_gap_sec,veh2_history_observed_fraction,0.05954233529457115,0.05954233529457115,28139,below_0p80,False,
individual,current_speed_mps,veh2_ttc_capped_sec,0.059219245379832655,0.059219245379832655,28139,below_0p80,False,
individual,distance_to_crossing_line_m,active_vehicle_count,0.057173528505708525,0.057173528505708525,28139,below_0p80,False,
individual,waiting_low_speed_time_sec,veh1_lateral_x_m,0.05655176549289433,0.05655176549289433,26792,below_0p80,False,
individual,waiting_band_dwell_sec,veh2_closing_speed_mps,0.05599521796282457,0.05599521796282457,25253,below_0p80,False,
individual,current_speed_mps,veh3_history_mean_front_y_m,-0.0559419985636306,0.0559419985636306,23634,below_0p80,False,
individual,current_x_m,veh3_lateral_x_m,-0.05526860442576827,0.05526860442576827,23634,below_0p80,False,
individual,history_mean_vx_mps,history_mean_speed_mps,-0.05497701266943368,0.05497701266943368,28139,below_0p80,False,
individual,history_interpolated_fraction,veh2_history_observed_fraction,0.05487400704592849,0.05487400704592849,28139,below_0p80,False,
individual,current_vx_mps,waiting_band_dwell_sec,0.054839278570812486,0.054839278570812486,28139,below_0p80,False,
individual,waiting_band_dwell_sec,veh3_history_mean_front_y_m,0.05438874036099977,0.05438874036099977,23634,below_0p80,False,
individual,history_mean_speed_mps,history_x_displacement_m,-0.05431276224073826,0.05431276224073826,28139,below_0p80,False,
individual,history_speed_std_mps,history_y_displacement_m,0.05427488168660296,0.05427488168660296,28139,below_0p80,False,
individual,history_observed_fraction,veh3_ttc_capped_sec,0.05386190750280366,0.05386190750280366,28139,below_0p80,False,
individual,current_x_m,history_interpolated_fraction,-0.05371206736118548,0.05371206736118548,28139,below_0p80,False,
individual,waiting_low_speed_time_sec,veh1_closing_speed_mps,0.05364793220195403,0.05364793220195403,26792,below_0p80,False,
individual,waiting_low_speed_time_sec,veh1_history_mean_front_y_m,0.0536041018759467,0.0536041018759467,26792,below_0p80,False,
individual,current_vy_mps,history_interpolated_fraction,0.05359557647566897,0.05359557647566897,28139,below_0p80,False,
individual,window_low_speed_fraction,veh1_ttc_capped_sec,-0.053190832749252834,0.053190832749252834,28139,below_0p80,False,
individual,window_low_speed_fraction,veh1_front_y_m,0.052846167136784035,0.052846167136784035,26792,below_0p80,False,
individual,history_speed_std_mps,veh2_closing_speed_mps,0.05275216971437453,0.05275216971437453,25253,below_0p80,False,
individual,distance_to_crossing_line_m,veh1_lateral_x_m,-0.05275162769413561,0.05275162769413561,26792,below_0p80,False,
individual,history_max_unobserved_gap_sec,veh3_ttc_capped_sec,-0.05223379842375927,0.05223379842375927,28139,below_0p80,False,
individual,history_mean_vy_mps,history_speed_std_mps,0.05177590967132119,0.05177590967132119,28139,below_0p80,False,
individual,history_mean_speed_mps,veh1_front_y_m,-0.05123826403918343,0.05123826403918343,26792,below_0p80,False,
individual,waiting_band_dwell_sec,veh3_history_observed_fraction,-0.05098578294199937,0.05098578294199937,28139,below_0p80,False,
individual,distance_to_crossing_line_m,approaching_vehicle_count,0.05096978284482907,0.05096978284482907,28139,below_0p80,False,
individual,distance_to_crossing_line_m,veh2_front_y_m,-0.050159937618000916,0.050159937618000916,25253,below_0p80,False,
individual,current_speed_mps,veh1_speed_mps,-0.049870372654672056,0.049870372654672056,26557,below_0p80,False,
individual,veh3_lateral_x_m,veh1_speed_mps,0.049273696564760196,0.049273696564760196,23484,below_0p80,False,
individual,veh3_lateral_x_m,veh2_front_y_m,-0.0487573805325547,0.0487573805325547,23634,below_0p80,False,
individual,window_low_speed_fraction,veh1_lateral_x_m,0.04844394050282535,0.04844394050282535,26792,below_0p80,False,
individual,veh2_lateral_x_m,veh2_history_observed_fraction,-0.04759698646241337,0.04759698646241337,25253,below_0p80,False,
individual,waiting_band_dwell_sec,veh1_speed_mps,0.04735876200109504,0.04735876200109504,26557,below_0p80,False,
individual,history_interpolated_fraction,veh3_ttc_capped_sec,-0.04669143269512724,0.04669143269512724,28139,below_0p80,False,
individual,current_speed_mps,veh1_lateral_x_m,-0.04657917378422109,0.04657917378422109,26792,below_0p80,False,
individual,waiting_band_dwell_sec,veh1_lateral_x_m,0.04646423735197184,0.04646423735197184,26792,below_0p80,False,
individual,history_interpolated_fraction,stopped_vehicle_count,0.04630861439216547,0.04630861439216547,28139,below_0p80,False,
individual,current_x_m,veh1_history_observed_fraction,0.04607392258592098,0.04607392258592098,28139,below_0p80,False,
individual,history_observed_fraction,veh1_history_observed_fraction,-0.046042092650288184,0.046042092650288184,28139,below_0p80,False,
individual,distance_to_crossing_line_m,history_observed_fraction,-0.045928058923160604,0.045928058923160604,28139,below_0p80,False,
individual,history_vy_slope_mps2,waiting_low_speed_time_sec,-0.04587171862662696,0.04587171862662696,28139,below_0p80,False,
individual,waiting_band_dwell_sec,veh2_history_front_y_change_m,-0.04583824809986087,0.04583824809986087,25253,below_0p80,False,
individual,waiting_low_speed_time_sec,veh1_front_y_m,0.04582757548211885,0.04582757548211885,26792,below_0p80,False,
individual,waiting_low_speed_time_sec,veh3_history_observed_fraction,-0.04556797177898269,0.04556797177898269,28139,below_0p80,False,
individual,history_max_unobserved_gap_sec,veh1_history_observed_fraction,0.04516227901009894,0.04516227901009894,28139,below_0p80,False,
individual,history_mean_vx_mps,history_speed_std_mps,-0.04504350459384119,0.04504350459384119,28139,below_0p80,False,
individual,history_interpolated_fraction,veh1_history_observed_fraction,0.044704032458929954,0.044704032458929954,28139,below_0p80,False,
individual,waiting_low_speed_time_sec,veh1_history_front_y_change_m,-0.04467952547058077,0.04467952547058077,26792,below_0p80,False,
individual,history_speed_std_mps,history_x_displacement_m,-0.0445656103557251,0.0445656103557251,28139,below_0p80,False,
individual,history_vy_slope_mps2,approaching_vehicle_count,-0.04454952758501269,0.04454952758501269,28139,below_0p80,False,
individual,history_interpolated_fraction,veh1_history_mean_front_y_m,-0.044505824563016265,0.044505824563016265,26792,below_0p80,False,
individual,current_x_m,waiting_band_dwell_sec,-0.04435799404154641,0.04435799404154641,28139,below_0p80,False,
individual,history_mean_vy_mps,waiting_low_speed_time_sec,0.044251959072012695,0.044251959072012695,28139,below_0p80,False,
individual,current_speed_mps,veh1_front_y_m,-0.044224329489185504,0.044224329489185504,26792,below_0p80,False,
individual,distance_to_crossing_line_m,history_max_unobserved_gap_sec,0.04377137313104908,0.04377137313104908,28139,below_0p80,False,
individual,history_y_displacement_m,waiting_low_speed_time_sec,0.04367761102094392,0.04367761102094392,28139,below_0p80,False,
individual,waiting_band_dwell_sec,veh1_history_observed_fraction,-0.04340449758145535,0.04340449758145535,28139,below_0p80,False,
individual,veh2_lateral_x_m,veh3_speed_mps,0.04324380490026854,0.04324380490026854,23455,below_0p80,False,
individual,distance_to_crossing_line_m,veh2_ttc_capped_sec,0.04285172097045888,0.04285172097045888,28139,below_0p80,False,
individual,current_speed_mps,stopped_vehicle_count,0.04284354590982794,0.04284354590982794,28139,below_0p80,False,
individual,distance_to_crossing_line_m,veh1_front_y_m,-0.042576764690088385,0.042576764690088385,26792,below_0p80,False,
individual,distance_to_crossing_line_m,current_speed_mps,-0.04250973335108816,0.04250973335108816,28139,below_0p80,False,
individual,history_speed_std_mps,veh2_history_mean_front_y_m,0.04177012104141294,0.04177012104141294,25253,below_0p80,False,
individual,history_y_displacement_m,waiting_band_dwell_sec,0.04108448856546329,0.04108448856546329,28139,below_0p80,False,
individual,history_mean_vy_mps,waiting_band_dwell_sec,0.04092643055719008,0.04092643055719008,28139,below_0p80,False,
individual,history_mean_speed_mps,veh2_closing_speed_mps,-0.0407375499359979,0.0407375499359979,25253,below_0p80,False,
individual,current_speed_mps,veh1_history_mean_front_y_m,-0.04061942020856291,0.04061942020856291,26792,below_0p80,False,
individual,waiting_low_speed_time_sec,veh1_ttc_capped_sec,-0.03943681966683735,0.03943681966683735,28139,below_0p80,False,
individual,history_speed_std_mps,veh3_ttc_capped_sec,-0.03924237663525894,0.03924237663525894,28139,below_0p80,False,
individual,history_speed_std_mps,veh1_lateral_x_m,-0.038495930514200374,0.038495930514200374,26792,below_0p80,False,
individual,history_interpolated_fraction,veh1_history_front_y_change_m,0.038239764614199034,0.038239764614199034,26792,below_0p80,False,
individual,veh2_ttc_capped_sec,veh3_history_observed_fraction,0.03804258414477907,0.03804258414477907,28139,below_0p80,False,
individual,current_speed_mps,veh2_history_mean_front_y_m,-0.037961025973850544,0.037961025973850544,25253,below_0p80,False,
individual,history_observed_fraction,stopped_vehicle_count,-0.0378790011027185,0.0378790011027185,28139,below_0p80,False,
individual,current_x_m,veh3_ttc_capped_sec,0.0378217019309924,0.0378217019309924,28139,below_0p80,False,
individual,history_mean_speed_mps,veh3_history_mean_front_y_m,-0.03734125604108366,0.03734125604108366,23634,below_0p80,False,
individual,history_y_displacement_m,veh1_history_mean_front_y_m,0.037317314997990805,0.037317314997990805,26792,below_0p80,False,
individual,history_y_displacement_m,veh1_speed_mps,0.03727840637486336,0.03727840637486336,26557,below_0p80,False,
individual,history_mean_vy_mps,veh1_history_mean_front_y_m,0.037208165661312,0.037208165661312,26792,below_0p80,False,
individual,history_max_unobserved_gap_sec,stopped_vehicle_count,0.037203873974897696,0.037203873974897696,28139,below_0p80,False,
individual,history_speed_std_mps,veh3_history_mean_front_y_m,0.037193443128417464,0.037193443128417464,23634,below_0p80,False,
individual,history_mean_vy_mps,veh1_speed_mps,0.03693808211507774,0.03693808211507774,26557,below_0p80,False,
individual,history_interpolated_fraction,veh1_front_y_m,-0.036927369499451905,0.036927369499451905,26792,below_0p80,False,
individual,history_speed_std_mps,veh2_speed_mps,0.036639959946197266,0.036639959946197266,25003,below_0p80,False,
individual,current_x_m,veh3_front_y_m,-0.03658518089866168,0.03658518089866168,23634,below_0p80,False,
individual,history_interpolated_fraction,veh1_closing_speed_mps,-0.03648488824026654,0.03648488824026654,26792,below_0p80,False,
individual,history_speed_std_mps,veh3_closing_speed_mps,0.036386046287280836,0.036386046287280836,23634,below_0p80,False,
individual,history_mean_speed_mps,veh1_ttc_capped_sec,-0.03635037751954507,0.03635037751954507,28139,below_0p80,False,
individual,history_speed_std_mps,history_vy_slope_mps2,0.03622539175641841,0.03622539175641841,28139,below_0p80,False,
individual,history_max_unobserved_gap_sec,veh2_ttc_capped_sec,-0.0359649346154966,0.0359649346154966,28139,below_0p80,False,
individual,history_vy_slope_mps2,history_observed_fraction,-0.03587143558477716,0.03587143558477716,28139,below_0p80,False,
individual,window_low_speed_fraction,veh3_front_y_m,0.03554504287932166,0.03554504287932166,23634,below_0p80,False,
individual,history_observed_fraction,veh2_ttc_capped_sec,0.035530595950722,0.035530595950722,28139,below_0p80,False,
individual,veh3_lateral_x_m,veh1_history_front_y_change_m,-0.0354393010863208,0.0354393010863208,23634,below_0p80,False,
individual,veh1_lateral_x_m,veh3_history_front_y_change_m,0.03542253726431531,0.03542253726431531,23634,below_0p80,False,
individual,current_x_m,history_speed_std_mps,0.03487126674670495,0.03487126674670495,28139,below_0p80,False,
individual,history_speed_std_mps,veh3_history_front_y_change_m,-0.034870601141832304,0.034870601141832304,23634,below_0p80,False,
individual,history_observed_fraction,veh1_front_y_m,0.0347072638222697,0.0347072638222697,26792,below_0p80,False,
individual,distance_to_crossing_line_m,waiting_low_speed_time_sec,0.034464787857185035,0.034464787857185035,28139,below_0p80,False,
individual,waiting_band_dwell_sec,veh2_history_observed_fraction,-0.03434307502569087,0.03434307502569087,28139,below_0p80,False,
individual,history_max_unobserved_gap_sec,veh1_front_y_m,-0.03411849746045698,0.03411849746045698,26792,below_0p80,False,
individual,history_observed_fraction,veh1_history_mean_front_y_m,0.034047539661520354,0.034047539661520354,26792,below_0p80,False,
individual,current_vx_mps,approaching_vehicle_count,-0.03390053432811402,0.03390053432811402,28139,below_0p80,False,
individual,current_speed_mps,veh3_history_observed_fraction,0.03362428565512805,0.03362428565512805,28139,below_0p80,False,
individual,history_mean_speed_mps,veh3_history_observed_fraction,0.03344973547807241,0.03344973547807241,28139,below_0p80,False,
individual,history_y_displacement_m,veh3_history_front_y_change_m,-0.03305154199790926,0.03305154199790926,23634,below_0p80,False,
individual,history_max_unobserved_gap_sec,veh1_history_mean_front_y_m,-0.03297350462736686,0.03297350462736686,26792,below_0p80,False,
individual,current_x_m,history_mean_vx_mps,-0.03296986013060639,0.03296986013060639,28139,below_0p80,False,
individual,current_vx_mps,history_vy_slope_mps2,-0.03292435790940232,0.03292435790940232,28139,below_0p80,False,
individual,distance_to_crossing_line_m,veh3_ttc_capped_sec,-0.03285526273732326,0.03285526273732326,28139,below_0p80,False,
individual,history_y_displacement_m,veh1_ttc_capped_sec,-0.03279295073614973,0.03279295073614973,28139,below_0p80,False,
individual,history_mean_vy_mps,veh1_ttc_capped_sec,-0.032482047147129815,0.032482047147129815,28139,below_0p80,False,
individual,history_y_displacement_m,veh1_closing_speed_mps,0.032458335561929064,0.032458335561929064,26792,below_0p80,False,
individual,history_mean_vy_mps,veh1_closing_speed_mps,0.032424277029062476,0.032424277029062476,26792,below_0p80,False,
individual,history_vy_slope_mps2,history_max_unobserved_gap_sec,0.03240355507531357,0.03240355507531357,28139,below_0p80,False,
individual,current_x_m,history_x_displacement_m,-0.03212580788453221,0.03212580788453221,28139,below_0p80,False,
individual,current_vx_mps,waiting_low_speed_time_sec,0.03169612451820722,0.03169612451820722,28139,below_0p80,False,
individual,history_mean_vy_mps,window_low_speed_fraction,0.03168837942025011,0.03168837942025011,28139,below_0p80,False,
individual,current_x_m,veh3_history_observed_fraction,0.03156039055915334,0.03156039055915334,28139,below_0p80,False,
individual,current_vy_mps,waiting_band_dwell_sec,0.03150346304979073,0.03150346304979073,28139,below_0p80,False,
individual,history_mean_vy_mps,veh3_history_front_y_change_m,-0.03144119946284546,0.03144119946284546,23634,below_0p80,False,
individual,veh3_lateral_x_m,veh1_closing_speed_mps,0.03141057644241784,0.03141057644241784,23634,below_0p80,False,
individual,window_low_speed_fraction,veh2_front_y_m,0.031245581505611505,0.031245581505611505,25253,below_0p80,False,
individual,history_mean_vy_mps,veh2_history_front_y_change_m,-0.031184829757008547,0.031184829757008547,25253,below_0p80,False,
individual,history_mean_speed_mps,veh2_history_front_y_change_m,0.03088621662173768,0.03088621662173768,25253,below_0p80,False,
individual,history_mean_speed_mps,veh1_history_mean_front_y_m,-0.030854346657405274,0.030854346657405274,26792,below_0p80,False,
individual,history_mean_vy_mps,veh2_speed_mps,0.030786519998922242,0.030786519998922242,25003,below_0p80,False,
individual,history_y_displacement_m,veh2_history_front_y_change_m,-0.030774841568399637,0.030774841568399637,25253,below_0p80,False,
individual,history_y_displacement_m,veh2_speed_mps,0.030710339555197558,0.030710339555197558,25003,below_0p80,False,
individual,history_mean_vy_mps,veh2_lateral_x_m,0.030698783080232897,0.030698783080232897,25253,below_0p80,False,
individual,veh3_lateral_x_m,veh3_history_front_y_change_m,-0.03047588267439011,0.03047588267439011,23634,below_0p80,False,
individual,history_y_displacement_m,veh2_lateral_x_m,0.030334768910691336,0.030334768910691336,25253,below_0p80,False,
individual,history_speed_std_mps,veh1_history_mean_front_y_m,0.03022105083990144,0.03022105083990144,26792,below_0p80,False,
individual,history_y_displacement_m,veh2_ttc_capped_sec,-0.030023393065944533,0.030023393065944533,28139,below_0p80,False,
individual,waiting_band_dwell_sec,veh2_history_mean_front_y_m,0.029896643300110593,0.029896643300110593,25253,below_0p80,False,
individual,veh3_lateral_x_m,veh1_history_mean_front_y_m,-0.02977652645135648,0.02977652645135648,23634,below_0p80,False,
individual,history_mean_vy_mps,veh2_ttc_capped_sec,-0.029748580453514025,0.029748580453514025,28139,below_0p80,False,
individual,history_y_displacement_m,veh1_history_front_y_change_m,-0.02956468538200856,0.02956468538200856,26792,below_0p80,False,
individual,waiting_band_dwell_sec,veh1_front_y_m,0.029513502271740117,0.029513502271740117,26792,below_0p80,False,
individual,history_mean_vy_mps,veh1_history_front_y_change_m,-0.029486091111741546,0.029486091111741546,26792,below_0p80,False,
individual,history_vy_slope_mps2,active_vehicle_count,-0.02932008386299234,0.02932008386299234,28139,below_0p80,False,
individual,veh3_lateral_x_m,veh1_history_observed_fraction,0.028903561562128834,0.028903561562128834,23634,below_0p80,False,
individual,history_interpolated_fraction,veh2_history_mean_front_y_m,-0.0288856263456768,0.0288856263456768,25253,below_0p80,False,
individual,history_y_displacement_m,window_low_speed_fraction,0.02885352090389437,0.02885352090389437,28139,below_0p80,False,
individual,history_y_displacement_m,veh3_speed_mps,0.028500536521979616,0.028500536521979616,23455,below_0p80,False,
individual,current_vx_mps,veh2_lateral_x_m,-0.028054818743358564,0.028054818743358564,25253,below_0p80,False,
individual,history_mean_vy_mps,veh3_speed_mps,0.02766814089614457,0.02766814089614457,23455,below_0p80,False,
individual,veh3_lateral_x_m,veh3_closing_speed_mps,0.027620939560377866,0.027620939560377866,23634,below_0p80,False,
individual,current_vy_mps,current_speed_mps,-0.027443323561620343,0.027443323561620343,28139,below_0p80,False,
individual,history_mean_speed_mps,veh1_speed_mps,-0.026996329638761963,0.026996329638761963,26557,below_0p80,False,
individual,waiting_band_dwell_sec,veh1_history_mean_front_y_m,0.026727097357860826,0.026727097357860826,26792,below_0p80,False,
individual,waiting_band_dwell_sec,active_vehicle_count,-0.026634233031161254,0.026634233031161254,28139,below_0p80,False,
individual,window_low_speed_fraction,active_vehicle_count,0.026581344537341733,0.026581344537341733,28139,below_0p80,False,
individual,waiting_low_speed_time_sec,veh1_history_observed_fraction,-0.026148435902280852,0.026148435902280852,28139,below_0p80,False,
individual,history_interpolated_fraction,veh3_lateral_x_m,0.02613595412304665,0.02613595412304665,23634,below_0p80,False,
individual,history_interpolated_fraction,veh2_front_y_m,-0.026090074257120264,0.026090074257120264,25253,below_0p80,False,
individual,history_y_displacement_m,veh3_closing_speed_mps,0.026085787381256335,0.026085787381256335,23634,below_0p80,False,
individual,current_x_m,veh2_history_observed_fraction,0.02598096670872885,0.02598096670872885,28139,below_0p80,False,
individual,veh2_lateral_x_m,veh3_front_y_m,-0.025720276004990564,0.025720276004990564,23634,below_0p80,False,
individual,current_speed_mps,veh1_closing_speed_mps,-0.02552510182607224,0.02552510182607224,26792,below_0p80,False,
individual,history_mean_speed_mps,veh2_ttc_capped_sec,0.025302396298795552,0.025302396298795552,28139,below_0p80,False,
individual,history_vy_slope_mps2,veh2_ttc_capped_sec,0.025222385556937968,0.025222385556937968,28139,below_0p80,False,
individual,history_observed_fraction,veh1_history_front_y_change_m,-0.025141072314862047,0.025141072314862047,26792,below_0p80,False,
individual,history_mean_vy_mps,veh3_closing_speed_mps,0.025136984604930676,0.025136984604930676,23634,below_0p80,False,
individual,current_vy_mps,veh2_lateral_x_m,0.025096006238255787,0.025096006238255787,25253,below_0p80,False,
individual,veh2_lateral_x_m,veh3_ttc_capped_sec,0.02505419099895928,0.02505419099895928,25253,below_0p80,False,
individual,history_speed_std_mps,veh3_history_observed_fraction,0.02501997710473795,0.02501997710473795,28139,below_0p80,False,
individual,history_y_displacement_m,veh3_history_mean_front_y_m,0.025005002399527215,0.025005002399527215,23634,below_0p80,False,
individual,history_mean_speed_mps,active_vehicle_count,-0.024930033173182223,0.024930033173182223,28139,below_0p80,False,
individual,history_mean_speed_mps,veh2_history_mean_front_y_m,-0.024608902369072202,0.024608902369072202,25253,below_0p80,False,
individual,history_mean_vy_mps,veh3_history_mean_front_y_m,0.024488561057993765,0.024488561057993765,23634,below_0p80,False,
individual,history_observed_fraction,veh1_closing_speed_mps,0.024134062965281516,0.024134062965281516,26792,below_0p80,False,
individual,active_vehicle_count,veh3_ttc_capped_sec,-0.023930582927391274,0.023930582927391274,28139,below_0p80,False,
individual,history_mean_vy_mps,veh2_closing_speed_mps,0.023894218730735828,0.023894218730735828,25253,below_0p80,False,
individual,history_mean_vy_mps,veh1_front_y_m,0.02384927387809732,0.02384927387809732,26792,below_0p80,False,
individual,window_low_speed_fraction,veh3_history_observed_fraction,-0.023833431752583664,0.023833431752583664,28139,below_0p80,False,
individual,history_max_unobserved_gap_sec,veh1_history_front_y_change_m,0.02367984359027693,0.02367984359027693,26792,below_0p80,False,
individual,history_y_displacement_m,veh1_front_y_m,0.02366566829213369,0.02366566829213369,26792,below_0p80,False,
individual,history_mean_vy_mps,approaching_vehicle_count,0.023647303526350374,0.023647303526350374,28139,below_0p80,False,
individual,history_y_displacement_m,veh2_closing_speed_mps,0.02362653508466667,0.02362653508466667,25253,below_0p80,False,
individual,veh2_lateral_x_m,veh3_history_mean_front_y_m,-0.02356064526418987,0.02356064526418987,23634,below_0p80,False,
individual,history_y_displacement_m,approaching_vehicle_count,0.023429820900153196,0.023429820900153196,28139,below_0p80,False,
individual,history_observed_fraction,veh1_lateral_x_m,0.02337828497640624,0.02337828497640624,26792,below_0p80,False,
individual,history_speed_std_mps,veh1_front_y_m,-0.023210099213617733,0.023210099213617733,26792,below_0p80,False,
individual,history_mean_vx_mps,active_vehicle_count,0.02318943155901654,0.02318943155901654,28139,below_0p80,False,
individual,history_mean_vy_mps,veh2_history_mean_front_y_m,0.022967875194762788,0.022967875194762788,25253,below_0p80,False,
individual,history_max_unobserved_gap_sec,veh1_closing_speed_mps,-0.022854117364099334,0.022854117364099334,26792,below_0p80,False,
individual,history_y_displacement_m,veh1_lateral_x_m,0.022845250206355024,0.022845250206355024,26792,below_0p80,False,
individual,waiting_band_dwell_sec,veh1_closing_speed_mps,0.02268619331235895,0.02268619331235895,26792,below_0p80,False,
individual,history_mean_vy_mps,veh1_lateral_x_m,0.022517092729572967,0.022517092729572967,26792,below_0p80,False,
individual,history_speed_std_mps,active_vehicle_count,-0.022494838706086158,0.022494838706086158,28139,below_0p80,False,
individual,current_x_m,history_y_displacement_m,-0.022460262342270002,0.022460262342270002,28139,below_0p80,False,
individual,waiting_low_speed_time_sec,veh2_front_y_m,0.022432578989537183,0.022432578989537183,25253,below_0p80,False,
individual,current_vy_mps,history_x_displacement_m,-0.022381721596899443,0.022381721596899443,28139,below_0p80,False,
individual,history_y_displacement_m,veh2_history_mean_front_y_m,0.0223249561651796,0.0223249561651796,25253,below_0p80,False,
individual,history_x_displacement_m,active_vehicle_count,0.02215867661106349,0.02215867661106349,28139,below_0p80,False,
individual,history_vy_slope_mps2,veh1_closing_speed_mps,-0.022032620435681424,0.022032620435681424,26792,below_0p80,False,
individual,current_vx_mps,veh3_speed_mps,-0.022006340620602034,0.022006340620602034,23455,below_0p80,False,
individual,current_speed_mps,veh3_front_y_m,-0.02161461368678261,0.02161461368678261,23634,below_0p80,False,
individual,history_max_unobserved_gap_sec,veh1_lateral_x_m,-0.02151420569213189,0.02151420569213189,26792,below_0p80,False,
individual,history_interpolated_fraction,veh2_ttc_capped_sec,-0.021395254767835988,0.021395254767835988,28139,below_0p80,False,
individual,current_x_m,history_mean_vy_mps,-0.0213890086841621,0.0213890086841621,28139,below_0p80,False,
individual,current_vx_mps,veh2_history_mean_front_y_m,-0.021332482977846054,0.021332482977846054,25253,below_0p80,False,
individual,waiting_low_speed_time_sec,veh3_front_y_m,0.021305430107766785,0.021305430107766785,23634,below_0p80,False,
individual,veh3_lateral_x_m,veh1_front_y_m,-0.021291293073758946,0.021291293073758946,23634,below_0p80,False,
individual,history_y_displacement_m,veh3_ttc_capped_sec,-0.021201597591396115,0.021201597591396115,28139,below_0p80,False,
individual,current_vy_mps,history_mean_vx_mps,-0.020927474037678383,0.020927474037678383,28139,below_0p80,False,
individual,current_vx_mps,veh3_lateral_x_m,-0.02080838071604326,0.02080838071604326,23634,below_0p80,False,
individual,history_interpolated_fraction,veh1_lateral_x_m,-0.020705404877829826,0.020705404877829826,26792,below_0p80,False,
individual,veh1_lateral_x_m,veh3_closing_speed_mps,-0.0205954687715838,0.0205954687715838,23634,below_0p80,False,
individual,waiting_low_speed_time_sec,veh2_history_observed_fraction,-0.020510782991965047,0.020510782991965047,28139,below_0p80,False,
individual,history_interpolated_fraction,veh1_speed_mps,-0.020451018618231707,0.020451018618231707,26557,below_0p80,False,
individual,current_vy_mps,veh1_lateral_x_m,0.02041887539065673,0.02041887539065673,26792,below_0p80,False,
individual,history_mean_vy_mps,veh3_ttc_capped_sec,-0.02034144102606332,0.02034144102606332,28139,below_0p80,False,
individual,current_speed_mps,veh1_history_front_y_change_m,0.020301797999501606,0.020301797999501606,26792,below_0p80,False,
individual,history_mean_vy_mps,veh3_lateral_x_m,0.020032939812569282,0.020032939812569282,23634,below_0p80,False,
individual,history_vy_slope_mps2,veh1_ttc_capped_sec,0.01999005246697136,0.01999005246697136,28139,below_0p80,False,
individual,history_mean_speed_mps,veh2_front_y_m,-0.019988676305219055,0.019988676305219055,25253,below_0p80,False,
individual,veh1_lateral_x_m,veh2_front_y_m,0.019815053924719755,0.019815053924719755,25253,below_0p80,False,
individual,history_y_displacement_m,veh3_lateral_x_m,0.019473201533858366,0.019473201533858366,23634,below_0p80,False,
individual,distance_to_crossing_line_m,waiting_band_dwell_sec,0.019344350047712802,0.019344350047712802,28139,below_0p80,False,
individual,history_mean_speed_mps,veh1_history_observed_fraction,0.019245239165117296,0.019245239165117296,28139,below_0p80,False,
individual,distance_to_crossing_line_m,history_vy_slope_mps2,0.019014136318280844,0.019014136318280844,28139,below_0p80,False,
individual,distance_to_crossing_line_m,veh2_lateral_x_m,0.01894020531066332,0.01894020531066332,25253,below_0p80,False,
individual,veh2_ttc_capped_sec,veh1_history_observed_fraction,0.01890705664015033,0.01890705664015033,28139,below_0p80,False,
individual,current_vx_mps,veh3_closing_speed_mps,-0.01886059250180323,0.01886059250180323,23634,below_0p80,False,
individual,history_vy_slope_mps2,history_y_displacement_m,0.018536280952398215,0.018536280952398215,28139,below_0p80,False,
individual,current_vx_mps,veh3_history_front_y_change_m,0.018505535166115465,0.018505535166115465,23634,below_0p80,False,
individual,history_y_displacement_m,stopped_vehicle_count,-0.01844664860049887,0.01844664860049887,28139,below_0p80,False,
individual,current_speed_mps,veh1_history_observed_fraction,0.018266697506995937,0.018266697506995937,28139,below_0p80,False,
individual,history_observed_fraction,veh3_lateral_x_m,-0.01808736109411931,0.01808736109411931,23634,below_0p80,False,
individual,history_vy_slope_mps2,waiting_band_dwell_sec,-0.01806851357700957,0.01806851357700957,28139,below_0p80,False,
individual,current_vx_mps,veh2_speed_mps,-0.017919957607923767,0.017919957607923767,25003,below_0p80,False,
individual,history_observed_fraction,veh3_history_front_y_change_m,0.01786454508597668,0.01786454508597668,23634,below_0p80,False,
individual,history_observed_fraction,veh3_closing_speed_mps,-0.017835850626044165,0.017835850626044165,23634,below_0p80,False,
individual,history_mean_vy_mps,stopped_vehicle_count,-0.01777341402020325,0.01777341402020325,28139,below_0p80,False,
individual,history_mean_vx_mps,history_vy_slope_mps2,0.017648093638959944,0.017648093638959944,28139,below_0p80,False,
individual,history_speed_std_mps,veh1_history_observed_fraction,0.017637483577953358,0.017637483577953358,28139,below_0p80,False,
individual,history_speed_std_mps,veh3_speed_mps,0.017435879436510586,0.017435879436510586,23455,below_0p80,False,
individual,history_observed_fraction,veh2_front_y_m,0.01733397017666774,0.01733397017666774,25253,below_0p80,False,
individual,history_max_unobserved_gap_sec,veh2_front_y_m,-0.01731589899976365,0.01731589899976365,25253,below_0p80,False,
individual,history_vy_slope_mps2,veh2_history_front_y_change_m,0.01704190185959316,0.01704190185959316,25253,below_0p80,False,
individual,current_vy_mps,veh3_lateral_x_m,0.016878819882377043,0.016878819882377043,23634,below_0p80,False,
individual,history_vy_slope_mps2,veh1_history_front_y_change_m,0.016849024813557798,0.016849024813557798,26792,below_0p80,False,
individual,history_vy_slope_mps2,veh2_closing_speed_mps,-0.01674378314311702,0.01674378314311702,25253,below_0p80,False,
individual,history_max_unobserved_gap_sec,veh3_closing_speed_mps,0.01665588589231778,0.01665588589231778,23634,below_0p80,False,
individual,history_max_unobserved_gap_sec,veh3_lateral_x_m,0.016589563910050596,0.016589563910050596,23634,below_0p80,False,
individual,history_speed_std_mps,veh2_history_observed_fraction,0.01651854604888243,0.01651854604888243,28139,below_0p80,False,
individual,current_x_m,active_vehicle_count,-0.016341970720595476,0.016341970720595476,28139,below_0p80,False,
individual,history_mean_speed_mps,veh3_front_y_m,-0.016297404191282158,0.016297404191282158,23634,below_0p80,False,
individual,history_max_unobserved_gap_sec,veh3_history_front_y_change_m,-0.016049908604333515,0.016049908604333515,23634,below_0p80,False,
individual,veh3_lateral_x_m,veh1_ttc_capped_sec,-0.01599628638596459,0.01599628638596459,23634,below_0p80,False,
individual,current_vx_mps,veh3_ttc_capped_sec,0.015922471606024897,0.015922471606024897,28139,below_0p80,False,
individual,history_interpolated_fraction,veh3_front_y_m,-0.01586602368438538,0.01586602368438538,23634,below_0p80,False,
individual,history_x_displacement_m,veh3_history_front_y_change_m,0.0158577753207019,0.0158577753207019,23634,below_0p80,False,
individual,history_vy_slope_mps2,veh3_ttc_capped_sec,0.015441649202642654,0.015441649202642654,28139,below_0p80,False,
individual,history_mean_vx_mps,history_max_unobserved_gap_sec,0.01535204483463957,0.01535204483463957,28139,below_0p80,False,
individual,current_vx_mps,veh3_history_mean_front_y_m,-0.0151766267788138,0.0151766267788138,23634,below_0p80,False,
individual,history_vy_slope_mps2,veh1_history_mean_front_y_m,-0.015113423102520646,0.015113423102520646,26792,below_0p80,False,
individual,current_speed_mps,veh2_front_y_m,-0.014862222301186183,0.014862222301186183,25253,below_0p80,False,
individual,history_mean_speed_mps,veh2_history_observed_fraction,0.01483177313969217,0.01483177313969217,28139,below_0p80,False,
individual,history_interpolated_fraction,veh3_history_mean_front_y_m,-0.014821101325363406,0.014821101325363406,23634,below_0p80,False,
individual,history_mean_vx_mps,history_observed_fraction,-0.014690212910509851,0.014690212910509851,28139,below_0p80,False,
individual,current_vy_mps,veh3_history_observed_fraction,-0.0146633311648846,0.0146633311648846,28139,below_0p80,False,
individual,history_mean_vx_mps,veh3_history_front_y_change_m,0.014641745818125022,0.014641745818125022,23634,below_0p80,False,
individual,distance_to_crossing_line_m,veh3_closing_speed_mps,-0.014560425811623883,0.014560425811623883,23634,below_0p80,False,
individual,history_interpolated_fraction,veh2_history_front_y_change_m,0.014437623274344773,0.014437623274344773,25253,below_0p80,False,
individual,history_vy_slope_mps2,veh1_front_y_m,-0.014429007383680949,0.014429007383680949,26792,below_0p80,False,
individual,history_x_displacement_m,stopped_vehicle_count,0.014275251892051833,0.014275251892051833,28139,below_0p80,False,
individual,history_vy_slope_mps2,veh2_history_observed_fraction,-0.014163209916194745,0.014163209916194745,28139,below_0p80,False,
individual,history_mean_speed_mps,history_y_displacement_m,0.014157438655549305,0.014157438655549305,28139,below_0p80,False,
individual,history_max_unobserved_gap_sec,veh3_front_y_m,-0.01415652474627891,0.01415652474627891,23634,below_0p80,False,
individual,current_vx_mps,veh2_ttc_capped_sec,0.014112435629964875,0.014112435629964875,28139,below_0p80,False,
individual,current_speed_mps,veh2_history_observed_fraction,0.013842999606434108,0.013842999606434108,28139,below_0p80,False,
individual,current_x_m,current_vx_mps,-0.013836573331686332,0.013836573331686332,28139,below_0p80,False,
individual,history_mean_vy_mps,history_vy_slope_mps2,-0.013735098880629973,0.013735098880629973,28139,below_0p80,False,
individual,veh3_lateral_x_m,veh3_front_y_m,-0.01373155855929711,0.01373155855929711,23634,below_0p80,False,
individual,history_mean_speed_mps,stopped_vehicle_count,0.013697352249983991,0.013697352249983991,28139,below_0p80,False,
individual,history_observed_fraction,veh2_history_mean_front_y_m,0.013694784593098254,0.013694784593098254,25253,below_0p80,False,
individual,current_vx_mps,veh1_speed_mps,-0.01367926350741662,0.01367926350741662,26557,below_0p80,False,
individual,history_observed_fraction,veh3_front_y_m,0.013630934105682415,0.013630934105682415,23634,below_0p80,False,
individual,current_vx_mps,current_speed_mps,0.013510880735678129,0.013510880735678129,28139,below_0p80,False,
individual,history_vy_slope_mps2,veh2_speed_mps,-0.013455827486029304,0.013455827486029304,25003,below_0p80,False,
individual,history_vy_slope_mps2,veh1_speed_mps,-0.013445164233188379,0.013445164233188379,26557,below_0p80,False,
individual,history_mean_vx_mps,stopped_vehicle_count,0.013328557838013125,0.013328557838013125,28139,below_0p80,False,
individual,history_max_unobserved_gap_sec,veh2_history_mean_front_y_m,-0.013196055445835502,0.013196055445835502,25253,below_0p80,False,
individual,approaching_vehicle_count,veh3_front_y_m,0.013071747233754693,0.013071747233754693,23634,below_0p80,False,
individual,history_x_displacement_m,veh3_speed_mps,-0.012939966869353005,0.012939966869353005,23455,below_0p80,False,
individual,history_x_displacement_m,history_max_unobserved_gap_sec,0.012899456830107002,0.012899456830107002,28139,below_0p80,False,
individual,history_vy_slope_mps2,veh2_history_mean_front_y_m,-0.012894174791929022,0.012894174791929022,25253,below_0p80,False,
individual,history_vy_slope_mps2,history_x_displacement_m,0.01287940711207282,0.01287940711207282,28139,below_0p80,False,
individual,history_vy_slope_mps2,veh3_front_y_m,-0.012850157929404095,0.012850157929404095,23634,below_0p80,False,
individual,veh3_lateral_x_m,veh2_history_mean_front_y_m,-0.012620855104392698,0.012620855104392698,23634,below_0p80,False,
individual,current_vx_mps,history_max_unobserved_gap_sec,0.01244236609571597,0.01244236609571597,28139,below_0p80,False,
individual,history_x_displacement_m,history_observed_fraction,-0.012417274994797431,0.012417274994797431,28139,below_0p80,False,
individual,history_observed_fraction,veh2_speed_mps,-0.012182373393831474,0.012182373393831474,25003,below_0p80,False,
individual,history_interpolated_fraction,veh3_history_front_y_change_m,-0.012178674536084065,0.012178674536084065,23634,below_0p80,False,
individual,history_interpolated_fraction,veh2_closing_speed_mps,-0.012161117884473898,0.012161117884473898,25253,below_0p80,False,
individual,history_max_unobserved_gap_sec,veh2_speed_mps,0.011932795960026206,0.011932795960026206,25003,below_0p80,False,
individual,current_vx_mps,veh2_front_y_m,-0.01190424189768973,0.01190424189768973,25253,below_0p80,False,
individual,current_vy_mps,approaching_vehicle_count,-0.01187579257977752,0.01187579257977752,28139,below_0p80,False,
individual,current_speed_mps,history_mean_vx_mps,-0.011858510045620954,0.011858510045620954,28139,below_0p80,False,
individual,history_x_displacement_m,veh2_history_mean_front_y_m,-0.011851601935574588,0.011851601935574588,25253,below_0p80,False,
individual,history_mean_vx_mps,veh3_speed_mps,-0.011788336525576457,0.011788336525576457,23455,below_0p80,False,
individual,history_mean_vx_mps,veh2_history_mean_front_y_m,-0.011350636709620023,0.011350636709620023,25253,below_0p80,False,
individual,history_x_displacement_m,veh2_ttc_capped_sec,0.011323226691848636,0.011323226691848636,28139,below_0p80,False,
individual,waiting_band_dwell_sec,veh1_history_front_y_change_m,-0.011034932587278804,0.011034932587278804,26792,below_0p80,False,
individual,history_vy_slope_mps2,veh3_speed_mps,-0.011024525950818164,0.011024525950818164,23455,below_0p80,False,
individual,current_vx_mps,history_observed_fraction,-0.011002298005557312,0.011002298005557312,28139,below_0p80,False,
individual,waiting_band_dwell_sec,veh1_ttc_capped_sec,-0.010716746370267784,0.010716746370267784,28139,below_0p80,False,
individual,veh3_lateral_x_m,veh2_history_observed_fraction,0.010677671886965535,0.010677671886965535,23634,below_0p80,False,
individual,history_vy_slope_mps2,veh3_closing_speed_mps,-0.010645810667644,0.010645810667644,23634,below_0p80,False,
individual,history_speed_std_mps,veh3_front_y_m,0.010627479913494145,0.010627479913494145,23634,below_0p80,False,
individual,current_vx_mps,veh2_closing_speed_mps,-0.010612100509015376,0.010612100509015376,25253,below_0p80,False,
individual,history_observed_fraction,veh3_speed_mps,-0.010561768774628224,0.010561768774628224,23455,below_0p80,False,
individual,distance_to_crossing_line_m,veh3_history_front_y_change_m,0.01054549012310367,0.01054549012310367,23634,below_0p80,False,
individual,current_vx_mps,veh1_ttc_capped_sec,0.010422379868951866,0.010422379868951866,28139,below_0p80,False,
individual,history_vy_slope_mps2,veh3_history_mean_front_y_m,-0.010413282266482266,0.010413282266482266,23634,below_0p80,False,
individual,veh3_lateral_x_m,veh3_history_mean_front_y_m,0.010391678354005604,0.010391678354005604,23634,below_0p80,False,
individual,current_vy_mps,veh3_ttc_capped_sec,0.010338363680153659,0.010338363680153659,28139,below_0p80,False,
individual,history_mean_vy_mps,veh3_front_y_m,0.010065493902698298,0.010065493902698298,23634,below_0p80,False,
individual,history_vy_slope_mps2,veh3_history_observed_fraction,-0.009992620988804006,0.009992620988804006,28139,below_0p80,False,
individual,current_vy_mps,veh1_history_mean_front_y_m,0.009930569514400047,0.009930569514400047,26792,below_0p80,False,
individual,history_y_displacement_m,veh3_front_y_m,0.00991218777258054,0.00991218777258054,23634,below_0p80,False,
individual,stopped_vehicle_count,veh2_lateral_x_m,0.009887650521599983,0.009887650521599983,25253,below_0p80,False,
individual,current_speed_mps,history_x_displacement_m,-0.009878416770783325,0.009878416770783325,28139,below_0p80,False,
individual,history_mean_vx_mps,veh2_ttc_capped_sec,0.009843365204016966,0.009843365204016966,28139,below_0p80,False,
individual,current_vx_mps,stopped_vehicle_count,0.009790207058929927,0.009790207058929927,28139,below_0p80,False,
individual,current_vx_mps,veh2_history_front_y_change_m,0.00976478923177155,0.00976478923177155,25253,below_0p80,False,
individual,history_x_displacement_m,veh3_closing_speed_mps,-0.009633576143992628,0.009633576143992628,23634,below_0p80,False,
individual,distance_to_crossing_line_m,veh3_history_mean_front_y_m,-0.009612823565888343,0.009612823565888343,23634,below_0p80,False,
individual,history_x_displacement_m,veh2_closing_speed_mps,-0.00953287627597691,0.00953287627597691,25253,below_0p80,False,
individual,history_mean_vy_mps,history_mean_speed_mps,0.009507467432767753,0.009507467432767753,28139,below_0p80,False,
individual,waiting_band_dwell_sec,veh3_front_y_m,0.00939084431328965,0.00939084431328965,23634,below_0p80,False,
individual,history_speed_std_mps,approaching_vehicle_count,0.009360461346761505,0.009360461346761505,28139,below_0p80,False,
individual,history_vy_slope_mps2,veh3_history_front_y_change_m,0.00922830936970367,0.00922830936970367,23634,below_0p80,False,
individual,current_vy_mps,veh1_front_y_m,0.0091305654211297,0.0091305654211297,26792,below_0p80,False,
individual,current_vy_mps,waiting_low_speed_time_sec,0.009060937375137468,0.009060937375137468,28139,below_0p80,False,
individual,history_mean_vy_mps,veh2_front_y_m,0.00903779231017896,0.00903779231017896,25253,below_0p80,False,
individual,history_mean_vx_mps,veh3_closing_speed_mps,-0.0089887379620982,0.0089887379620982,23634,below_0p80,False,
individual,current_vx_mps,veh1_history_mean_front_y_m,-0.008920164180668986,0.008920164180668986,26792,below_0p80,False,
individual,history_x_displacement_m,veh2_speed_mps,-0.008895412476168403,0.008895412476168403,25003,below_0p80,False,
individual,history_x_displacement_m,veh3_ttc_capped_sec,0.008837346525909968,0.008837346525909968,28139,below_0p80,False,
individual,history_x_displacement_m,veh2_lateral_x_m,-0.00882351513642952,0.00882351513642952,25253,below_0p80,False,
individual,history_max_unobserved_gap_sec,veh3_speed_mps,0.00877024138071091,0.00877024138071091,23455,below_0p80,False,
individual,current_vy_mps,veh2_history_observed_fraction,-0.008758774313692026,0.008758774313692026,28139,below_0p80,False,
individual,approaching_vehicle_count,stopped_vehicle_count,-0.008741192482042527,0.008741192482042527,28139,below_0p80,False,
individual,history_interpolated_fraction,veh3_closing_speed_mps,0.008713428376991145,0.008713428376991145,23634,below_0p80,False,
individual,current_vy_mps,veh2_ttc_capped_sec,0.008685257480703862,0.008685257480703862,28139,below_0p80,False,
individual,history_vy_slope_mps2,veh3_lateral_x_m,-0.008642891727327054,0.008642891727327054,23634,below_0p80,False,
individual,current_vx_mps,veh3_front_y_m,-0.008636957325597409,0.008636957325597409,23634,below_0p80,False,
individual,history_max_unobserved_gap_sec,veh1_speed_mps,-0.008561487035342754,0.008561487035342754,26557,below_0p80,False,
individual,history_observed_fraction,veh1_speed_mps,0.008524279371912658,0.008524279371912658,26557,below_0p80,False,
individual,history_max_unobserved_gap_sec,veh3_history_mean_front_y_m,-0.008408280830278897,0.008408280830278897,23634,below_0p80,False,
individual,history_interpolated_fraction,veh1_ttc_capped_sec,0.008194820188736691,0.008194820188736691,28139,below_0p80,False,
individual,history_max_unobserved_gap_sec,veh1_ttc_capped_sec,-0.008109343047572316,0.008109343047572316,28139,below_0p80,False,
individual,history_mean_vx_mps,veh2_closing_speed_mps,-0.008072541791502902,0.008072541791502902,25253,below_0p80,False,
individual,history_mean_vx_mps,veh1_history_observed_fraction,0.008069033735937193,0.008069033735937193,28139,below_0p80,False,
individual,waiting_band_dwell_sec,veh2_front_y_m,0.00802816941970659,0.00802816941970659,25253,below_0p80,False,
individual,history_y_displacement_m,veh2_front_y_m,0.00794379444381857,0.00794379444381857,25253,below_0p80,False,
individual,current_vx_mps,veh1_closing_speed_mps,-0.007833093308302931,0.007833093308302931,26792,below_0p80,False,
individual,history_mean_vx_mps,veh3_ttc_capped_sec,0.007817724701408244,0.007817724701408244,28139,below_0p80,False,
individual,current_vx_mps,veh1_front_y_m,-0.007765646808787666,0.007765646808787666,26792,below_0p80,False,
individual,veh1_front_y_m,veh3_ttc_capped_sec,0.007700229073145517,0.007700229073145517,26792,below_0p80,False,
individual,history_x_displacement_m,veh1_ttc_capped_sec,0.00769241171146699,0.00769241171146699,28139,below_0p80,False,
individual,history_mean_vx_mps,veh2_speed_mps,-0.0074725770618651825,0.0074725770618651825,25003,below_0p80,False,
individual,history_observed_fraction,veh3_history_mean_front_y_m,0.0073952189738443275,0.0073952189738443275,23634,below_0p80,False,
individual,distance_to_crossing_line_m,current_vy_mps,-0.007332575417132794,0.007332575417132794,28139,below_0p80,False,
individual,current_vy_mps,history_mean_speed_mps,0.007170150699129358,0.007170150699129358,28139,below_0p80,False,
individual,history_mean_vx_mps,veh2_lateral_x_m,-0.007169676768190024,0.007169676768190024,25253,below_0p80,False,
individual,veh2_lateral_x_m,veh3_closing_speed_mps,0.007034888843754437,0.007034888843754437,23634,below_0p80,False,
individual,history_mean_vy_mps,active_vehicle_count,0.00689558400404811,0.00689558400404811,28139,below_0p80,False,
individual,history_y_displacement_m,veh3_history_observed_fraction,-0.0067964085785050185,0.0067964085785050185,28139,below_0p80,False,
individual,history_observed_fraction,veh1_ttc_capped_sec,0.00674613814605298,0.00674613814605298,28139,below_0p80,False,
individual,current_x_m,distance_to_crossing_line_m,-0.006719145529851964,0.006719145529851964,28139,below_0p80,False,
individual,history_mean_vy_mps,veh1_history_observed_fraction,-0.006666930076851001,0.006666930076851001,28139,below_0p80,False,
individual,history_speed_std_mps,veh2_front_y_m,0.006648433940564673,0.006648433940564673,25253,below_0p80,False,
individual,current_x_m,history_vy_slope_mps2,0.006590670534151944,0.006590670534151944,28139,below_0p80,False,
individual,current_vx_mps,active_vehicle_count,-0.006582092986810961,0.006582092986810961,28139,below_0p80,False,
individual,history_x_displacement_m,veh1_speed_mps,-0.00636861348813038,0.00636861348813038,26557,below_0p80,False,
individual,current_vx_mps,history_speed_std_mps,-0.006324522144606959,0.006324522144606959,28139,below_0p80,False,
individual,current_vy_mps,veh1_ttc_capped_sec,0.006256433474116943,0.006256433474116943,28139,below_0p80,False,
individual,history_x_displacement_m,veh1_history_observed_fraction,0.006225066435648088,0.006225066435648088,28139,below_0p80,False,
individual,history_x_displacement_m,veh3_history_mean_front_y_m,-0.0062027050997998075,0.0062027050997998075,23634,below_0p80,False,
individual,history_mean_vx_mps,veh1_ttc_capped_sec,0.006189609498009669,0.006189609498009669,28139,below_0p80,False,
individual,history_vy_slope_mps2,veh2_lateral_x_m,-0.006122279117269099,0.006122279117269099,25253,below_0p80,False,
individual,history_y_displacement_m,veh1_history_observed_fraction,-0.006075310167313516,0.006075310167313516,28139,below_0p80,False,
individual,history_mean_vy_mps,veh3_history_observed_fraction,-0.006048259757206012,0.006048259757206012,28139,below_0p80,False,
individual,current_vy_mps,history_speed_std_mps,0.005903200536294476,0.005903200536294476,28139,below_0p80,False,
individual,history_y_displacement_m,active_vehicle_count,0.005902626079710981,0.005902626079710981,28139,below_0p80,False,
individual,history_mean_vx_mps,veh1_history_front_y_change_m,-0.005810325192690533,0.005810325192690533,26792,below_0p80,False,
individual,history_mean_vx_mps,veh3_history_mean_front_y_m,-0.005628536459764172,0.005628536459764172,23634,below_0p80,False,
individual,history_vy_slope_mps2,veh2_front_y_m,-0.005353688498825169,0.005353688498825169,25253,below_0p80,False,
individual,current_speed_mps,history_vy_slope_mps2,-0.005303554026420991,0.005303554026420991,28139,below_0p80,False,
individual,window_low_speed_fraction,veh1_history_observed_fraction,-0.005292845146720711,0.005292845146720711,28139,below_0p80,False,
individual,current_vx_mps,window_low_speed_fraction,0.005201197190492296,0.005201197190492296,28139,below_0p80,False,
individual,history_mean_speed_mps,veh1_closing_speed_mps,-0.005019199436607867,0.005019199436607867,26792,below_0p80,False,
individual,history_max_unobserved_gap_sec,veh2_closing_speed_mps,0.00489588549958021,0.00489588549958021,25253,below_0p80,False,
individual,history_x_displacement_m,veh1_history_front_y_change_m,-0.004884674563717504,0.004884674563717504,26792,below_0p80,False,
individual,history_mean_vx_mps,veh3_history_observed_fraction,0.004868600326355452,0.004868600326355452,28139,below_0p80,False,
individual,current_vy_mps,veh3_history_mean_front_y_m,0.004761058422568382,0.004761058422568382,23634,below_0p80,False,
individual,current_vy_mps,veh1_history_front_y_change_m,0.004755732749814618,0.004755732749814618,26792,below_0p80,False,
individual,current_vy_mps,veh1_closing_speed_mps,-0.00473851964645422,0.00473851964645422,26792,below_0p80,False,
individual,history_x_displacement_m,history_interpolated_fraction,-0.004662519080208372,0.004662519080208372,28139,below_0p80,False,
individual,history_observed_fraction,veh2_closing_speed_mps,-0.004638131209451411,0.004638131209451411,25253,below_0p80,False,
individual,history_mean_vx_mps,veh1_speed_mps,-0.0046162984024225966,0.0046162984024225966,26557,below_0p80,False,
individual,history_vy_slope_mps2,veh1_history_observed_fraction,-0.004583333346587253,0.004583333346587253,28139,below_0p80,False,
individual,current_vy_mps,veh1_speed_mps,0.004549181059406502,0.004549181059406502,26557,below_0p80,False,
individual,history_max_unobserved_gap_sec,veh2_history_front_y_change_m,-0.004445550580671442,0.004445550580671442,25253,below_0p80,False,
individual,current_vx_mps,veh1_history_observed_fraction,0.004418088765771779,0.004418088765771779,28139,below_0p80,False,
individual,history_mean_speed_mps,veh1_history_front_y_change_m,-0.004407822047909563,0.004407822047909563,26792,below_0p80,False,
individual,distance_to_crossing_line_m,veh3_front_y_m,-0.0043002107341492315,0.0043002107341492315,23634,below_0p80,False,
individual,veh1_lateral_x_m,veh3_history_mean_front_y_m,-0.004282858446637598,0.004282858446637598,23634,below_0p80,False,
individual,history_x_displacement_m,veh3_history_observed_fraction,0.004259877034814075,0.004259877034814075,28139,below_0p80,False,
individual,current_vy_mps,veh3_front_y_m,0.004216976678634818,0.004216976678634818,23634,below_0p80,False,
individual,current_vx_mps,veh1_lateral_x_m,-0.0041653349718902685,0.0041653349718902685,26792,below_0p80,False,
individual,history_interpolated_fraction,veh3_speed_mps,0.0041354131070855836,0.0041354131070855836,23455,below_0p80,False,
individual,history_mean_vx_mps,veh2_front_y_m,-0.004078966522102989,0.004078966522102989,25253,below_0p80,False,
individual,history_x_displacement_m,veh2_history_front_y_change_m,0.003994315509062371,0.003994315509062371,25253,below_0p80,False,
individual,current_vy_mps,active_vehicle_count,-0.0038494339716947275,0.0038494339716947275,28139,below_0p80,False,
individual,history_x_displacement_m,veh2_front_y_m,-0.0038261173992481376,0.0038261173992481376,25253,below_0p80,False,
individual,history_x_displacement_m,veh3_lateral_x_m,-0.003751687433502165,0.003751687433502165,23634,below_0p80,False,
individual,current_vy_mps,veh2_closing_speed_mps,-0.00374726737659804,0.00374726737659804,25253,below_0p80,False,
individual,veh1_lateral_x_m,veh2_ttc_capped_sec,-0.003639418074527687,0.003639418074527687,26792,below_0p80,False,
individual,current_speed_mps,active_vehicle_count,-0.0035006582291618026,0.0035006582291618026,28139,below_0p80,False,
individual,current_vy_mps,veh2_history_mean_front_y_m,0.00345368158815553,0.00345368158815553,25253,below_0p80,False,
individual,history_observed_fraction,veh2_history_front_y_change_m,0.0034441482387786125,0.0034441482387786125,25253,below_0p80,False,
individual,current_vy_mps,stopped_vehicle_count,-0.0033935752406883193,0.0033935752406883193,28139,below_0p80,False,
individual,current_vy_mps,veh1_history_observed_fraction,-0.0033506953494923776,0.0033506953494923776,28139,below_0p80,False,
individual,veh1_lateral_x_m,veh3_front_y_m,-0.003330512093930863,0.003330512093930863,23634,below_0p80,False,
individual,veh2_lateral_x_m,veh3_history_front_y_change_m,0.003225886800392624,0.003225886800392624,23634,below_0p80,False,
individual,history_x_displacement_m,veh1_closing_speed_mps,-0.0029686035769245383,0.0029686035769245383,26792,below_0p80,False,
individual,history_mean_vx_mps,veh3_lateral_x_m,-0.002949615183126612,0.002949615183126612,23634,below_0p80,False,
individual,history_mean_vx_mps,veh2_history_front_y_change_m,0.002882389773311139,0.002882389773311139,25253,below_0p80,False,
individual,history_vy_slope_mps2,stopped_vehicle_count,0.0028691025255084593,0.0028691025255084593,28139,below_0p80,False,
individual,distance_to_crossing_line_m,history_mean_vx_mps,-0.0028535029472574595,0.0028535029472574595,28139,below_0p80,False,
individual,current_vy_mps,veh3_closing_speed_mps,-0.002837801382085478,0.002837801382085478,23634,below_0p80,False,
individual,waiting_low_speed_time_sec,active_vehicle_count,-0.0027946329400152913,0.0027946329400152913,28139,below_0p80,False,
individual,history_x_displacement_m,veh2_history_observed_fraction,-0.002792171966233008,0.002792171966233008,28139,below_0p80,False,
individual,history_mean_vx_mps,history_interpolated_fraction,-0.002775322562372712,0.002775322562372712,28139,below_0p80,False,
individual,history_interpolated_fraction,veh2_lateral_x_m,0.0026454092257022725,0.0026454092257022725,25253,below_0p80,False,
individual,current_vy_mps,veh2_history_front_y_change_m,0.002539213339027765,0.002539213339027765,25253,below_0p80,False,
individual,history_mean_vx_mps,veh1_lateral_x_m,0.0025219906590599962,0.0025219906590599962,26792,below_0p80,False,
individual,current_vy_mps,window_low_speed_fraction,-0.0025164289776284593,0.0025164289776284593,28139,below_0p80,False,
individual,current_vx_mps,history_mean_speed_mps,-0.0024500218421491067,0.0024500218421491067,28139,below_0p80,False,
individual,distance_to_crossing_line_m,veh3_speed_mps,-0.0023767959780659344,0.0023767959780659344,23455,below_0p80,False,
individual,history_x_displacement_m,veh1_history_mean_front_y_m,-0.0023610407047005852,0.0023610407047005852,26792,below_0p80,False,
individual,history_x_displacement_m,veh1_lateral_x_m,0.0023305742564592442,0.0023305742564592442,26792,below_0p80,False,
individual,distance_to_crossing_line_m,current_vx_mps,-0.0022393532574219747,0.0022393532574219747,28139,below_0p80,False,
individual,history_mean_vx_mps,veh2_history_observed_fraction,-0.0021519983634414636,0.0021519983634414636,28139,below_0p80,False,
individual,history_interpolated_fraction,veh2_speed_mps,-0.0021500229248556917,0.0021500229248556917,25003,below_0p80,False,
individual,current_vy_mps,veh2_speed_mps,0.002015470290255366,0.002015470290255366,25003,below_0p80,False,
individual,veh1_lateral_x_m,veh3_speed_mps,-0.0019790916616403025,0.0019790916616403025,23455,below_0p80,False,
individual,current_vy_mps,veh2_front_y_m,0.0018634877992256072,0.0018634877992256072,25253,below_0p80,False,
individual,history_mean_vx_mps,veh1_front_y_m,0.0018035667073784266,0.0018035667073784266,26792,below_0p80,False,
individual,history_x_displacement_m,approaching_vehicle_count,-0.0017779367648166045,0.0017779367648166045,28139,below_0p80,False,
individual,veh2_lateral_x_m,veh1_history_observed_fraction,0.001678897148211592,0.001678897148211592,25253,below_0p80,False,
individual,distance_to_crossing_line_m,history_x_displacement_m,-0.0015983648883381508,0.0015983648883381508,28139,below_0p80,False,
individual,current_vx_mps,veh2_history_observed_fraction,-0.0015253034144720502,0.0015253034144720502,28139,below_0p80,False,
individual,current_vx_mps,veh3_history_observed_fraction,0.001468294650403048,0.001468294650403048,28139,below_0p80,False,
individual,history_mean_vx_mps,veh1_history_mean_front_y_m,-0.0014497761239161365,0.0014497761239161365,26792,below_0p80,False,
individual,history_x_displacement_m,veh1_front_y_m,0.0014223299726957464,0.0014223299726957464,26792,below_0p80,False,
individual,history_vy_slope_mps2,veh1_lateral_x_m,0.001369985160200032,0.001369985160200032,26792,below_0p80,False,
individual,current_vx_mps,veh1_history_front_y_change_m,0.0013477640162128733,0.0013477640162128733,26792,below_0p80,False,
individual,history_mean_vx_mps,veh1_closing_speed_mps,-0.0013053659528846006,0.0013053659528846006,26792,below_0p80,False,
individual,history_mean_vx_mps,approaching_vehicle_count,0.0011695746044364781,0.0011695746044364781,28139,below_0p80,False,
individual,current_vy_mps,veh3_history_front_y_change_m,-0.0009008896270566505,0.0009008896270566505,23634,below_0p80,False,
individual,history_observed_fraction,veh2_lateral_x_m,-0.0008977134684742983,0.0008977134684742983,25253,below_0p80,False,
individual,current_vy_mps,veh3_speed_mps,0.0008297075812149537,0.0008297075812149537,23455,below_0p80,False,
individual,history_y_displacement_m,veh2_history_observed_fraction,0.0008198712808892011,0.0008198712808892011,28139,below_0p80,False,
individual,window_low_speed_fraction,veh2_history_observed_fraction,-0.0007914740485938074,0.0007914740485938074,28139,below_0p80,False,
individual,history_mean_vx_mps,veh3_front_y_m,0.0003343412313582202,0.0003343412313582202,23634,below_0p80,False,
individual,history_x_displacement_m,veh3_front_y_m,-0.00021369106995394746,0.00021369106995394746,23634,below_0p80,False,
individual,current_x_m,current_vy_mps,0.00020195291991420837,0.00020195291991420837,28139,below_0p80,False,
individual,current_vx_mps,history_interpolated_fraction,-0.00018709249833640546,0.00018709249833640546,28139,below_0p80,False,
individual,history_mean_vy_mps,veh2_history_observed_fraction,0.00016912954839434755,0.00016912954839434755,28139,below_0p80,False,
individual,current_speed_mps,veh1_ttc_capped_sec,9.21510419780443e-05,9.21510419780443e-05,28139,below_0p80,False,
individual,history_max_unobserved_gap_sec,veh2_lateral_x_m,5.37697332489738e-05,5.37697332489738e-05,25253,below_0p80,False,
