dataset,feature_1,feature_2,spearman_rho,absolute_rho,pairwise_nonmissing_n,screening_zone,automatic_deletion,review_note
group_snapshot,raw_waiting_band_eligible_member_count,cohort_eligible_member_count,1.0,1.0,3691,hard_same_concept_review_ge_0p90,False,Same-concept status and representative require explicit review.
group_snapshot,member_history_observed_fraction_max,member_history_max_unobserved_gap_sec_min,-0.9987737695666412,0.9987737695666412,3691,hard_same_concept_review_ge_0p90,False,Same-concept status and representative require explicit review.
group_snapshot,member_history_observed_fraction_mean,member_history_max_unobserved_gap_sec_mean,-0.9942907190081886,0.9942907190081886,3691,hard_same_concept_review_ge_0p90,False,Same-concept status and representative require explicit review.
group_snapshot,member_history_mean_vy_mps_min,member_history_y_displacement_m_min,0.991866444112743,0.991866444112743,3691,hard_same_concept_review_ge_0p90,False,Same-concept status and representative require explicit review.
group_snapshot,member_waiting_low_speed_time_sec_mean,member_waiting_low_speed_time_sec_max,0.9914323916432337,0.9914323916432337,3691,hard_same_concept_review_ge_0p90,False,Same-concept status and representative require explicit review.
group_snapshot,member_history_mean_vy_mps_mean,member_history_y_displacement_m_mean,0.991427310834334,0.991427310834334,3691,hard_same_concept_review_ge_0p90,False,Same-concept status and representative require explicit review.
group_snapshot,member_history_observed_fraction_min,member_history_max_unobserved_gap_sec_max,-0.9913802711683708,0.9913802711683708,3691,hard_same_concept_review_ge_0p90,False,Same-concept status and representative require explicit review.
group_snapshot,member_history_mean_vy_mps_max,member_history_y_displacement_m_max,0.9896926833215451,0.9896926833215451,3691,hard_same_concept_review_ge_0p90,False,Same-concept status and representative require explicit review.
group_snapshot,member_history_interpolated_fraction_mean,member_history_interpolated_fraction_max,0.9896318085320205,0.9896318085320205,3691,hard_same_concept_review_ge_0p90,False,Same-concept status and representative require explicit review.
group_snapshot,member_history_observed_fraction_mean,member_history_observed_fraction_min,0.9886611099390955,0.9886611099390955,3691,hard_same_concept_review_ge_0p90,False,Same-concept status and representative require explicit review.
group_snapshot,member_history_max_unobserved_gap_sec_mean,member_history_max_unobserved_gap_sec_max,0.9875466840458019,0.9875466840458019,3691,hard_same_concept_review_ge_0p90,False,Same-concept status and representative require explicit review.
group_snapshot,member_history_observed_fraction_mean,member_history_max_unobserved_gap_sec_max,-0.9828657650617251,0.9828657650617251,3691,hard_same_concept_review_ge_0p90,False,Same-concept status and representative require explicit review.
group_snapshot,member_waiting_band_dwell_sec_mean,member_waiting_band_dwell_sec_max,0.9816292482822966,0.9816292482822966,3691,hard_same_concept_review_ge_0p90,False,Same-concept status and representative require explicit review.
group_snapshot,member_history_observed_fraction_min,member_history_max_unobserved_gap_sec_mean,-0.9800912681151395,0.9800912681151395,3691,hard_same_concept_review_ge_0p90,False,Same-concept status and representative require explicit review.
group_snapshot,member_distance_to_crossing_line_m_mean,member_distance_to_crossing_line_m_min,0.977829057469692,0.977829057469692,3691,hard_same_concept_review_ge_0p90,False,Same-concept status and representative require explicit review.
group_snapshot,member_distance_to_crossing_line_m_mean,member_distance_to_crossing_line_m_max,0.9654781840468708,0.9654781840468708,3691,hard_same_concept_review_ge_0p90,False,Same-concept status and representative require explicit review.
group_snapshot,member_current_speed_mps_mean,member_current_speed_mps_max,0.9653925916687922,0.9653925916687922,3691,hard_same_concept_review_ge_0p90,False,Same-concept status and representative require explicit review.
group_snapshot,member_window_low_speed_fraction_mean,member_window_low_speed_fraction_max,0.9616344681691232,0.9616344681691232,3691,hard_same_concept_review_ge_0p90,False,Same-concept status and representative require explicit review.
group_snapshot,dbscan_centroid_y_m,member_distance_to_crossing_line_m_mean,-0.9587805308989293,0.9587805308989293,3691,hard_same_concept_review_ge_0p90,False,Same-concept status and representative require explicit review.
group_snapshot,member_history_mean_speed_mps_mean,member_history_mean_speed_mps_max,0.9457678008547146,0.9457678008547146,3691,hard_same_concept_review_ge_0p90,False,Same-concept status and representative require explicit review.
group_snapshot,dbscan_centroid_y_m,member_distance_to_crossing_line_m_min,-0.9397561879446593,0.9397561879446593,3691,hard_same_concept_review_ge_0p90,False,Same-concept status and representative require explicit review.
group_snapshot,member_waiting_band_dwell_sec_max,member_waiting_low_speed_time_sec_max,0.9240251299211916,0.9240251299211916,3691,hard_same_concept_review_ge_0p90,False,Same-concept status and representative require explicit review.
group_snapshot,member_window_low_speed_fraction_mean,member_window_low_speed_fraction_min,0.9238498174454763,0.9238498174454763,3691,hard_same_concept_review_ge_0p90,False,Same-concept status and representative require explicit review.
group_snapshot,dbscan_centroid_y_m,member_distance_to_crossing_line_m_max,-0.9212041611394695,0.9212041611394695,3691,hard_same_concept_review_ge_0p90,False,Same-concept status and representative require explicit review.
group_snapshot,member_history_mean_speed_mps_min,member_window_low_speed_fraction_max,-0.9185205748539723,0.9185205748539723,3691,hard_same_concept_review_ge_0p90,False,Same-concept status and representative require explicit review.
group_snapshot,member_waiting_band_dwell_sec_mean,member_waiting_low_speed_time_sec_mean,0.9181909844317498,0.9181909844317498,3691,hard_same_concept_review_ge_0p90,False,Same-concept status and representative require explicit review.
group_snapshot,member_history_mean_speed_mps_mean,member_history_mean_speed_mps_min,0.9179149814854913,0.9179149814854913,3691,hard_same_concept_review_ge_0p90,False,Same-concept status and representative require explicit review.
group_snapshot,veh3_speed_mps,veh3_closing_speed_mps,0.9176161310943068,0.9176161310943068,3091,hard_same_concept_review_ge_0p90,False,Same-concept status and representative require explicit review.
group_snapshot,member_waiting_band_dwell_sec_mean,member_waiting_low_speed_time_sec_max,0.9132368493742052,0.9132368493742052,3691,hard_same_concept_review_ge_0p90,False,Same-concept status and representative require explicit review.
group_snapshot,member_waiting_band_dwell_sec_max,member_waiting_low_speed_time_sec_mean,0.9087037361496538,0.9087037361496538,3691,hard_same_concept_review_ge_0p90,False,Same-concept status and representative require explicit review.
group_snapshot,member_history_mean_vy_mps_mean,member_history_mean_vy_mps_min,0.9003884680053355,0.9003884680053355,3691,hard_same_concept_review_ge_0p90,False,Same-concept status and representative require explicit review.
group_snapshot,member_history_y_displacement_m_mean,member_history_y_displacement_m_min,0.8989808377445261,0.8989808377445261,3691,manual_review_0p80_to_0p90,False,Same-concept status and representative require explicit review.
group_snapshot,veh2_speed_mps,veh2_closing_speed_mps,0.8986568741051163,0.8986568741051163,3299,manual_review_0p80_to_0p90,False,Same-concept status and representative require explicit review.
group_snapshot,member_distance_to_crossing_line_m_min,member_distance_to_crossing_line_m_max,0.8983908309497304,0.8983908309497304,3691,manual_review_0p80_to_0p90,False,Same-concept status and representative require explicit review.
group_snapshot,member_history_observed_fraction_mean,member_history_interpolated_fraction_mean,-0.894562040245621,0.894562040245621,3691,manual_review_0p80_to_0p90,False,Same-concept status and representative require explicit review.
group_snapshot,member_history_mean_vy_mps_mean,member_history_y_displacement_m_min,0.8941398515183064,0.8941398515183064,3691,manual_review_0p80_to_0p90,False,Same-concept status and representative require explicit review.
group_snapshot,member_history_mean_vy_mps_min,member_history_y_displacement_m_mean,0.8936708682657625,0.8936708682657625,3691,manual_review_0p80_to_0p90,False,Same-concept status and representative require explicit review.
group_snapshot,veh2_front_y_m,veh2_history_mean_front_y_m,0.8917484461552134,0.8917484461552134,3332,manual_review_0p80_to_0p90,False,Same-concept status and representative require explicit review.
group_snapshot,veh1_front_y_m,veh1_history_mean_front_y_m,0.8912258155705516,0.8912258155705516,3534,manual_review_0p80_to_0p90,False,Same-concept status and representative require explicit review.
group_snapshot,member_history_observed_fraction_min,member_history_interpolated_fraction_max,-0.8893754223803895,0.8893754223803895,3691,manual_review_0p80_to_0p90,False,Same-concept status and representative require explicit review.
group_snapshot,member_history_mean_speed_mps_mean,member_window_low_speed_fraction_mean,-0.8876183064568195,0.8876183064568195,3691,manual_review_0p80_to_0p90,False,Same-concept status and representative require explicit review.
group_snapshot,veh3_front_y_m,veh3_history_mean_front_y_m,0.8862061146259502,0.8862061146259502,3114,manual_review_0p80_to_0p90,False,Same-concept status and representative require explicit review.
group_snapshot,member_history_observed_fraction_mean,member_history_interpolated_fraction_max,-0.8856296848262909,0.8856296848262909,3691,manual_review_0p80_to_0p90,False,Same-concept status and representative require explicit review.
group_snapshot,member_history_mean_speed_mps_min,member_window_low_speed_fraction_mean,-0.8844823403742681,0.8844823403742681,3691,manual_review_0p80_to_0p90,False,Same-concept status and representative require explicit review.
group_snapshot,member_history_observed_fraction_max,member_history_interpolated_fraction_min,-0.8842603710809194,0.8842603710809194,3691,manual_review_0p80_to_0p90,False,Same-concept status and representative require explicit review.
group_snapshot,member_history_interpolated_fraction_mean,member_history_max_unobserved_gap_sec_mean,0.8805362515995212,0.8805362515995212,3691,manual_review_0p80_to_0p90,False,Same-concept status and representative require explicit review.
group_snapshot,member_history_interpolated_fraction_min,member_history_max_unobserved_gap_sec_min,0.87910029541388,0.87910029541388,3691,manual_review_0p80_to_0p90,False,Same-concept status and representative require explicit review.
group_snapshot,member_history_observed_fraction_min,member_history_interpolated_fraction_mean,-0.8787592047641404,0.8787592047641404,3691,manual_review_0p80_to_0p90,False,Same-concept status and representative require explicit review.
group_snapshot,member_history_y_displacement_m_mean,member_history_y_displacement_m_max,0.87709904033206,0.87709904033206,3691,manual_review_0p80_to_0p90,False,Same-concept status and representative require explicit review.
group_snapshot,member_history_mean_vy_mps_mean,member_history_mean_vy_mps_max,0.8768902131234267,0.8768902131234267,3691,manual_review_0p80_to_0p90,False,Same-concept status and representative require explicit review.
group_snapshot,veh1_speed_mps,veh1_closing_speed_mps,0.8761264748826716,0.8761264748826716,3504,manual_review_0p80_to_0p90,False,Same-concept status and representative require explicit review.
group_snapshot,member_history_interpolated_fraction_max,member_history_max_unobserved_gap_sec_max,0.8707197852053824,0.8707197852053824,3691,manual_review_0p80_to_0p90,False,Same-concept status and representative require explicit review.
group_snapshot,member_history_mean_vy_mps_max,member_history_y_displacement_m_mean,0.8706977362647216,0.8706977362647216,3691,manual_review_0p80_to_0p90,False,Same-concept status and representative require explicit review.
group_snapshot,veh3_closing_speed_mps,veh3_history_front_y_change_m,-0.8698326642975995,0.8698326642975995,3114,manual_review_0p80_to_0p90,False,Same-concept status and representative require explicit review.
group_snapshot,member_history_mean_vy_mps_mean,member_history_y_displacement_m_max,0.8695094969021231,0.8695094969021231,3691,manual_review_0p80_to_0p90,False,Same-concept status and representative require explicit review.
group_snapshot,veh2_closing_speed_mps,veh2_history_front_y_change_m,-0.8692499253629596,0.8692499253629596,3332,manual_review_0p80_to_0p90,False,Same-concept status and representative require explicit review.
group_snapshot,member_waiting_band_dwell_sec_min,member_waiting_low_speed_time_sec_min,0.8689271570172791,0.8689271570172791,3691,manual_review_0p80_to_0p90,False,Same-concept status and representative require explicit review.
group_snapshot,member_history_interpolated_fraction_max,member_history_max_unobserved_gap_sec_mean,0.868245105467097,0.868245105467097,3691,manual_review_0p80_to_0p90,False,Same-concept status and representative require explicit review.
group_snapshot,dbscan_mean_speed_mps,member_current_speed_mps_mean,0.8652469564873518,0.8652469564873518,3691,manual_review_0p80_to_0p90,False,Same-concept status and representative require explicit review.
group_snapshot,member_window_low_speed_fraction_max,member_waiting_low_speed_time_sec_mean,0.8634802768428653,0.8634802768428653,3691,manual_review_0p80_to_0p90,False,Same-concept status and representative require explicit review.
group_snapshot,member_history_interpolated_fraction_mean,member_history_max_unobserved_gap_sec_max,0.8629099659733872,0.8629099659733872,3691,manual_review_0p80_to_0p90,False,Same-concept status and representative require explicit review.
group_snapshot,member_window_low_speed_fraction_max,member_waiting_low_speed_time_sec_max,0.8612236458557958,0.8612236458557958,3691,manual_review_0p80_to_0p90,False,Same-concept status and representative require explicit review.
group_snapshot,veh3_speed_mps,veh3_history_front_y_change_m,-0.8578809311605734,0.8578809311605734,3091,manual_review_0p80_to_0p90,False,Same-concept status and representative require explicit review.
group_snapshot,veh1_closing_speed_mps,veh1_history_front_y_change_m,-0.8569354728224104,0.8569354728224104,3534,manual_review_0p80_to_0p90,False,Same-concept status and representative require explicit review.
group_snapshot,member_current_vy_mps_mean,member_current_vy_mps_min,0.8567401364082547,0.8567401364082547,3691,manual_review_0p80_to_0p90,False,Same-concept status and representative require explicit review.
group_snapshot,member_current_vy_mps_mean,member_current_vy_mps_max,0.8512396564953073,0.8512396564953073,3691,manual_review_0p80_to_0p90,False,Same-concept status and representative require explicit review.
group_snapshot,member_history_mean_speed_mps_max,member_window_low_speed_fraction_min,-0.8506531011934456,0.8506531011934456,3691,manual_review_0p80_to_0p90,False,Same-concept status and representative require explicit review.
group_snapshot,member_window_low_speed_fraction_min,member_waiting_low_speed_time_sec_min,0.8494055851516095,0.8494055851516095,3691,manual_review_0p80_to_0p90,False,Same-concept status and representative require explicit review.
group_snapshot,member_window_low_speed_fraction_mean,member_waiting_low_speed_time_sec_mean,0.8490582957319183,0.8490582957319183,3691,manual_review_0p80_to_0p90,False,Same-concept status and representative require explicit review.
group_snapshot,member_history_mean_speed_mps_mean,member_window_low_speed_fraction_min,-0.8458357475608769,0.8458357475608769,3691,manual_review_0p80_to_0p90,False,Same-concept status and representative require explicit review.
group_snapshot,member_current_speed_mps_mean,member_current_speed_mps_min,0.8408510985250621,0.8408510985250621,3691,manual_review_0p80_to_0p90,False,Same-concept status and representative require explicit review.
group_snapshot,veh3_closing_speed_mps,veh3_ttc_capped_sec,-0.8370264357710985,0.8370264357710985,3114,manual_review_0p80_to_0p90,False,Same-concept status and representative require explicit review.
group_snapshot,member_history_mean_speed_mps_mean,member_window_low_speed_fraction_max,-0.8357454737161549,0.8357454737161549,3691,manual_review_0p80_to_0p90,False,Same-concept status and representative require explicit review.
group_snapshot,member_waiting_low_speed_time_sec_mean,member_waiting_low_speed_time_sec_min,0.8346180257715352,0.8346180257715352,3691,manual_review_0p80_to_0p90,False,Same-concept status and representative require explicit review.
group_snapshot,veh2_speed_mps,veh2_history_front_y_change_m,-0.8330713854554557,0.8330713854554557,3299,manual_review_0p80_to_0p90,False,Same-concept status and representative require explicit review.
group_snapshot,member_waiting_band_dwell_sec_mean,member_waiting_band_dwell_sec_min,0.8299670075656054,0.8299670075656054,3691,manual_review_0p80_to_0p90,False,Same-concept status and representative require explicit review.
group_snapshot,veh3_speed_mps,veh3_ttc_capped_sec,-0.8256730069339075,0.8256730069339075,3091,manual_review_0p80_to_0p90,False,Same-concept status and representative require explicit review.
group_snapshot,veh1_closing_speed_mps,veh1_ttc_capped_sec,-0.8252732945015744,0.8252732945015744,3534,manual_review_0p80_to_0p90,False,Same-concept status and representative require explicit review.
group_snapshot,member_window_low_speed_fraction_mean,member_waiting_low_speed_time_sec_max,0.8232606558147789,0.8232606558147789,3691,manual_review_0p80_to_0p90,False,Same-concept status and representative require explicit review.
group_snapshot,veh2_closing_speed_mps,veh2_ttc_capped_sec,-0.8223950592655312,0.8223950592655312,3332,manual_review_0p80_to_0p90,False,Same-concept status and representative require explicit review.
group_snapshot,dbscan_mean_speed_mps,member_current_speed_mps_max,0.817706813482879,0.817706813482879,3691,manual_review_0p80_to_0p90,False,Same-concept status and representative require explicit review.
group_snapshot,veh3_ttc_capped_sec,veh3_history_front_y_change_m,0.8175019882420045,0.8175019882420045,3114,manual_review_0p80_to_0p90,False,Same-concept status and representative require explicit review.
group_snapshot,member_history_mean_speed_mps_min,member_waiting_low_speed_time_sec_mean,-0.8171918206949018,0.8171918206949018,3691,manual_review_0p80_to_0p90,False,Same-concept status and representative require explicit review.
group_snapshot,veh1_speed_mps,veh1_history_front_y_change_m,-0.8160994613603992,0.8160994613603992,3504,manual_review_0p80_to_0p90,False,Same-concept status and representative require explicit review.
group_snapshot,member_history_mean_speed_mps_min,member_waiting_low_speed_time_sec_max,-0.8142667137064209,0.8142667137064209,3691,manual_review_0p80_to_0p90,False,Same-concept status and representative require explicit review.
group_snapshot,dbscan_mean_vy_mps,member_current_vy_mps_mean,0.8078938762298856,0.8078938762298856,3691,manual_review_0p80_to_0p90,False,Same-concept status and representative require explicit review.
group_snapshot,stopped_vehicle_count,veh2_speed_mps,-0.8057187364434514,0.8057187364434514,3299,manual_review_0p80_to_0p90,False,Same-concept status and representative require explicit review.
group_snapshot,veh2_ttc_capped_sec,veh2_history_front_y_change_m,0.8050888714605855,0.8050888714605855,3332,manual_review_0p80_to_0p90,False,Same-concept status and representative require explicit review.
group_snapshot,veh1_ttc_capped_sec,veh1_history_front_y_change_m,0.8049982320733362,0.8049982320733362,3534,manual_review_0p80_to_0p90,False,Same-concept status and representative require explicit review.
group_snapshot,member_window_low_speed_fraction_mean,member_waiting_low_speed_time_sec_min,0.8012918106520063,0.8012918106520063,3691,manual_review_0p80_to_0p90,False,Same-concept status and representative require explicit review.
group_snapshot,veh2_speed_mps,veh2_ttc_capped_sec,-0.8007412189152908,0.8007412189152908,3299,manual_review_0p80_to_0p90,False,Same-concept status and representative require explicit review.
group_snapshot,veh1_speed_mps,veh1_ttc_capped_sec,-0.8002770046773797,0.8002770046773797,3504,manual_review_0p80_to_0p90,False,Same-concept status and representative require explicit review.
group_snapshot,member_window_low_speed_fraction_min,member_window_low_speed_fraction_max,0.7992387883530553,0.7992387883530553,3691,below_0p80,False,
group_snapshot,veh1_speed_mps,veh2_speed_mps,0.7922551950828961,0.7922551950828961,3277,below_0p80,False,
group_snapshot,stopped_vehicle_count,veh1_speed_mps,-0.7914043388879184,0.7914043388879184,3504,below_0p80,False,
group_snapshot,member_history_mean_speed_mps_max,member_window_low_speed_fraction_mean,-0.789535016930817,0.789535016930817,3691,below_0p80,False,
group_snapshot,stopped_vehicle_count,veh3_speed_mps,-0.7723359370242698,0.7723359370242698,3091,below_0p80,False,
group_snapshot,member_waiting_low_speed_time_sec_min,member_waiting_low_speed_time_sec_max,0.7709264567563898,0.7709264567563898,3691,below_0p80,False,
group_snapshot,member_history_mean_speed_mps_mean,member_waiting_low_speed_time_sec_min,-0.7707380601655265,0.7707380601655265,3691,below_0p80,False,
group_snapshot,member_history_mean_speed_mps_max,member_waiting_low_speed_time_sec_min,-0.7679920405651322,0.7679920405651322,3691,below_0p80,False,
group_snapshot,member_current_speed_mps_min,member_window_low_speed_fraction_max,-0.76577132068939,0.76577132068939,3691,below_0p80,False,
group_snapshot,veh1_speed_mps,veh1_history_mean_front_y_m,0.7639351671975735,0.7639351671975735,3504,below_0p80,False,
group_snapshot,stopped_vehicle_count,veh3_history_mean_front_y_m,-0.7595807498840982,0.7595807498840982,3114,below_0p80,False,
group_snapshot,member_history_mean_speed_mps_mean,member_waiting_low_speed_time_sec_mean,-0.7583668475737306,0.7583668475737306,3691,below_0p80,False,
group_snapshot,veh2_speed_mps,veh2_history_mean_front_y_m,0.7579366471649517,0.7579366471649517,3299,below_0p80,False,
group_snapshot,active_vehicle_count,stopped_vehicle_count,0.7578190782925627,0.7578190782925627,3691,below_0p80,False,
group_snapshot,dbscan_mean_speed_mps,member_current_speed_mps_min,0.7563522450304132,0.7563522450304132,3691,below_0p80,False,
group_snapshot,member_history_mean_speed_mps_min,member_history_mean_speed_mps_max,0.7558622407654463,0.7558622407654463,3691,below_0p80,False,
group_snapshot,member_waiting_band_dwell_sec_mean,member_waiting_low_speed_time_sec_min,0.753374180530658,0.753374180530658,3691,below_0p80,False,
group_snapshot,stopped_vehicle_count,veh2_closing_speed_mps,-0.7522803932786285,0.7522803932786285,3332,below_0p80,False,
group_snapshot,raw_waiting_band_eligible_member_count,eligible_member_fraction_of_group,0.7507082412831885,0.7507082412831885,3691,below_0p80,False,
group_snapshot,cohort_eligible_member_count,eligible_member_fraction_of_group,0.7507082412831885,0.7507082412831885,3691,below_0p80,False,
group_snapshot,member_current_speed_mps_min,member_history_mean_speed_mps_min,0.7471066698253097,0.7471066698253097,3691,below_0p80,False,
group_snapshot,stopped_vehicle_count,veh2_history_front_y_change_m,0.745216007601224,0.745216007601224,3332,below_0p80,False,
group_snapshot,member_waiting_band_dwell_sec_min,member_waiting_low_speed_time_sec_mean,0.738204717563245,0.738204717563245,3691,below_0p80,False,
group_snapshot,veh2_history_mean_front_y_m,veh3_history_mean_front_y_m,0.7354356912572984,0.7354356912572984,3114,below_0p80,False,
group_snapshot,member_current_speed_mps_min,member_window_low_speed_fraction_mean,-0.7352295801896549,0.7352295801896549,3691,below_0p80,False,
group_snapshot,member_waiting_band_dwell_sec_min,member_waiting_band_dwell_sec_max,0.7327551390015004,0.7327551390015004,3691,below_0p80,False,
group_snapshot,member_history_mean_speed_mps_min,member_window_low_speed_fraction_min,-0.7290530443762339,0.7290530443762339,3691,below_0p80,False,
group_snapshot,stopped_vehicle_count,veh2_history_mean_front_y_m,-0.7288093651948226,0.7288093651948226,3332,below_0p80,False,
group_snapshot,veh2_speed_mps,veh3_speed_mps,0.7283970275148266,0.7283970275148266,3066,below_0p80,False,
group_snapshot,veh1_speed_mps,veh2_closing_speed_mps,0.7263991742714199,0.7263991742714199,3306,below_0p80,False,
group_snapshot,raw_group_size,dbscan_spread_m,0.7256675745732043,0.7256675745732043,3691,below_0p80,False,
group_snapshot,member_history_mean_speed_mps_mean,member_waiting_low_speed_time_sec_max,-0.7237838768775369,0.7237838768775369,3691,below_0p80,False,
group_snapshot,member_current_speed_mps_min,member_waiting_low_speed_time_sec_max,-0.7236051195658786,0.7236051195658786,3691,below_0p80,False,
group_snapshot,member_current_speed_mps_min,member_waiting_low_speed_time_sec_mean,-0.7234644801396487,0.7234644801396487,3691,below_0p80,False,
group_snapshot,member_window_low_speed_fraction_min,member_waiting_low_speed_time_sec_mean,0.7234296979521064,0.7234296979521064,3691,below_0p80,False,
group_snapshot,veh3_speed_mps,veh3_history_mean_front_y_m,0.7219652673673538,0.7219652673673538,3091,below_0p80,False,
group_snapshot,stopped_vehicle_count,veh3_closing_speed_mps,-0.7218618164556039,0.7218618164556039,3114,below_0p80,False,
group_snapshot,veh2_closing_speed_mps,veh2_history_mean_front_y_m,0.7197571115638424,0.7197571115638424,3332,below_0p80,False,
group_snapshot,veh1_history_mean_front_y_m,veh2_history_mean_front_y_m,0.7187417893152818,0.7187417893152818,3332,below_0p80,False,
group_snapshot,stopped_vehicle_count,veh1_closing_speed_mps,-0.7183940820153946,0.7183940820153946,3534,below_0p80,False,
group_snapshot,stopped_vehicle_count,veh1_history_front_y_change_m,0.7113948662937624,0.7113948662937624,3534,below_0p80,False,
group_snapshot,member_current_speed_mps_mean,member_history_mean_speed_mps_mean,0.7099754876715795,0.7099754876715795,3691,below_0p80,False,
group_snapshot,member_window_low_speed_fraction_max,member_waiting_low_speed_time_sec_min,0.7084322113082264,0.7084322113082264,3691,below_0p80,False,
group_snapshot,stopped_vehicle_count,veh3_history_front_y_change_m,0.708336589147647,0.708336589147647,3114,below_0p80,False,
group_snapshot,member_current_speed_mps_mean,member_window_low_speed_fraction_mean,-0.707053031878913,0.707053031878913,3691,below_0p80,False,
group_snapshot,veh1_closing_speed_mps,veh1_history_mean_front_y_m,0.705924947361751,0.705924947361751,3534,below_0p80,False,
group_snapshot,veh1_speed_mps,veh2_history_front_y_change_m,-0.7049124162400403,0.7049124162400403,3306,below_0p80,False,
group_snapshot,veh1_history_mean_front_y_m,veh3_history_mean_front_y_m,0.7044749536840044,0.7044749536840044,3114,below_0p80,False,
group_snapshot,member_window_low_speed_fraction_max,member_waiting_band_dwell_sec_max,0.7019489355881485,0.7019489355881485,3691,below_0p80,False,
group_snapshot,veh1_closing_speed_mps,veh2_speed_mps,0.7018591933551483,0.7018591933551483,3299,below_0p80,False,
group_snapshot,veh2_history_mean_front_y_m,veh2_history_front_y_change_m,-0.7002877089060567,0.7002877089060567,3332,below_0p80,False,
group_snapshot,member_history_mean_speed_mps_min,member_waiting_band_dwell_sec_max,-0.700010664202334,0.700010664202334,3691,below_0p80,False,
group_snapshot,member_window_low_speed_fraction_max,member_waiting_band_dwell_sec_mean,0.6973544756719277,0.6973544756719277,3691,below_0p80,False,
group_snapshot,stopped_vehicle_count,veh1_history_mean_front_y_m,-0.6971566678403784,0.6971566678403784,3534,below_0p80,False,
group_snapshot,member_history_mean_speed_mps_min,member_waiting_band_dwell_sec_mean,-0.6964162434113835,0.6964162434113835,3691,below_0p80,False,
group_snapshot,member_current_speed_mps_mean,member_window_low_speed_fraction_min,-0.6960243405562887,0.6960243405562887,3691,below_0p80,False,
group_snapshot,group_adult_ratio,group_unknown_age_ratio,-0.6957075170132077,0.6957075170132077,3691,below_0p80,False,
group_snapshot,veh2_speed_mps,veh3_history_mean_front_y_m,0.6931794277987073,0.6931794277987073,3088,below_0p80,False,
group_snapshot,veh1_history_front_y_change_m,veh2_speed_mps,-0.6909161697834378,0.6909161697834378,3299,below_0p80,False,
group_snapshot,member_current_speed_mps_min,member_current_speed_mps_max,0.6908832308395316,0.6908832308395316,3691,below_0p80,False,
group_snapshot,veh1_history_mean_front_y_m,veh1_history_front_y_change_m,-0.6896009901833665,0.6896009901833665,3534,below_0p80,False,
group_snapshot,group_male_ratio,group_unknown_gender_ratio,-0.689591063786805,0.689591063786805,3691,below_0p80,False,
group_snapshot,veh3_closing_speed_mps,veh3_history_mean_front_y_m,0.6843078719221717,0.6843078719221717,3114,below_0p80,False,
group_snapshot,member_waiting_band_dwell_sec_min,member_waiting_low_speed_time_sec_max,0.6839117886738195,0.6839117886738195,3691,below_0p80,False,
group_snapshot,veh1_history_front_y_change_m,veh2_history_front_y_change_m,0.6834131651420818,0.6834131651420818,3332,below_0p80,False,
group_snapshot,veh1_history_front_y_change_m,veh2_closing_speed_mps,-0.6814772626300708,0.6814772626300708,3332,below_0p80,False,
group_snapshot,veh1_closing_speed_mps,veh2_closing_speed_mps,0.6810975532348162,0.6810975532348162,3332,below_0p80,False,
group_snapshot,member_current_speed_mps_max,member_history_mean_speed_mps_max,0.680382824324143,0.680382824324143,3691,below_0p80,False,
group_snapshot,dbscan_mean_vy_mps,member_current_vy_mps_min,0.6779696261482124,0.6779696261482124,3691,below_0p80,False,
group_snapshot,member_current_speed_mps_mean,member_waiting_low_speed_time_sec_min,-0.6778129184063202,0.6778129184063202,3691,below_0p80,False,
group_snapshot,member_history_mean_speed_mps_max,member_window_low_speed_fraction_max,-0.6774975744540972,0.6774975744540972,3691,below_0p80,False,
group_snapshot,member_waiting_band_dwell_sec_max,member_waiting_low_speed_time_sec_min,0.6771522248820738,0.6771522248820738,3691,below_0p80,False,
group_snapshot,member_current_speed_mps_mean,member_history_mean_speed_mps_max,0.6770632927169925,0.6770632927169925,3691,below_0p80,False,
group_snapshot,member_history_max_unobserved_gap_sec_mean,member_history_max_unobserved_gap_sec_min,0.6757536946488758,0.6757536946488758,3691,below_0p80,False,
group_snapshot,dbscan_mean_vy_mps,member_current_vy_mps_max,0.6756466837949148,0.6756466837949148,3691,below_0p80,False,
group_snapshot,member_history_mean_speed_mps_min,member_waiting_low_speed_time_sec_min,-0.6752997800105103,0.6752997800105103,3691,below_0p80,False,
group_snapshot,member_current_speed_mps_max,member_window_low_speed_fraction_min,-0.6748405952539845,0.6748405952539845,3691,below_0p80,False,
group_snapshot,veh1_speed_mps,veh2_history_mean_front_y_m,0.6747311311179781,0.6747311311179781,3306,below_0p80,False,
group_snapshot,member_history_observed_fraction_max,member_history_max_unobserved_gap_sec_mean,-0.6747285203199366,0.6747285203199366,3691,below_0p80,False,
group_snapshot,veh1_ttc_capped_sec,veh2_speed_mps,-0.6727378690474233,0.6727378690474233,3299,below_0p80,False,
group_snapshot,member_history_observed_fraction_mean,member_history_observed_fraction_max,0.6726879997829713,0.6726879997829713,3691,below_0p80,False,
group_snapshot,member_window_low_speed_fraction_mean,member_waiting_band_dwell_sec_mean,0.6721893366762987,0.6721893366762987,3691,below_0p80,False,
group_snapshot,member_history_observed_fraction_mean,member_history_max_unobserved_gap_sec_min,-0.6707751198479013,0.6707751198479013,3691,below_0p80,False,
group_snapshot,member_current_speed_mps_min,member_history_mean_speed_mps_mean,0.6703858501380187,0.6703858501380187,3691,below_0p80,False,
group_snapshot,member_window_low_speed_fraction_min,member_waiting_low_speed_time_sec_max,0.669181404831592,0.669181404831592,3691,below_0p80,False,
group_snapshot,veh3_history_mean_front_y_m,veh3_history_front_y_change_m,-0.6687131637031856,0.6687131637031856,3114,below_0p80,False,
group_snapshot,veh1_closing_speed_mps,veh2_history_front_y_change_m,-0.6686292422422382,0.6686292422422382,3332,below_0p80,False,
group_snapshot,dbscan_mean_speed_mps,member_history_mean_speed_mps_mean,0.6667913566873127,0.6667913566873127,3691,below_0p80,False,
group_snapshot,veh2_speed_mps,veh3_closing_speed_mps,0.6623898160591495,0.6623898160591495,3088,below_0p80,False,
group_snapshot,veh2_closing_speed_mps,veh3_speed_mps,0.6606024243428875,0.6606024243428875,3091,below_0p80,False,
group_snapshot,veh1_history_mean_front_y_m,veh2_speed_mps,0.6595435849541224,0.6595435849541224,3299,below_0p80,False,
group_snapshot,dbscan_mean_speed_mps,member_window_low_speed_fraction_mean,-0.6589839044519565,0.6589839044519565,3691,below_0p80,False,
group_snapshot,veh1_ttc_capped_sec,veh2_closing_speed_mps,-0.6583625245837073,0.6583625245837073,3332,below_0p80,False,
group_snapshot,member_current_speed_mps_max,member_history_mean_speed_mps_mean,0.657802222513745,0.657802222513745,3691,below_0p80,False,
group_snapshot,member_current_speed_mps_mean,member_history_mean_speed_mps_min,0.6568306941757583,0.6568306941757583,3691,below_0p80,False,
group_snapshot,member_current_speed_mps_mean,member_window_low_speed_fraction_max,-0.655913088632268,0.655913088632268,3691,below_0p80,False,
group_snapshot,veh2_closing_speed_mps,veh3_history_mean_front_y_m,0.6539013625329463,0.6539013625329463,3114,below_0p80,False,
group_snapshot,veh2_history_front_y_change_m,veh3_history_mean_front_y_m,-0.6517164613445905,0.6517164613445905,3114,below_0p80,False,
group_snapshot,member_current_speed_mps_max,member_waiting_low_speed_time_sec_min,-0.6508857325361523,0.6508857325361523,3691,below_0p80,False,
group_snapshot,member_window_low_speed_fraction_mean,member_waiting_band_dwell_sec_max,0.6508042829713019,0.6508042829713019,3691,below_0p80,False,
group_snapshot,stopped_vehicle_count,veh1_ttc_capped_sec,0.6499814706265157,0.6499814706265157,3691,below_0p80,False,
group_snapshot,veh1_ttc_capped_sec,veh2_history_front_y_change_m,0.6492115270755815,0.6492115270755815,3332,below_0p80,False,
group_snapshot,veh1_speed_mps,veh3_history_mean_front_y_m,0.6479284199070751,0.6479284199070751,3094,below_0p80,False,
group_snapshot,veh2_history_front_y_change_m,veh3_speed_mps,-0.6475387169456696,0.6475387169456696,3091,below_0p80,False,
group_snapshot,member_history_interpolated_fraction_mean,member_history_interpolated_fraction_min,0.6474567751993735,0.6474567751993735,3691,below_0p80,False,
group_snapshot,veh2_ttc_capped_sec,veh3_speed_mps,-0.6461636912275985,0.6461636912275985,3091,below_0p80,False,
group_snapshot,member_history_mean_vy_mps_min,member_history_mean_vy_mps_max,0.6461159219242261,0.6461159219242261,3691,below_0p80,False,
group_snapshot,member_history_y_displacement_m_min,member_history_y_displacement_m_max,0.6450182250917039,0.6450182250917039,3691,below_0p80,False,
group_snapshot,veh2_lateral_x_m,veh3_lateral_x_m,0.6433736356302716,0.6433736356302716,3114,below_0p80,False,
group_snapshot,member_history_mean_vy_mps_max,member_history_y_displacement_m_min,0.6416597619803353,0.6416597619803353,3691,below_0p80,False,
group_snapshot,member_history_mean_vy_mps_min,member_history_y_displacement_m_max,0.6415905367873821,0.6415905367873821,3691,below_0p80,False,
group_snapshot,dbscan_mean_speed_mps,member_history_mean_speed_mps_min,0.6397662799764977,0.6397662799764977,3691,below_0p80,False,
group_snapshot,veh2_speed_mps,veh3_history_front_y_change_m,-0.639485649667262,0.639485649667262,3088,below_0p80,False,
group_snapshot,veh1_speed_mps,veh3_speed_mps,0.6352275504033719,0.6352275504033719,3072,below_0p80,False,
group_snapshot,member_history_mean_speed_mps_mean,member_waiting_band_dwell_sec_mean,-0.6348142852807841,0.6348142852807841,3691,below_0p80,False,
group_snapshot,approaching_vehicle_count,veh3_ttc_capped_sec,-0.6298999707690902,0.6298999707690902,3691,below_0p80,False,
group_snapshot,dbscan_mean_speed_mps,member_window_low_speed_fraction_max,-0.6298432592666074,0.6298432592666074,3691,below_0p80,False,
group_snapshot,dbscan_mean_speed_mps,member_window_low_speed_fraction_min,-0.6283489511375216,0.6283489511375216,3691,below_0p80,False,
group_snapshot,member_current_speed_mps_mean,member_waiting_low_speed_time_sec_mean,-0.6277951771048109,0.6277951771048109,3691,below_0p80,False,
group_snapshot,member_history_mean_speed_mps_max,member_waiting_low_speed_time_sec_mean,-0.6258248664879726,0.6258248664879726,3691,below_0p80,False,
group_snapshot,member_current_speed_mps_max,member_window_low_speed_fraction_mean,-0.6252194202735496,0.6252194202735496,3691,below_0p80,False,
group_snapshot,active_vehicle_count,veh3_history_mean_front_y_m,-0.6240894864540844,0.6240894864540844,3114,below_0p80,False,
group_snapshot,veh2_closing_speed_mps,veh3_closing_speed_mps,0.6235340807230828,0.6235340807230828,3114,below_0p80,False,
group_snapshot,veh1_ttc_capped_sec,veh2_ttc_capped_sec,0.6196587681193021,0.6196587681193021,3691,below_0p80,False,
group_snapshot,veh1_history_front_y_change_m,veh2_history_mean_front_y_m,-0.6196449720047285,0.6196449720047285,3332,below_0p80,False,
group_snapshot,veh2_ttc_capped_sec,veh3_closing_speed_mps,-0.6193339739349247,0.6193339739349247,3114,below_0p80,False,
group_snapshot,veh1_closing_speed_mps,veh2_history_mean_front_y_m,0.6192033614816813,0.6192033614816813,3332,below_0p80,False,
group_snapshot,active_vehicle_count,veh1_history_mean_front_y_m,-0.6191981527579188,0.6191981527579188,3534,below_0p80,False,
group_snapshot,dbscan_mean_speed_mps,member_history_mean_speed_mps_max,0.6191080358375834,0.6191080358375834,3691,below_0p80,False,
group_snapshot,dbscan_mean_speed_mps,member_waiting_low_speed_time_sec_min,-0.6189406499396999,0.6189406499396999,3691,below_0p80,False,
group_snapshot,veh2_history_front_y_change_m,veh3_closing_speed_mps,-0.6187081914391883,0.6187081914391883,3114,below_0p80,False,
group_snapshot,member_history_mean_speed_mps_max,member_waiting_band_dwell_sec_min,-0.618645240532066,0.618645240532066,3691,below_0p80,False,
group_snapshot,member_window_low_speed_fraction_min,member_waiting_band_dwell_sec_min,0.616450581765949,0.616450581765949,3691,below_0p80,False,
group_snapshot,member_history_mean_speed_mps_mean,member_waiting_band_dwell_sec_min,-0.6152806912244914,0.6152806912244914,3691,below_0p80,False,
group_snapshot,veh2_history_front_y_change_m,veh3_history_front_y_change_m,0.6138631023434821,0.6138631023434821,3114,below_0p80,False,
group_snapshot,veh2_ttc_capped_sec,veh3_history_front_y_change_m,0.6126984415744572,0.6126984415744572,3114,below_0p80,False,
group_snapshot,member_history_observed_fraction_max,member_history_interpolated_fraction_mean,-0.611367273754405,0.611367273754405,3691,below_0p80,False,
group_snapshot,veh1_history_mean_front_y_m,veh2_closing_speed_mps,0.6107231001412475,0.6107231001412475,3332,below_0p80,False,
group_snapshot,member_current_speed_mps_min,member_waiting_band_dwell_sec_max,-0.6105800316569233,0.6105800316569233,3691,below_0p80,False,
group_snapshot,veh2_history_mean_front_y_m,veh3_front_y_m,0.610417787875561,0.610417787875561,3114,below_0p80,False,
group_snapshot,member_current_speed_mps_min,member_window_low_speed_fraction_min,-0.6087155971697178,0.6087155971697178,3691,below_0p80,False,
group_snapshot,member_history_interpolated_fraction_mean,member_history_max_unobserved_gap_sec_min,0.6076171701187946,0.6076171701187946,3691,below_0p80,False,
group_snapshot,active_vehicle_count,veh2_history_mean_front_y_m,-0.6074053448234303,0.6074053448234303,3332,below_0p80,False,
group_snapshot,veh1_history_front_y_change_m,veh3_history_mean_front_y_m,-0.6068177196902977,0.6068177196902977,3114,below_0p80,False,
group_snapshot,veh1_closing_speed_mps,veh3_history_mean_front_y_m,0.6061311143175522,0.6061311143175522,3114,below_0p80,False,
group_snapshot,veh1_history_mean_front_y_m,veh3_front_y_m,0.6060584192345951,0.6060584192345951,3114,below_0p80,False,
group_snapshot,dbscan_mean_speed_mps,member_waiting_low_speed_time_sec_mean,-0.6059936716698799,0.6059936716698799,3691,below_0p80,False,
group_snapshot,veh2_closing_speed_mps,veh3_history_front_y_change_m,-0.6044709319775371,0.6044709319775371,3114,below_0p80,False,
group_snapshot,veh2_ttc_capped_sec,veh3_ttc_capped_sec,0.6034581381822026,0.6034581381822026,3691,below_0p80,False,
group_snapshot,member_current_speed_mps_min,member_waiting_band_dwell_sec_mean,-0.6028239218759219,0.6028239218759219,3691,below_0p80,False,
group_snapshot,member_current_speed_mps_min,member_waiting_low_speed_time_sec_min,-0.6011286540989648,0.6011286540989648,3691,below_0p80,False,
group_snapshot,veh1_history_mean_front_y_m,veh2_history_front_y_change_m,-0.6009780229534972,0.6009780229534972,3332,below_0p80,False,
group_snapshot,member_history_mean_speed_mps_mean,member_waiting_band_dwell_sec_max,-0.599549175725651,0.599549175725651,3691,below_0p80,False,
group_snapshot,active_vehicle_count,veh3_history_observed_fraction,0.5979055098012701,0.5979055098012701,3691,below_0p80,False,
group_snapshot,veh2_history_mean_front_y_m,veh3_speed_mps,0.5953643917435508,0.5953643917435508,3091,below_0p80,False,
group_snapshot,member_current_speed_mps_mean,member_waiting_low_speed_time_sec_max,-0.5922913387651074,0.5922913387651074,3691,below_0p80,False,
group_snapshot,member_window_low_speed_fraction_mean,member_waiting_band_dwell_sec_min,0.5922107322464464,0.5922107322464464,3691,below_0p80,False,
group_snapshot,group_male_ratio,group_female_ratio,-0.5853760752415169,0.5853760752415169,3691,below_0p80,False,
group_snapshot,dbscan_mean_speed_mps,member_waiting_low_speed_time_sec_max,-0.5833651520419274,0.5833651520419274,3691,below_0p80,False,
group_snapshot,veh1_lateral_x_m,veh2_lateral_x_m,0.5830164629973255,0.5830164629973255,3332,below_0p80,False,
group_snapshot,member_history_observed_fraction_mean,member_history_interpolated_fraction_min,-0.581822684698465,0.581822684698465,3691,below_0p80,False,
group_snapshot,member_history_interpolated_fraction_min,member_history_max_unobserved_gap_sec_mean,0.5793307505794991,0.5793307505794991,3691,below_0p80,False,
group_snapshot,veh1_ttc_capped_sec,veh3_speed_mps,-0.5770323013914176,0.5770323013914176,3091,below_0p80,False,
group_snapshot,active_vehicle_count,veh1_speed_mps,-0.5734319588984945,0.5734319588984945,3504,below_0p80,False,
group_snapshot,member_history_observed_fraction_min,member_history_observed_fraction_max,0.5731389457143107,0.5731389457143107,3691,below_0p80,False,
group_snapshot,member_history_max_unobserved_gap_sec_min,member_history_max_unobserved_gap_sec_max,0.5719289254931098,0.5719289254931098,3691,below_0p80,False,
group_snapshot,veh1_speed_mps,veh3_closing_speed_mps,0.5717668537281728,0.5717668537281728,3094,below_0p80,False,
group_snapshot,veh1_closing_speed_mps,veh3_speed_mps,0.5712465562801159,0.5712465562801159,3091,below_0p80,False,
group_snapshot,veh2_front_y_m,veh3_history_mean_front_y_m,0.5710768935467191,0.5710768935467191,3114,below_0p80,False,
group_snapshot,member_history_observed_fraction_min,member_history_max_unobserved_gap_sec_min,-0.5710071778916045,0.5710071778916045,3691,below_0p80,False,
group_snapshot,member_history_observed_fraction_max,member_history_max_unobserved_gap_sec_max,-0.5708415693318355,0.5708415693318355,3691,below_0p80,False,
group_snapshot,member_history_mean_speed_mps_max,member_waiting_low_speed_time_sec_max,-0.5705843929910545,0.5705843929910545,3691,below_0p80,False,
group_snapshot,veh2_ttc_capped_sec,veh3_history_mean_front_y_m,-0.5693699837776798,0.5693699837776798,3114,below_0p80,False,
group_snapshot,veh2_history_observed_fraction,veh3_history_observed_fraction,0.5684244081790398,0.5684244081790398,3691,below_0p80,False,
group_snapshot,veh1_history_front_y_change_m,veh3_speed_mps,-0.5678595684749025,0.5678595684749025,3091,below_0p80,False,
group_snapshot,veh1_history_mean_front_y_m,veh2_front_y_m,0.5675872099661917,0.5675872099661917,3332,below_0p80,False,
group_snapshot,veh2_history_mean_front_y_m,veh3_closing_speed_mps,0.5647453767999252,0.5647453767999252,3114,below_0p80,False,
group_snapshot,veh1_front_y_m,veh2_history_mean_front_y_m,0.5627154541081024,0.5627154541081024,3332,below_0p80,False,
group_snapshot,member_current_vy_mps_min,member_current_vy_mps_max,0.5607698335967948,0.5607698335967948,3691,below_0p80,False,
group_snapshot,stopped_vehicle_count,veh2_ttc_capped_sec,0.5569542487624164,0.5569542487624164,3691,below_0p80,False,
group_snapshot,veh1_speed_mps,veh2_ttc_capped_sec,-0.5534005277289952,0.5534005277289952,3504,below_0p80,False,
group_snapshot,member_window_low_speed_fraction_min,member_waiting_band_dwell_sec_mean,0.5525355032210445,0.5525355032210445,3691,below_0p80,False,
group_snapshot,member_history_interpolated_fraction_min,member_history_interpolated_fraction_max,0.5517087386773579,0.5517087386773579,3691,below_0p80,False,
group_snapshot,veh1_ttc_capped_sec,veh3_closing_speed_mps,-0.5513660313418329,0.5513660313418329,3114,below_0p80,False,
group_snapshot,veh2_history_mean_front_y_m,veh3_history_front_y_change_m,-0.5508372922025958,0.5508372922025958,3114,below_0p80,False,
group_snapshot,veh1_history_front_y_change_m,veh2_ttc_capped_sec,0.5483743483301305,0.5483743483301305,3534,below_0p80,False,
group_snapshot,member_current_speed_mps_max,member_history_mean_speed_mps_min,0.5474527231623966,0.5474527231623966,3691,below_0p80,False,
group_snapshot,member_current_vy_mps_min,member_history_y_displacement_m_min,0.5456987950024385,0.5456987950024385,3691,below_0p80,False,
group_snapshot,veh1_speed_mps,veh3_history_front_y_change_m,-0.5454148401833785,0.5454148401833785,3094,below_0p80,False,
group_snapshot,member_current_vy_mps_min,member_history_mean_vy_mps_min,0.5440455272019465,0.5440455272019465,3691,below_0p80,False,
group_snapshot,veh1_ttc_capped_sec,veh3_history_mean_front_y_m,-0.5436631818372265,0.5436631818372265,3114,below_0p80,False,
group_snapshot,veh2_front_y_m,veh3_front_y_m,0.5414394041219981,0.5414394041219981,3114,below_0p80,False,
group_snapshot,veh1_front_y_m,veh3_history_mean_front_y_m,0.5412008914977492,0.5412008914977492,3114,below_0p80,False,
group_snapshot,veh1_history_mean_front_y_m,veh3_speed_mps,0.5404633196657899,0.5404633196657899,3091,below_0p80,False,
group_snapshot,veh1_ttc_capped_sec,veh2_history_mean_front_y_m,-0.5399382930241068,0.5399382930241068,3332,below_0p80,False,
group_snapshot,veh1_ttc_capped_sec,veh1_history_mean_front_y_m,-0.538948007383034,0.538948007383034,3534,below_0p80,False,
group_snapshot,veh1_ttc_capped_sec,veh3_history_front_y_change_m,0.5386555802150366,0.5386555802150366,3114,below_0p80,False,
group_snapshot,member_history_mean_speed_mps_min,member_waiting_band_dwell_sec_min,-0.5371336999135274,0.5371336999135274,3691,below_0p80,False,
group_snapshot,member_current_speed_mps_max,member_window_low_speed_fraction_max,-0.5366945563491589,0.5366945563491589,3691,below_0p80,False,
group_snapshot,stopped_vehicle_count,veh3_front_y_m,-0.5363383176850697,0.5363383176850697,3114,below_0p80,False,
group_snapshot,member_current_speed_mps_min,member_history_mean_speed_mps_max,0.5362728821682138,0.5362728821682138,3691,below_0p80,False,
group_snapshot,veh1_front_y_m,veh1_speed_mps,0.5356604366141354,0.5356604366141354,3504,below_0p80,False,
group_snapshot,veh2_ttc_capped_sec,veh2_history_mean_front_y_m,-0.5351343735707934,0.5351343735707934,3332,below_0p80,False,
group_snapshot,active_vehicle_count,veh1_closing_speed_mps,-0.5335900210979989,0.5335900210979989,3534,below_0p80,False,
group_snapshot,veh1_history_front_y_change_m,veh3_closing_speed_mps,-0.5330226082673294,0.5330226082673294,3114,below_0p80,False,
group_snapshot,veh1_closing_speed_mps,veh3_closing_speed_mps,0.532575572036377,0.532575572036377,3114,below_0p80,False,
group_snapshot,active_vehicle_count,veh3_front_y_m,-0.5310796216356075,0.5310796216356075,3114,below_0p80,False,
group_snapshot,veh1_front_y_m,veh3_front_y_m,0.5302679994624415,0.5302679994624415,3114,below_0p80,False,
group_snapshot,member_current_speed_mps_mean,member_waiting_band_dwell_sec_min,-0.5297842131773564,0.5297842131773564,3691,below_0p80,False,
group_snapshot,member_history_observed_fraction_max,member_history_interpolated_fraction_max,-0.527112448496581,0.527112448496581,3691,below_0p80,False,
group_snapshot,active_vehicle_count,veh2_speed_mps,-0.5263003639747025,0.5263003639747025,3299,below_0p80,False,
group_snapshot,member_window_low_speed_fraction_max,member_waiting_band_dwell_sec_min,0.5252049332187824,0.5252049332187824,3691,below_0p80,False,
group_snapshot,veh1_history_front_y_change_m,veh3_history_front_y_change_m,0.5246238852992301,0.5246238852992301,3114,below_0p80,False,
group_snapshot,member_history_interpolated_fraction_max,member_history_max_unobserved_gap_sec_min,0.5231719522184355,0.5231719522184355,3691,below_0p80,False,
group_snapshot,active_vehicle_count,approaching_vehicle_count,0.522298656693388,0.522298656693388,3691,below_0p80,False,
group_snapshot,member_current_speed_mps_max,member_waiting_low_speed_time_sec_mean,-0.5191746028959109,0.5191746028959109,3691,below_0p80,False,
group_snapshot,veh1_closing_speed_mps,veh2_ttc_capped_sec,-0.5183778809205445,0.5183778809205445,3534,below_0p80,False,
group_snapshot,member_history_mean_speed_mps_max,member_waiting_band_dwell_sec_mean,-0.5164601257248524,0.5164601257248524,3691,below_0p80,False,
group_snapshot,active_vehicle_count,veh1_history_front_y_change_m,0.515116299992491,0.515116299992491,3534,below_0p80,False,
group_snapshot,veh1_closing_speed_mps,veh3_history_front_y_change_m,-0.5138268469566729,0.5138268469566729,3114,below_0p80,False,
group_snapshot,dbscan_mean_speed_mps,member_waiting_band_dwell_sec_mean,-0.513791849534839,0.513791849534839,3691,below_0p80,False,
group_snapshot,member_current_speed_mps_max,member_waiting_band_dwell_sec_min,-0.5136266989638459,0.5136266989638459,3691,below_0p80,False,
group_snapshot,veh2_front_y_m,veh2_speed_mps,0.5128281550130781,0.5128281550130781,3299,below_0p80,False,
group_snapshot,member_current_speed_mps_mean,member_waiting_band_dwell_sec_mean,-0.5124178722768463,0.5124178722768463,3691,below_0p80,False,
group_snapshot,approaching_vehicle_count,veh2_ttc_capped_sec,-0.5098044328664108,0.5098044328664108,3691,below_0p80,False,
group_snapshot,active_vehicle_count,veh2_history_observed_fraction,0.5080632705541374,0.5080632705541374,3691,below_0p80,False,
group_snapshot,active_vehicle_count,veh2_front_y_m,-0.5058263012270557,0.5058263012270557,3332,below_0p80,False,
group_snapshot,veh1_front_y_m,veh2_front_y_m,0.5039694413918392,0.5039694413918392,3332,below_0p80,False,
group_snapshot,veh2_speed_mps,veh3_front_y_m,0.5025734958085929,0.5025734958085929,3088,below_0p80,False,
group_snapshot,active_vehicle_count,veh2_closing_speed_mps,-0.5001221017482249,0.5001221017482249,3332,below_0p80,False,
group_snapshot,stopped_vehicle_count,veh2_front_y_m,-0.49897521957129276,0.49897521957129276,3332,below_0p80,False,
group_snapshot,member_window_low_speed_fraction_min,member_waiting_band_dwell_sec_max,0.49895884829900633,0.49895884829900633,3691,below_0p80,False,
group_snapshot,active_vehicle_count,veh1_front_y_m,-0.4983581955675801,0.4983581955675801,3534,below_0p80,False,
group_snapshot,dbscan_mean_speed_mps,member_waiting_band_dwell_sec_min,-0.49821910356845006,0.49821910356845006,3691,below_0p80,False,
group_snapshot,veh1_history_mean_front_y_m,veh3_closing_speed_mps,0.4966837539979808,0.4966837539979808,3114,below_0p80,False,
group_snapshot,veh3_ttc_capped_sec,veh3_history_mean_front_y_m,-0.49489665004310607,0.49489665004310607,3114,below_0p80,False,
group_snapshot,stopped_vehicle_count,veh3_history_observed_fraction,0.49402791733774687,0.49402791733774687,3691,below_0p80,False,
group_snapshot,member_current_vy_mps_max,member_history_y_displacement_m_max,0.4897049386942998,0.4897049386942998,3691,below_0p80,False,
group_snapshot,dbscan_mean_speed_mps,member_waiting_band_dwell_sec_max,-0.4892624049397827,0.4892624049397827,3691,below_0p80,False,
group_snapshot,member_current_vy_mps_max,member_history_mean_vy_mps_max,0.4873623333331452,0.4873623333331452,3691,below_0p80,False,
group_snapshot,veh1_speed_mps,veh3_front_y_m,0.48736200838640614,0.48736200838640614,3094,below_0p80,False,
group_snapshot,member_history_observed_fraction_min,member_history_interpolated_fraction_min,-0.4848863828336492,0.4848863828336492,3691,below_0p80,False,
group_snapshot,member_current_vy_mps_mean,member_history_y_displacement_m_mean,0.4822193072941766,0.4822193072941766,3691,below_0p80,False,
group_snapshot,veh1_history_mean_front_y_m,veh3_history_front_y_change_m,-0.48077831438587537,0.48077831438587537,3114,below_0p80,False,
group_snapshot,member_current_vy_mps_mean,member_history_mean_vy_mps_mean,0.48075373932915155,0.48075373932915155,3691,below_0p80,False,
group_snapshot,active_vehicle_count,veh2_history_front_y_change_m,0.4807347554914719,0.4807347554914719,3332,below_0p80,False,
group_snapshot,veh2_speed_mps,veh3_ttc_capped_sec,-0.4754526617524334,0.4754526617524334,3299,below_0p80,False,
group_snapshot,member_history_interpolated_fraction_min,member_history_max_unobserved_gap_sec_max,0.47493494805022773,0.47493494805022773,3691,below_0p80,False,
group_snapshot,member_current_speed_mps_mean,member_waiting_band_dwell_sec_max,-0.4744959222092148,0.4744959222092148,3691,below_0p80,False,
group_snapshot,stopped_vehicle_count,veh1_front_y_m,-0.47263429777424054,0.47263429777424054,3534,below_0p80,False,
group_snapshot,veh2_history_front_y_change_m,veh3_ttc_capped_sec,0.47163395501140476,0.47163395501140476,3332,below_0p80,False,
group_snapshot,veh2_closing_speed_mps,veh3_front_y_m,0.4711612404694484,0.4711612404694484,3114,below_0p80,False,
group_snapshot,member_current_speed_mps_max,member_waiting_low_speed_time_sec_max,-0.4689778245021654,0.4689778245021654,3691,below_0p80,False,
group_snapshot,veh1_speed_mps,veh2_front_y_m,0.4651940711266637,0.4651940711266637,3306,below_0p80,False,
group_snapshot,member_current_vy_mps_min,member_history_mean_vy_mps_mean,0.46421064710607185,0.46421064710607185,3691,below_0p80,False,
group_snapshot,member_current_vy_mps_min,member_history_y_displacement_m_mean,0.46376644972625847,0.46376644972625847,3691,below_0p80,False,
group_snapshot,member_current_speed_mps_min,member_waiting_band_dwell_sec_min,-0.4617826286140558,0.4617826286140558,3691,below_0p80,False,
group_snapshot,veh1_front_y_m,veh1_closing_speed_mps,0.4603196180336831,0.4603196180336831,3534,below_0p80,False,
group_snapshot,veh2_front_y_m,veh2_closing_speed_mps,0.4583810683210257,0.4583810683210257,3332,below_0p80,False,
group_snapshot,veh1_history_observed_fraction,veh2_history_observed_fraction,0.4552376850585423,0.4552376850585423,3691,below_0p80,False,
group_snapshot,veh2_history_front_y_change_m,veh3_front_y_m,-0.45482657820949174,0.45482657820949174,3114,below_0p80,False,
group_snapshot,member_history_mean_speed_mps_max,member_waiting_band_dwell_sec_max,-0.45478318873698487,0.45478318873698487,3691,below_0p80,False,
group_snapshot,cohort_eligible_member_count,member_waiting_band_dwell_sec_max,0.4535386145510463,0.4535386145510463,3691,below_0p80,False,
group_snapshot,raw_waiting_band_eligible_member_count,member_waiting_band_dwell_sec_max,0.4535386145510463,0.4535386145510463,3691,below_0p80,False,
group_snapshot,veh3_front_y_m,veh3_speed_mps,0.45338900836567886,0.45338900836567886,3091,below_0p80,False,
group_snapshot,veh1_closing_speed_mps,veh3_front_y_m,0.45314973890955357,0.45314973890955357,3114,below_0p80,False,
group_snapshot,member_current_vy_mps_mean,member_history_y_displacement_m_min,0.45248459795971735,0.45248459795971735,3691,below_0p80,False,
group_snapshot,member_current_vy_mps_mean,member_history_mean_vy_mps_min,0.45083537039518895,0.45083537039518895,3691,below_0p80,False,
group_snapshot,veh1_history_front_y_change_m,veh3_front_y_m,-0.44987988554921804,0.44987988554921804,3114,below_0p80,False,
group_snapshot,active_vehicle_count,veh1_history_observed_fraction,0.4460605410120224,0.4460605410120224,3691,below_0p80,False,
group_snapshot,veh1_front_y_m,veh2_speed_mps,0.44385149889421766,0.44385149889421766,3299,below_0p80,False,
group_snapshot,approaching_vehicle_count,veh3_speed_mps,0.44374616939304,0.44374616939304,3091,below_0p80,False,
group_snapshot,veh2_closing_speed_mps,veh3_ttc_capped_sec,-0.44357401181206696,0.44357401181206696,3332,below_0p80,False,
group_snapshot,active_vehicle_count,veh3_speed_mps,-0.437352403853343,0.437352403853343,3091,below_0p80,False,
group_snapshot,raw_waiting_band_eligible_member_count,member_waiting_low_speed_time_sec_max,0.43435741136452455,0.43435741136452455,3691,below_0p80,False,
group_snapshot,cohort_eligible_member_count,member_waiting_low_speed_time_sec_max,0.43435741136452455,0.43435741136452455,3691,below_0p80,False,
group_snapshot,approaching_vehicle_count,veh3_history_front_y_change_m,-0.4327576196614735,0.4327576196614735,3114,below_0p80,False,
group_snapshot,dbscan_mean_vy_mps,member_history_y_displacement_m_mean,0.4312534660015142,0.4312534660015142,3691,below_0p80,False,
group_snapshot,dbscan_mean_vy_mps,member_history_mean_vy_mps_mean,0.42981226065110745,0.42981226065110745,3691,below_0p80,False,
group_snapshot,member_current_vy_mps_mean,member_history_y_displacement_m_max,0.4252599193785673,0.4252599193785673,3691,below_0p80,False,
group_snapshot,member_current_vy_mps_mean,member_history_mean_vy_mps_max,0.42500205306422745,0.42500205306422745,3691,below_0p80,False,
group_snapshot,stopped_vehicle_count,veh2_history_observed_fraction,0.4240591963875631,0.4240591963875631,3691,below_0p80,False,
group_snapshot,cohort_eligible_member_count,member_current_speed_mps_min,-0.42196252858270084,0.42196252858270084,3691,below_0p80,False,
group_snapshot,raw_waiting_band_eligible_member_count,member_current_speed_mps_min,-0.42196252858270084,0.42196252858270084,3691,below_0p80,False,
group_snapshot,member_history_mean_speed_mps_max,member_history_interpolated_fraction_max,0.4192295344254149,0.4192295344254149,3691,below_0p80,False,
group_snapshot,veh1_ttc_capped_sec,veh3_ttc_capped_sec,0.41896469163233735,0.41896469163233735,3691,below_0p80,False,
group_snapshot,member_history_mean_speed_mps_max,member_history_interpolated_fraction_mean,0.4189557881615531,0.4189557881615531,3691,below_0p80,False,
group_snapshot,member_current_speed_mps_max,member_waiting_band_dwell_sec_mean,-0.41784898708491375,0.41784898708491375,3691,below_0p80,False,
group_snapshot,veh1_history_observed_fraction,veh3_history_observed_fraction,0.41777583152287134,0.41777583152287134,3691,below_0p80,False,
group_snapshot,approaching_vehicle_count,veh3_closing_speed_mps,0.4175095616237685,0.4175095616237685,3114,below_0p80,False,
group_snapshot,veh1_front_y_m,veh1_history_front_y_change_m,-0.4142821763499243,0.4142821763499243,3534,below_0p80,False,
group_snapshot,veh1_closing_speed_mps,veh2_front_y_m,0.4138682065050806,0.4138682065050806,3332,below_0p80,False,
group_snapshot,member_history_mean_speed_mps_max,member_history_observed_fraction_mean,-0.41080065945724736,0.41080065945724736,3691,below_0p80,False,
group_snapshot,veh1_history_front_y_change_m,veh2_front_y_m,-0.41026266074833595,0.41026266074833595,3332,below_0p80,False,
group_snapshot,veh2_front_y_m,veh2_history_front_y_change_m,-0.41017624402776504,0.41017624402776504,3332,below_0p80,False,
group_snapshot,eligible_member_fraction_of_group,member_waiting_band_dwell_sec_max,0.4097775094880843,0.4097775094880843,3691,below_0p80,False,
group_snapshot,veh3_front_y_m,veh3_closing_speed_mps,0.40975509714094144,0.40975509714094144,3114,below_0p80,False,
group_snapshot,member_history_mean_speed_mps_max,member_history_observed_fraction_min,-0.40830549799032045,0.40830549799032045,3691,below_0p80,False,
group_snapshot,veh1_history_mean_front_y_m,veh2_ttc_capped_sec,-0.4078301403697291,0.4078301403697291,3534,below_0p80,False,
group_snapshot,active_vehicle_count,veh3_closing_speed_mps,-0.4059313099934037,0.4059313099934037,3114,below_0p80,False,
group_snapshot,dbscan_mean_vy_mps,member_history_y_displacement_m_min,0.4049823753021796,0.4049823753021796,3691,below_0p80,False,
group_snapshot,veh1_speed_mps,veh1_history_observed_fraction,-0.40437549447101545,0.40437549447101545,3504,below_0p80,False,
group_snapshot,member_history_mean_speed_mps_max,member_history_max_unobserved_gap_sec_mean,0.40358949526665167,0.40358949526665167,3691,below_0p80,False,
group_snapshot,stopped_vehicle_count,veh3_ttc_capped_sec,0.4035341851541896,0.4035341851541896,3691,below_0p80,False,
group_snapshot,dbscan_mean_vy_mps,member_history_mean_vy_mps_min,0.4023863676633396,0.4023863676633396,3691,below_0p80,False,
group_snapshot,member_current_vy_mps_max,member_history_y_displacement_m_mean,0.4007296024122502,0.4007296024122502,3691,below_0p80,False,
group_snapshot,member_history_mean_speed_mps_max,member_history_max_unobserved_gap_sec_max,0.3985123264916283,0.3985123264916283,3691,below_0p80,False,
group_snapshot,group_young_ratio,group_adult_ratio,-0.3981760715443562,0.3981760715443562,3691,below_0p80,False,
group_snapshot,member_current_vy_mps_max,member_history_mean_vy_mps_mean,0.3980130534461684,0.3980130534461684,3691,below_0p80,False,
group_snapshot,stopped_vehicle_count,veh1_history_observed_fraction,0.39717140657560857,0.39717140657560857,3691,below_0p80,False,
group_snapshot,veh1_front_y_m,veh2_closing_speed_mps,0.3928941054870604,0.3928941054870604,3332,below_0p80,False,
group_snapshot,eligible_member_fraction_of_group,dbscan_spread_m,-0.390539214256148,0.390539214256148,3691,below_0p80,False,
group_snapshot,raw_waiting_band_eligible_member_count,member_window_low_speed_fraction_max,0.3902358193986527,0.3902358193986527,3691,below_0p80,False,
group_snapshot,cohort_eligible_member_count,member_window_low_speed_fraction_max,0.3902358193986527,0.3902358193986527,3691,below_0p80,False,
group_snapshot,raw_group_size,eligible_member_fraction_of_group,-0.38596526259681235,0.38596526259681235,3691,below_0p80,False,
group_snapshot,veh1_speed_mps,veh3_history_observed_fraction,-0.38397044893019505,0.38397044893019505,3504,below_0p80,False,
group_snapshot,active_vehicle_count,veh3_history_front_y_change_m,0.3829234613283385,0.3829234613283385,3114,below_0p80,False,
group_snapshot,veh1_front_y_m,veh2_history_front_y_change_m,-0.3821480847677345,0.3821480847677345,3332,below_0p80,False,
group_snapshot,veh2_front_y_m,veh3_speed_mps,0.3811290486910734,0.3811290486910734,3091,below_0p80,False,
group_snapshot,dbscan_mean_vy_mps,member_history_mean_vy_mps_max,0.3800672435554486,0.3800672435554486,3691,below_0p80,False,
group_snapshot,dbscan_mean_vy_mps,member_history_y_displacement_m_max,0.3793405597263279,0.3793405597263279,3691,below_0p80,False,
group_snapshot,cohort_eligible_member_count,member_history_mean_speed_mps_min,-0.3786666411276129,0.3786666411276129,3691,below_0p80,False,
group_snapshot,raw_waiting_band_eligible_member_count,member_history_mean_speed_mps_min,-0.3786666411276129,0.3786666411276129,3691,below_0p80,False,
group_snapshot,veh1_history_mean_front_y_m,veh3_history_observed_fraction,-0.37660985588246654,0.37660985588246654,3534,below_0p80,False,
group_snapshot,eligible_member_fraction_of_group,member_waiting_low_speed_time_sec_max,0.3752737291181871,0.3752737291181871,3691,below_0p80,False,
group_snapshot,member_history_mean_speed_mps_mean,member_history_interpolated_fraction_mean,0.3741963765893848,0.3741963765893848,3691,below_0p80,False,
group_snapshot,member_history_mean_speed_mps_min,member_history_observed_fraction_max,-0.3676249075135176,0.3676249075135176,3691,below_0p80,False,
group_snapshot,member_history_mean_speed_mps_mean,member_history_observed_fraction_mean,-0.3675641560560236,0.3675641560560236,3691,below_0p80,False,
group_snapshot,veh3_front_y_m,veh3_history_front_y_change_m,-0.3655995307603344,0.3655995307603344,3114,below_0p80,False,
group_snapshot,member_history_mean_speed_mps_min,member_history_max_unobserved_gap_sec_min,0.36506408099081267,0.36506408099081267,3691,below_0p80,False,
group_snapshot,member_history_mean_speed_mps_min,member_history_interpolated_fraction_min,0.364415167230968,0.364415167230968,3691,below_0p80,False,
group_snapshot,member_history_mean_speed_mps_mean,member_history_max_unobserved_gap_sec_mean,0.3638099359580607,0.3638099359580607,3691,below_0p80,False,
group_snapshot,raw_waiting_band_eligible_member_count,member_waiting_low_speed_time_sec_mean,0.36124533669975323,0.36124533669975323,3691,below_0p80,False,
group_snapshot,cohort_eligible_member_count,member_waiting_low_speed_time_sec_mean,0.36124533669975323,0.36124533669975323,3691,below_0p80,False,
group_snapshot,member_current_speed_mps_max,member_waiting_band_dwell_sec_max,-0.3604979343190056,0.3604979343190056,3691,below_0p80,False,
group_snapshot,veh2_front_y_m,veh3_closing_speed_mps,0.3565786823303859,0.3565786823303859,3114,below_0p80,False,
group_snapshot,member_history_mean_speed_mps_mean,member_history_interpolated_fraction_max,0.35369576850777845,0.35369576850777845,3691,below_0p80,False,
group_snapshot,cohort_eligible_member_count,member_waiting_band_dwell_sec_mean,0.35207574639195005,0.35207574639195005,3691,below_0p80,False,
group_snapshot,raw_waiting_band_eligible_member_count,member_waiting_band_dwell_sec_mean,0.35207574639195005,0.35207574639195005,3691,below_0p80,False,
group_snapshot,approaching_vehicle_count,veh3_history_observed_fraction,0.35095006866736633,0.35095006866736633,3691,below_0p80,False,
group_snapshot,veh1_ttc_capped_sec,veh3_front_y_m,-0.3490207961058675,0.3490207961058675,3114,below_0p80,False,
group_snapshot,veh2_ttc_capped_sec,veh3_front_y_m,-0.3468296288884616,0.3468296288884616,3114,below_0p80,False,
group_snapshot,veh3_speed_mps,veh3_history_observed_fraction,-0.3467215297097764,0.3467215297097764,3091,below_0p80,False,
group_snapshot,veh1_closing_speed_mps,veh3_history_observed_fraction,-0.34668741993129115,0.34668741993129115,3534,below_0p80,False,
group_snapshot,eligible_member_fraction_of_group,member_current_speed_mps_min,-0.34482456965272196,0.34482456965272196,3691,below_0p80,False,
group_snapshot,veh2_front_y_m,veh3_history_front_y_change_m,-0.3437833400681782,0.3437833400681782,3114,below_0p80,False,
group_snapshot,member_history_mean_speed_mps_mean,member_history_observed_fraction_min,-0.3434436347687632,0.3434436347687632,3691,below_0p80,False,
group_snapshot,veh1_front_y_m,veh3_speed_mps,0.341993926965233,0.341993926965233,3091,below_0p80,False,
group_snapshot,eligible_member_fraction_of_group,member_waiting_band_dwell_sec_mean,0.34012637973619325,0.34012637973619325,3691,below_0p80,False,
group_snapshot,member_history_mean_speed_mps_mean,member_history_observed_fraction_max,-0.3377538732399946,0.3377538732399946,3691,below_0p80,False,
group_snapshot,veh2_speed_mps,veh3_history_observed_fraction,-0.336854882382781,0.336854882382781,3299,below_0p80,False,
group_snapshot,member_history_mean_speed_mps_mean,member_history_max_unobserved_gap_sec_max,0.33640933771099446,0.33640933771099446,3691,below_0p80,False,
group_snapshot,veh2_history_mean_front_y_m,veh3_ttc_capped_sec,-0.3353072288410244,0.3353072288410244,3332,below_0p80,False,
group_snapshot,member_history_mean_speed_mps_mean,member_history_max_unobserved_gap_sec_min,0.33468488181951017,0.33468488181951017,3691,below_0p80,False,
group_snapshot,veh1_speed_mps,veh2_history_observed_fraction,-0.32904672166759186,0.32904672166759186,3504,below_0p80,False,
group_snapshot,active_vehicle_count,veh1_ttc_capped_sec,0.32706920027640163,0.32706920027640163,3691,below_0p80,False,
group_snapshot,member_history_mean_speed_mps_mean,member_history_interpolated_fraction_min,0.3264353758576601,0.3264353758576601,3691,below_0p80,False,
group_snapshot,member_current_vy_mps_min,member_current_speed_mps_max,-0.32577085271282896,0.32577085271282896,3691,below_0p80,False,
group_snapshot,eligible_member_fraction_of_group,member_history_mean_speed_mps_min,-0.32451693358313016,0.32451693358313016,3691,below_0p80,False,
group_snapshot,eligible_member_fraction_of_group,member_waiting_low_speed_time_sec_mean,0.3232551316909103,0.3232551316909103,3691,below_0p80,False,
group_snapshot,veh1_closing_speed_mps,veh1_history_observed_fraction,-0.32240405654908066,0.32240405654908066,3534,below_0p80,False,
group_snapshot,veh1_history_mean_front_y_m,veh1_history_observed_fraction,-0.32102369595583435,0.32102369595583435,3534,below_0p80,False,
group_snapshot,veh2_speed_mps,veh2_history_observed_fraction,-0.31984400292026754,0.31984400292026754,3299,below_0p80,False,
group_snapshot,approaching_vehicle_count,veh2_history_observed_fraction,0.3196871218267878,0.3196871218267878,3691,below_0p80,False,
group_snapshot,veh2_history_mean_front_y_m,veh3_history_observed_fraction,-0.31797387520154263,0.31797387520154263,3332,below_0p80,False,
group_snapshot,cohort_eligible_member_count,member_history_interpolated_fraction_min,-0.3169174440177099,0.3169174440177099,3691,below_0p80,False,
group_snapshot,raw_waiting_band_eligible_member_count,member_history_interpolated_fraction_min,-0.3169174440177099,0.3169174440177099,3691,below_0p80,False,
group_snapshot,raw_waiting_band_eligible_member_count,member_history_observed_fraction_max,0.3163591155216867,0.3163591155216867,3691,below_0p80,False,
group_snapshot,cohort_eligible_member_count,member_history_observed_fraction_max,0.3163591155216867,0.3163591155216867,3691,below_0p80,False,
group_snapshot,cohort_eligible_member_count,member_history_max_unobserved_gap_sec_min,-0.3159200372934435,0.3159200372934435,3691,below_0p80,False,
group_snapshot,raw_waiting_band_eligible_member_count,member_history_max_unobserved_gap_sec_min,-0.3159200372934435,0.3159200372934435,3691,below_0p80,False,
group_snapshot,veh1_history_front_y_change_m,veh3_history_observed_fraction,0.31322438131468194,0.31322438131468194,3534,below_0p80,False,
group_snapshot,veh1_lateral_x_m,veh3_lateral_x_m,0.3111893373265032,0.3111893373265032,3114,below_0p80,False,
group_snapshot,veh1_front_y_m,veh1_history_observed_fraction,-0.31003973988372835,0.31003973988372835,3534,below_0p80,False,
group_snapshot,eligible_member_fraction_of_group,member_window_low_speed_fraction_max,0.3094186870686354,0.3094186870686354,3691,below_0p80,False,
group_snapshot,veh2_closing_speed_mps,veh3_history_observed_fraction,-0.3076479408013947,0.3076479408013947,3332,below_0p80,False,
group_snapshot,eligible_member_fraction_of_group,member_history_interpolated_fraction_min,-0.30735101909793666,0.30735101909793666,3691,below_0p80,False,
group_snapshot,veh1_history_mean_front_y_m,veh2_history_observed_fraction,-0.307128116606104,0.307128116606104,3534,below_0p80,False,
group_snapshot,veh1_front_y_m,veh3_history_observed_fraction,-0.30653757633016876,0.30653757633016876,3534,below_0p80,False,
group_snapshot,veh1_ttc_capped_sec,veh2_front_y_m,-0.30513297143791435,0.30513297143791435,3332,below_0p80,False,
group_snapshot,eligible_member_fraction_of_group,member_history_observed_fraction_max,0.304335761679049,0.304335761679049,3691,below_0p80,False,
group_snapshot,eligible_member_fraction_of_group,member_history_max_unobserved_gap_sec_min,-0.30356648540448444,0.30356648540448444,3691,below_0p80,False,
group_snapshot,veh1_history_front_y_change_m,veh3_ttc_capped_sec,0.30350557754431107,0.30350557754431107,3534,below_0p80,False,
group_snapshot,veh1_front_y_m,veh3_closing_speed_mps,0.302441308788182,0.302441308788182,3114,below_0p80,False,
group_snapshot,member_waiting_band_dwell_sec_max,member_history_observed_fraction_max,0.3011028308193464,0.3011028308193464,3691,below_0p80,False,
group_snapshot,member_waiting_band_dwell_sec_max,member_history_max_unobserved_gap_sec_min,-0.3000577816120687,0.3000577816120687,3691,below_0p80,False,
group_snapshot,member_waiting_low_speed_time_sec_max,member_history_observed_fraction_max,0.29910411690113103,0.29910411690113103,3691,below_0p80,False,
group_snapshot,member_waiting_low_speed_time_sec_max,member_history_max_unobserved_gap_sec_min,-0.2984462142121846,0.2984462142121846,3691,below_0p80,False,
group_snapshot,approaching_vehicle_count,veh2_speed_mps,0.29661599708420544,0.29661599708420544,3299,below_0p80,False,
group_snapshot,veh3_closing_speed_mps,veh3_history_observed_fraction,-0.2941668007170201,0.2941668007170201,3114,below_0p80,False,
group_snapshot,approaching_vehicle_count,veh1_ttc_capped_sec,-0.2934818203969539,0.2934818203969539,3691,below_0p80,False,
group_snapshot,veh1_speed_mps,veh3_ttc_capped_sec,-0.2918491871307966,0.2918491871307966,3504,below_0p80,False,
group_snapshot,member_current_vy_mps_min,member_history_mean_vy_mps_max,0.2908796963486955,0.2908796963486955,3691,below_0p80,False,
group_snapshot,member_current_vy_mps_min,member_history_y_displacement_m_max,0.28928750251752067,0.28928750251752067,3691,below_0p80,False,
group_snapshot,raw_waiting_band_eligible_member_count,member_current_vy_mps_min,-0.28902838550817966,0.28902838550817966,3691,below_0p80,False,
group_snapshot,cohort_eligible_member_count,member_current_vy_mps_min,-0.28902838550817966,0.28902838550817966,3691,below_0p80,False,
group_snapshot,veh1_front_y_m,veh3_history_front_y_change_m,-0.28811096113316687,0.28811096113316687,3114,below_0p80,False,
group_snapshot,member_waiting_low_speed_time_sec_mean,member_history_observed_fraction_max,0.2857534452772329,0.2857534452772329,3691,below_0p80,False,
group_snapshot,member_waiting_low_speed_time_sec_mean,member_history_max_unobserved_gap_sec_min,-0.2850293510348672,0.2850293510348672,3691,below_0p80,False,
group_snapshot,member_window_low_speed_fraction_max,member_history_observed_fraction_max,0.28458564240693035,0.28458564240693035,3691,below_0p80,False,
group_snapshot,member_current_speed_mps_max,member_history_y_displacement_m_min,-0.28427039959065026,0.28427039959065026,3691,below_0p80,False,
group_snapshot,member_current_speed_mps_max,member_history_mean_vy_mps_min,-0.283831011662941,0.283831011662941,3691,below_0p80,False,
group_snapshot,member_window_low_speed_fraction_max,member_history_max_unobserved_gap_sec_min,-0.28368092130354466,0.28368092130354466,3691,below_0p80,False,
group_snapshot,approaching_vehicle_count,veh2_history_front_y_change_m,-0.2812149733146252,0.2812149733146252,3332,below_0p80,False,
group_snapshot,member_waiting_low_speed_time_sec_min,member_history_max_unobserved_gap_sec_mean,-0.27892631639218135,0.27892631639218135,3691,below_0p80,False,
group_snapshot,member_waiting_low_speed_time_sec_min,member_history_observed_fraction_mean,0.2777851443108442,0.2777851443108442,3691,below_0p80,False,
group_snapshot,member_waiting_band_dwell_sec_mean,member_history_observed_fraction_max,0.2773270947015796,0.2773270947015796,3691,below_0p80,False,
group_snapshot,veh1_closing_speed_mps,veh3_ttc_capped_sec,-0.27716065220418074,0.27716065220418074,3534,below_0p80,False,
group_snapshot,member_history_mean_speed_mps_max,member_history_observed_fraction_max,-0.27625766263430546,0.27625766263430546,3691,below_0p80,False,
group_snapshot,member_waiting_band_dwell_sec_mean,member_history_max_unobserved_gap_sec_min,-0.2762366653323764,0.2762366653323764,3691,below_0p80,False,
group_snapshot,member_history_mean_speed_mps_max,member_history_max_unobserved_gap_sec_min,0.2729322900450478,0.2729322900450478,3691,below_0p80,False,
group_snapshot,member_waiting_low_speed_time_sec_min,member_history_max_unobserved_gap_sec_max,-0.27259693355215686,0.27259693355215686,3691,below_0p80,False,
group_snapshot,member_waiting_low_speed_time_sec_min,member_history_observed_fraction_min,0.27199619109852435,0.27199619109852435,3691,below_0p80,False,
group_snapshot,veh2_history_front_y_change_m,veh3_history_observed_fraction,0.27026370834509506,0.27026370834509506,3332,below_0p80,False,
group_snapshot,member_history_mean_speed_mps_min,member_history_interpolated_fraction_mean,0.26886505286673806,0.26886505286673806,3691,below_0p80,False,
group_snapshot,member_window_low_speed_fraction_max,member_history_interpolated_fraction_min,-0.26877801894820863,0.26877801894820863,3691,below_0p80,False,
group_snapshot,veh1_closing_speed_mps,veh2_history_observed_fraction,-0.2685355802603016,0.2685355802603016,3534,below_0p80,False,
group_snapshot,member_current_vy_mps_max,member_history_y_displacement_m_min,0.26823118749081354,0.26823118749081354,3691,below_0p80,False,
group_snapshot,member_history_mean_speed_mps_min,member_history_max_unobserved_gap_sec_mean,0.26788285268841655,0.26788285268841655,3691,below_0p80,False,
group_snapshot,raw_group_size,cohort_eligible_member_count,0.2676889022853353,0.2676889022853353,3691,below_0p80,False,
group_snapshot,raw_group_size,raw_waiting_band_eligible_member_count,0.2676889022853353,0.2676889022853353,3691,below_0p80,False,
group_snapshot,member_current_vy_mps_max,member_history_mean_vy_mps_min,0.2675356845331087,0.2675356845331087,3691,below_0p80,False,
group_snapshot,member_window_low_speed_fraction_min,member_history_max_unobserved_gap_sec_mean,-0.26714794099377714,0.26714794099377714,3691,below_0p80,False,
group_snapshot,member_history_mean_speed_mps_min,member_history_observed_fraction_mean,-0.26672228304234097,0.26672228304234097,3691,below_0p80,False,
group_snapshot,member_waiting_low_speed_time_sec_max,member_history_interpolated_fraction_min,-0.2662801767715548,0.2662801767715548,3691,below_0p80,False,
group_snapshot,member_window_low_speed_fraction_min,member_history_observed_fraction_mean,0.26590265834465004,0.26590265834465004,3691,below_0p80,False,
group_snapshot,member_window_low_speed_fraction_min,member_history_max_unobserved_gap_sec_max,-0.26454995750571103,0.26454995750571103,3691,below_0p80,False,
group_snapshot,member_window_low_speed_fraction_min,member_history_observed_fraction_min,0.2634722993998251,0.2634722993998251,3691,below_0p80,False,
group_snapshot,member_history_mean_speed_mps_max,member_history_interpolated_fraction_min,0.2617194648833891,0.2617194648833891,3691,below_0p80,False,
group_snapshot,member_waiting_band_dwell_sec_max,member_history_interpolated_fraction_min,-0.2612692515781339,0.2612692515781339,3691,below_0p80,False,
group_snapshot,approaching_vehicle_count,veh2_closing_speed_mps,0.2604285477023298,0.2604285477023298,3332,below_0p80,False,
group_snapshot,member_window_low_speed_fraction_min,approaching_vehicle_count,0.2601108717806255,0.2601108717806255,3691,below_0p80,False,
group_snapshot,member_current_vy_mps_min,member_current_speed_mps_mean,-0.2600521370301046,0.2600521370301046,3691,below_0p80,False,
group_snapshot,member_window_low_speed_fraction_mean,approaching_vehicle_count,0.2589235679943337,0.2589235679943337,3691,below_0p80,False,
group_snapshot,member_waiting_band_dwell_sec_min,member_history_observed_fraction_mean,0.25889420337621594,0.25889420337621594,3691,below_0p80,False,
group_snapshot,member_waiting_band_dwell_sec_min,member_history_max_unobserved_gap_sec_mean,-0.25745172147230844,0.25745172147230844,3691,below_0p80,False,
group_snapshot,member_waiting_band_dwell_sec_min,member_history_observed_fraction_min,0.2570016536866492,0.2570016536866492,3691,below_0p80,False,
group_snapshot,group_young_ratio,group_unknown_age_ratio,-0.25559444328812303,0.25559444328812303,3691,below_0p80,False,
group_snapshot,member_window_low_speed_fraction_min,member_history_interpolated_fraction_mean,-0.25524316384631435,0.25524316384631435,3691,below_0p80,False,
group_snapshot,eligible_member_fraction_of_group,dbscan_mean_speed_mps,-0.25501452908858885,0.25501452908858885,3691,below_0p80,False,
group_snapshot,member_window_low_speed_fraction_min,member_history_interpolated_fraction_max,-0.2548928411105065,0.2548928411105065,3691,below_0p80,False,
group_snapshot,member_current_speed_mps_min,member_history_observed_fraction_max,-0.2548449080430324,0.2548449080430324,3691,below_0p80,False,
group_snapshot,member_waiting_band_dwell_sec_min,member_history_max_unobserved_gap_sec_max,-0.2545689634926221,0.2545689634926221,3691,below_0p80,False,
group_snapshot,member_current_speed_mps_min,member_history_max_unobserved_gap_sec_min,0.2542952422180259,0.2542952422180259,3691,below_0p80,False,
group_snapshot,member_window_low_speed_fraction_mean,member_history_observed_fraction_max,0.2526853503758707,0.2526853503758707,3691,below_0p80,False,
group_snapshot,member_waiting_low_speed_time_sec_mean,member_history_interpolated_fraction_min,-0.25204152651346007,0.25204152651346007,3691,below_0p80,False,
group_snapshot,veh1_history_observed_fraction,veh2_speed_mps,-0.25193585965418,0.25193585965418,3299,below_0p80,False,
group_snapshot,member_window_low_speed_fraction_mean,member_history_max_unobserved_gap_sec_min,-0.25164160486477916,0.25164160486477916,3691,below_0p80,False,
group_snapshot,approaching_vehicle_count,veh1_history_observed_fraction,0.2505541057757976,0.2505541057757976,3691,below_0p80,False,
group_snapshot,member_current_speed_mps_min,member_history_interpolated_fraction_min,0.24928174496883898,0.24928174496883898,3691,below_0p80,False,
group_snapshot,member_waiting_low_speed_time_sec_min,member_history_interpolated_fraction_mean,-0.24899580085467088,0.24899580085467088,3691,below_0p80,False,
group_snapshot,member_current_speed_mps_mean,member_history_mean_vy_mps_min,-0.2489497246883187,0.2489497246883187,3691,below_0p80,False,
group_snapshot,member_current_speed_mps_mean,member_history_y_displacement_m_min,-0.24859920443373162,0.24859920443373162,3691,below_0p80,False,
group_snapshot,veh1_front_y_m,veh2_history_observed_fraction,-0.24746062635603963,0.24746062635603963,3534,below_0p80,False,
group_snapshot,member_window_low_speed_fraction_max,approaching_vehicle_count,0.24500537614645324,0.24500537614645324,3691,below_0p80,False,
group_snapshot,member_waiting_low_speed_time_sec_max,veh3_ttc_capped_sec,-0.24471571839606948,0.24471571839606948,3691,below_0p80,False,
group_snapshot,member_waiting_low_speed_time_sec_min,member_history_interpolated_fraction_max,-0.24463909014621996,0.24463909014621996,3691,below_0p80,False,
group_snapshot,veh2_history_mean_front_y_m,veh2_history_observed_fraction,-0.2436460576903438,0.2436460576903438,3332,below_0p80,False,
group_snapshot,veh2_front_y_m,veh2_history_observed_fraction,-0.24248300154901492,0.24248300154901492,3332,below_0p80,False,
group_snapshot,raw_group_size,group_unknown_gender_ratio,0.24143418411594336,0.24143418411594336,3691,below_0p80,False,
group_snapshot,veh1_lateral_x_m,veh1_closing_speed_mps,0.24095606743474066,0.24095606743474066,3534,below_0p80,False,
group_snapshot,raw_waiting_band_eligible_member_count,member_window_low_speed_fraction_mean,0.24070876905744,0.24070876905744,3691,below_0p80,False,
group_snapshot,cohort_eligible_member_count,member_window_low_speed_fraction_mean,0.24070876905744,0.24070876905744,3691,below_0p80,False,
group_snapshot,veh2_closing_speed_mps,veh2_history_observed_fraction,-0.24068079646822096,0.24068079646822096,3332,below_0p80,False,
group_snapshot,veh3_history_mean_front_y_m,veh3_history_observed_fraction,-0.24040715228264517,0.24040715228264517,3114,below_0p80,False,
group_snapshot,member_window_low_speed_fraction_max,veh3_ttc_capped_sec,-0.24035851324630886,0.24035851324630886,3691,below_0p80,False,
group_snapshot,veh2_front_y_m,veh3_history_observed_fraction,-0.24025898426551467,0.24025898426551467,3332,below_0p80,False,
group_snapshot,member_waiting_low_speed_time_sec_mean,veh3_ttc_capped_sec,-0.23997401543899266,0.23997401543899266,3691,below_0p80,False,
group_snapshot,member_waiting_band_dwell_sec_mean,member_history_interpolated_fraction_min,-0.23849922608297533,0.23849922608297533,3691,below_0p80,False,
group_snapshot,member_window_low_speed_fraction_mean,member_history_max_unobserved_gap_sec_mean,-0.2381638390476029,0.2381638390476029,3691,below_0p80,False,
group_snapshot,member_waiting_low_speed_time_sec_mean,veh3_speed_mps,0.23809034007143157,0.23809034007143157,3091,below_0p80,False,
group_snapshot,raw_waiting_band_eligible_member_count,member_current_vy_mps_max,0.23795336271003706,0.23795336271003706,3691,below_0p80,False,
group_snapshot,cohort_eligible_member_count,member_current_vy_mps_max,0.23795336271003706,0.23795336271003706,3691,below_0p80,False,
group_snapshot,member_window_low_speed_fraction_max,veh3_speed_mps,0.2377936975766159,0.2377936975766159,3091,below_0p80,False,
group_snapshot,member_waiting_low_speed_time_sec_max,veh3_speed_mps,0.23758680151320158,0.23758680151320158,3091,below_0p80,False,
group_snapshot,member_window_low_speed_fraction_mean,veh3_speed_mps,0.23628415330169408,0.23628415330169408,3091,below_0p80,False,
group_snapshot,member_window_low_speed_fraction_mean,member_history_interpolated_fraction_min,-0.23611365733307338,0.23611365733307338,3691,below_0p80,False,
group_snapshot,group_female_ratio,group_unknown_age_ratio,-0.2361089098415821,0.2361089098415821,3691,below_0p80,False,
group_snapshot,member_current_speed_mps_max,member_history_observed_fraction_min,-0.23577442305024215,0.23577442305024215,3691,below_0p80,False,
group_snapshot,member_window_low_speed_fraction_mean,member_history_observed_fraction_mean,0.23527691381935886,0.23527691381935886,3691,below_0p80,False,
group_snapshot,eligible_member_fraction_of_group,group_unknown_gender_ratio,-0.23522752171723313,0.23522752171723313,3691,below_0p80,False,
group_snapshot,member_history_mean_vy_mps_min,member_window_low_speed_fraction_min,0.23490192141007404,0.23490192141007404,3691,below_0p80,False,
group_snapshot,member_window_low_speed_fraction_mean,veh3_ttc_capped_sec,-0.23415746296243778,0.23415746296243778,3691,below_0p80,False,
group_snapshot,dbscan_centroid_y_m,group_unknown_gender_ratio,-0.233647083691214,0.233647083691214,3691,below_0p80,False,
group_snapshot,member_current_speed_mps_max,member_history_max_unobserved_gap_sec_max,0.2333762613986976,0.2333762613986976,3691,below_0p80,False,
group_snapshot,veh1_history_observed_fraction,veh2_closing_speed_mps,-0.23190172382908222,0.23190172382908222,3332,below_0p80,False,
group_snapshot,dbscan_spread_m,dbscan_mean_speed_mps,0.2317337654316239,0.2317337654316239,3691,below_0p80,False,
group_snapshot,member_history_y_displacement_m_min,member_window_low_speed_fraction_min,0.23037729652196673,0.23037729652196673,3691,below_0p80,False,
group_snapshot,veh1_history_front_y_change_m,veh2_history_observed_fraction,0.2301716649363938,0.2301716649363938,3534,below_0p80,False,
group_snapshot,member_current_speed_mps_max,member_history_interpolated_fraction_max,0.22849252920953142,0.22849252920953142,3691,below_0p80,False,
group_snapshot,veh1_history_observed_fraction,veh2_history_mean_front_y_m,-0.22804002526382894,0.22804002526382894,3332,below_0p80,False,
group_snapshot,member_current_speed_mps_max,member_history_observed_fraction_mean,-0.22694350331063404,0.22694350331063404,3691,below_0p80,False,
group_snapshot,member_history_mean_speed_mps_min,member_history_interpolated_fraction_max,0.22659874528049245,0.22659874528049245,3691,below_0p80,False,
group_snapshot,member_history_mean_vy_mps_min,member_waiting_low_speed_time_sec_min,0.2252166675858945,0.2252166675858945,3691,below_0p80,False,
group_snapshot,member_current_speed_mps_max,member_history_max_unobserved_gap_sec_mean,0.22519982163898183,0.22519982163898183,3691,below_0p80,False,
group_snapshot,member_window_low_speed_fraction_min,veh3_lateral_x_m,0.22441857465656384,0.22441857465656384,3114,below_0p80,False,
group_snapshot,member_window_low_speed_fraction_mean,member_history_interpolated_fraction_mean,-0.22421907744117325,0.22421907744117325,3691,below_0p80,False,
group_snapshot,member_window_low_speed_fraction_mean,veh2_ttc_capped_sec,-0.22383801495723676,0.22383801495723676,3691,below_0p80,False,
group_snapshot,member_history_y_displacement_m_min,member_waiting_low_speed_time_sec_min,0.22364953589580644,0.22364953589580644,3691,below_0p80,False,
group_snapshot,member_waiting_band_dwell_sec_min,member_history_interpolated_fraction_mean,-0.2228016091698542,0.2228016091698542,3691,below_0p80,False,
group_snapshot,veh1_history_front_y_change_m,veh1_history_observed_fraction,0.22273301963432698,0.22273301963432698,3534,below_0p80,False,
group_snapshot,member_window_low_speed_fraction_min,veh2_lateral_x_m,0.22233857541948918,0.22233857541948918,3332,below_0p80,False,
group_snapshot,member_waiting_low_speed_time_sec_mean,approaching_vehicle_count,0.22196033941539892,0.22196033941539892,3691,below_0p80,False,
group_snapshot,member_waiting_band_dwell_sec_min,member_history_interpolated_fraction_max,-0.22085192876724935,0.22085192876724935,3691,below_0p80,False,
group_snapshot,member_current_vy_mps_max,member_current_speed_mps_max,0.2207709239718617,0.2207709239718617,3691,below_0p80,False,
group_snapshot,member_current_speed_mps_max,member_history_interpolated_fraction_mean,0.22075199771526052,0.22075199771526052,3691,below_0p80,False,
group_snapshot,veh1_lateral_x_m,veh1_history_front_y_change_m,-0.22072841264913878,0.22072841264913878,3534,below_0p80,False,
group_snapshot,member_history_mean_speed_mps_min,member_history_observed_fraction_min,-0.22046231203272165,0.22046231203272165,3691,below_0p80,False,
group_snapshot,member_window_low_speed_fraction_mean,veh3_lateral_x_m,0.2202604191676084,0.2202604191676084,3114,below_0p80,False,
group_snapshot,member_window_low_speed_fraction_max,veh2_ttc_capped_sec,-0.21984591707662218,0.21984591707662218,3691,below_0p80,False,
group_snapshot,member_current_speed_mps_mean,member_history_max_unobserved_gap_sec_mean,0.2198292572428541,0.2198292572428541,3691,below_0p80,False,
group_snapshot,member_current_speed_mps_mean,member_history_observed_fraction_mean,-0.21969186927038137,0.21969186927038137,3691,below_0p80,False,
group_snapshot,veh1_history_observed_fraction,veh2_history_front_y_change_m,0.21956242272101087,0.21956242272101087,3332,below_0p80,False,
group_snapshot,member_history_mean_speed_mps_min,member_history_max_unobserved_gap_sec_max,0.21860017830205344,0.21860017830205344,3691,below_0p80,False,
group_snapshot,member_waiting_low_speed_time_sec_max,approaching_vehicle_count,0.21768295154832565,0.21768295154832565,3691,below_0p80,False,
group_snapshot,member_window_low_speed_fraction_mean,veh2_speed_mps,0.21690259452318053,0.21690259452318053,3299,below_0p80,False,
group_snapshot,dbscan_mean_vx_mps,dbscan_mean_vy_mps,-0.2166229111476233,0.2166229111476233,3691,below_0p80,False,
group_snapshot,member_current_speed_mps_min,veh3_speed_mps,-0.21640659431459042,0.21640659431459042,3091,below_0p80,False,
group_snapshot,raw_waiting_band_eligible_member_count,member_history_y_displacement_m_min,-0.21319075293130693,0.21319075293130693,3691,below_0p80,False,
group_snapshot,cohort_eligible_member_count,member_history_y_displacement_m_min,-0.21319075293130693,0.21319075293130693,3691,below_0p80,False,
group_snapshot,member_waiting_low_speed_time_sec_mean,member_history_max_unobserved_gap_sec_mean,-0.21273635738122668,0.21273635738122668,3691,below_0p80,False,
group_snapshot,raw_waiting_band_eligible_member_count,member_history_mean_vy_mps_min,-0.21236517375637418,0.21236517375637418,3691,below_0p80,False,
group_snapshot,cohort_eligible_member_count,member_history_mean_vy_mps_min,-0.21236517375637418,0.21236517375637418,3691,below_0p80,False,
group_snapshot,member_waiting_low_speed_time_sec_max,veh3_history_front_y_change_m,-0.21161073615637316,0.21161073615637316,3114,below_0p80,False,
group_snapshot,member_current_speed_mps_mean,member_history_observed_fraction_min,-0.21151269454731114,0.21151269454731114,3691,below_0p80,False,
group_snapshot,member_window_low_speed_fraction_mean,member_history_max_unobserved_gap_sec_max,-0.21135805913600247,0.21135805913600247,3691,below_0p80,False,
group_snapshot,member_current_speed_mps_mean,member_history_interpolated_fraction_mean,0.2106184521593163,0.2106184521593163,3691,below_0p80,False,
group_snapshot,member_current_speed_mps_mean,member_history_max_unobserved_gap_sec_max,0.21048331547303764,0.21048331547303764,3691,below_0p80,False,
group_snapshot,eligible_member_fraction_of_group,member_window_low_speed_fraction_mean,0.21044166589844754,0.21044166589844754,3691,below_0p80,False,
group_snapshot,member_window_low_speed_fraction_mean,member_history_observed_fraction_min,0.20947385858671874,0.20947385858671874,3691,below_0p80,False,
group_snapshot,member_waiting_low_speed_time_sec_max,veh2_ttc_capped_sec,-0.20947164508631105,0.20947164508631105,3691,below_0p80,False,
group_snapshot,veh1_history_observed_fraction,veh3_history_mean_front_y_m,-0.20897667833975503,0.20897667833975503,3114,below_0p80,False,
group_snapshot,member_waiting_low_speed_time_sec_mean,veh2_ttc_capped_sec,-0.20893611824897995,0.20893611824897995,3691,below_0p80,False,
group_snapshot,member_waiting_low_speed_time_sec_mean,member_history_observed_fraction_mean,0.20879440947223776,0.20879440947223776,3691,below_0p80,False,
group_snapshot,member_waiting_low_speed_time_sec_mean,veh3_history_front_y_change_m,-0.20868776199931122,0.20868776199931122,3114,below_0p80,False,
group_snapshot,member_waiting_low_speed_time_sec_max,veh3_closing_speed_mps,0.20858435519081375,0.20858435519081375,3114,below_0p80,False,
group_snapshot,veh1_history_observed_fraction,veh3_speed_mps,-0.2081660010498259,0.2081660010498259,3091,below_0p80,False,
group_snapshot,member_history_mean_vy_mps_min,member_waiting_band_dwell_sec_min,0.2081227647346381,0.2081227647346381,3691,below_0p80,False,
group_snapshot,approaching_vehicle_count,veh3_history_mean_front_y_m,0.20796405424395795,0.20796405424395795,3114,below_0p80,False,
group_snapshot,member_waiting_low_speed_time_sec_mean,veh3_closing_speed_mps,0.2074483346899106,0.2074483346899106,3114,below_0p80,False,
group_snapshot,member_window_low_speed_fraction_max,veh2_speed_mps,0.20719151856316856,0.20719151856316856,3299,below_0p80,False,
group_snapshot,member_history_y_displacement_m_min,member_waiting_band_dwell_sec_min,0.20692714228044115,0.20692714228044115,3691,below_0p80,False,
group_snapshot,member_window_low_speed_fraction_min,veh3_speed_mps,0.20627105175636493,0.20627105175636493,3091,below_0p80,False,
group_snapshot,member_window_low_speed_fraction_max,veh3_history_front_y_change_m,-0.2058862647517976,0.2058862647517976,3114,below_0p80,False,
group_snapshot,dbscan_spread_m,member_current_speed_mps_max,0.20588601683264401,0.20588601683264401,3691,below_0p80,False,
group_snapshot,veh3_front_y_m,veh3_history_observed_fraction,-0.20556723046491956,0.20556723046491956,3114,below_0p80,False,
group_snapshot,member_window_low_speed_fraction_max,veh3_closing_speed_mps,0.20553462535792374,0.20553462535792374,3114,below_0p80,False,
group_snapshot,member_window_low_speed_fraction_min,veh3_ttc_capped_sec,-0.20381435253929958,0.20381435253929958,3691,below_0p80,False,
group_snapshot,member_waiting_band_dwell_sec_mean,member_history_max_unobserved_gap_sec_mean,-0.20363546192906504,0.20363546192906504,3691,below_0p80,False,
group_snapshot,group_unknown_gender_ratio,member_distance_to_crossing_line_m_mean,0.20358692815178572,0.20358692815178572,3691,below_0p80,False,
group_snapshot,member_window_low_speed_fraction_max,veh3_lateral_x_m,0.20357756444952013,0.20357756444952013,3114,below_0p80,False,
group_snapshot,cohort_eligible_member_count,member_history_y_displacement_m_max,0.203414315917245,0.203414315917245,3691,below_0p80,False,
group_snapshot,raw_waiting_band_eligible_member_count,member_history_y_displacement_m_max,0.203414315917245,0.203414315917245,3691,below_0p80,False,
group_snapshot,member_window_low_speed_fraction_mean,veh2_lateral_x_m,0.203218354458174,0.203218354458174,3332,below_0p80,False,
group_snapshot,dbscan_spread_m,member_history_mean_speed_mps_max,0.20320706814913153,0.20320706814913153,3691,below_0p80,False,
group_snapshot,veh3_history_front_y_change_m,veh3_history_observed_fraction,0.2030710996530473,0.2030710996530473,3114,below_0p80,False,
group_snapshot,member_window_low_speed_fraction_mean,veh3_history_front_y_change_m,-0.20305300365636977,0.20305300365636977,3114,below_0p80,False,
group_snapshot,member_window_low_speed_fraction_mean,veh3_closing_speed_mps,0.20283615407873676,0.20283615407873676,3114,below_0p80,False,
group_snapshot,member_window_low_speed_fraction_min,veh2_ttc_capped_sec,-0.20272385919236902,0.20272385919236902,3691,below_0p80,False,
group_snapshot,veh1_lateral_x_m,veh1_speed_mps,0.20270901587423615,0.20270901587423615,3504,below_0p80,False,
group_snapshot,member_current_speed_mps_mean,member_history_interpolated_fraction_max,0.20227544524319557,0.20227544524319557,3691,below_0p80,False,
group_snapshot,group_old_ratio,veh2_history_observed_fraction,-0.2020788811568208,0.2020788811568208,3691,below_0p80,False,
group_snapshot,member_window_low_speed_fraction_min,veh2_speed_mps,0.2019019259661825,0.2019019259661825,3299,below_0p80,False,
group_snapshot,dbscan_mean_speed_mps,member_history_max_unobserved_gap_sec_mean,0.20164515215694434,0.20164515215694434,3691,below_0p80,False,
group_snapshot,member_window_low_speed_fraction_mean,member_history_interpolated_fraction_max,-0.2015474796892917,0.2015474796892917,3691,below_0p80,False,
group_snapshot,member_waiting_band_dwell_sec_mean,member_history_observed_fraction_mean,0.20144301722270497,0.20144301722270497,3691,below_0p80,False,
group_snapshot,dbscan_centroid_x_m,veh1_history_mean_front_y_m,-0.20088854808350182,0.20088854808350182,3534,below_0p80,False,
group_snapshot,dbscan_mean_speed_mps,member_history_observed_fraction_mean,-0.20062352160886732,0.20062352160886732,3691,below_0p80,False,
group_snapshot,member_current_speed_mps_min,veh2_ttc_capped_sec,0.19910202074892092,0.19910202074892092,3691,below_0p80,False,
group_snapshot,cohort_eligible_member_count,member_history_mean_vy_mps_max,0.19908257692772824,0.19908257692772824,3691,below_0p80,False,
group_snapshot,raw_waiting_band_eligible_member_count,member_history_mean_vy_mps_max,0.19908257692772824,0.19908257692772824,3691,below_0p80,False,
group_snapshot,member_current_speed_mps_min,veh2_speed_mps,-0.19901929213335817,0.19901929213335817,3299,below_0p80,False,
group_snapshot,dbscan_centroid_x_m,veh2_history_mean_front_y_m,-0.19901130674940787,0.19901130674940787,3332,below_0p80,False,
group_snapshot,member_waiting_low_speed_time_sec_min,member_history_observed_fraction_max,0.1981971482773409,0.1981971482773409,3691,below_0p80,False,
group_snapshot,veh1_front_y_m,veh2_ttc_capped_sec,-0.19771448587057597,0.19771448587057597,3534,below_0p80,False,
group_snapshot,member_waiting_low_speed_time_sec_min,approaching_vehicle_count,0.1974360440173051,0.1974360440173051,3691,below_0p80,False,
group_snapshot,member_history_mean_speed_mps_max,member_history_y_displacement_m_max,0.19716937397999554,0.19716937397999554,3691,below_0p80,False,
group_snapshot,member_waiting_low_speed_time_sec_min,member_history_max_unobserved_gap_sec_min,-0.19711545276313983,0.19711545276313983,3691,below_0p80,False,
group_snapshot,member_waiting_band_dwell_sec_max,veh3_ttc_capped_sec,-0.1969516344002876,0.1969516344002876,3691,below_0p80,False,
group_snapshot,member_window_low_speed_fraction_max,member_history_max_unobserved_gap_sec_mean,-0.19641956511140624,0.19641956511140624,3691,below_0p80,False,
group_snapshot,group_unknown_gender_ratio,member_distance_to_crossing_line_m_max,0.1963701346606096,0.1963701346606096,3691,below_0p80,False,
group_snapshot,group_old_ratio,group_unknown_age_ratio,-0.19566727163798592,0.19566727163798592,3691,below_0p80,False,
group_snapshot,member_history_mean_vy_mps_min,member_history_mean_speed_mps_max,-0.1956313094484332,0.1956313094484332,3691,below_0p80,False,
group_snapshot,member_current_vy_mps_max,member_history_mean_speed_mps_max,0.19554405304192063,0.19554405304192063,3691,below_0p80,False,
group_snapshot,member_history_mean_speed_mps_max,veh2_lateral_x_m,-0.1951259915772993,0.1951259915772993,3332,below_0p80,False,
group_snapshot,member_history_mean_speed_mps_mean,veh2_lateral_x_m,-0.19497285492293678,0.19497285492293678,3332,below_0p80,False,
group_snapshot,dbscan_mean_speed_mps,member_current_vy_mps_min,-0.19399495884679335,0.19399495884679335,3691,below_0p80,False,
group_snapshot,member_waiting_band_dwell_sec_mean,veh3_ttc_capped_sec,-0.1937826897566058,0.1937826897566058,3691,below_0p80,False,
group_snapshot,veh2_history_observed_fraction,veh3_speed_mps,-0.19370279399374082,0.19370279399374082,3091,below_0p80,False,
group_snapshot,group_unknown_gender_ratio,member_distance_to_crossing_line_m_min,0.1932029655544178,0.1932029655544178,3691,below_0p80,False,
group_snapshot,member_history_mean_speed_mps_mean,veh3_lateral_x_m,-0.1931666270475287,0.1931666270475287,3114,below_0p80,False,
group_snapshot,member_waiting_band_dwell_sec_mean,veh3_speed_mps,0.19276015212129122,0.19276015212129122,3091,below_0p80,False,
group_snapshot,member_window_low_speed_fraction_mean,veh2_closing_speed_mps,0.19251743432235097,0.19251743432235097,3332,below_0p80,False,
group_snapshot,dbscan_mean_speed_mps,member_history_y_displacement_m_min,-0.19250506045801166,0.19250506045801166,3691,below_0p80,False,
group_snapshot,member_window_low_speed_fraction_max,member_history_observed_fraction_mean,0.1924839112873728,0.1924839112873728,3691,below_0p80,False,
group_snapshot,raw_waiting_band_eligible_member_count,dbscan_mean_speed_mps,-0.19194882938454116,0.19194882938454116,3691,below_0p80,False,
group_snapshot,cohort_eligible_member_count,dbscan_mean_speed_mps,-0.19194882938454116,0.19194882938454116,3691,below_0p80,False,
group_snapshot,veh2_lateral_x_m,veh2_speed_mps,0.19142293224879722,0.19142293224879722,3299,below_0p80,False,
group_snapshot,dbscan_mean_speed_mps,member_history_observed_fraction_max,-0.1912573558035583,0.1912573558035583,3691,below_0p80,False,
group_snapshot,member_current_speed_mps_min,veh3_ttc_capped_sec,0.19111185737618644,0.19111185737618644,3691,below_0p80,False,
group_snapshot,dbscan_mean_speed_mps,member_history_mean_vy_mps_min,-0.19107022510644442,0.19107022510644442,3691,below_0p80,False,
group_snapshot,eligible_member_fraction_of_group,member_current_vy_mps_min,-0.19101575624512138,0.19101575624512138,3691,below_0p80,False,
group_snapshot,member_waiting_low_speed_time_sec_min,veh2_lateral_x_m,0.19044630693995204,0.19044630693995204,3332,below_0p80,False,
group_snapshot,dbscan_centroid_y_m,group_unknown_age_ratio,-0.19025045678544278,0.19025045678544278,3691,below_0p80,False,
group_snapshot,group_old_ratio,veh3_history_observed_fraction,-0.1901629641781754,0.1901629641781754,3691,below_0p80,False,
group_snapshot,dbscan_mean_speed_mps,member_history_max_unobserved_gap_sec_min,0.19013855470806934,0.19013855470806934,3691,below_0p80,False,
group_snapshot,raw_group_size,group_male_ratio,-0.1898648451036782,0.1898648451036782,3691,below_0p80,False,
group_snapshot,member_history_mean_speed_mps_max,member_history_y_displacement_m_min,-0.18962290345196847,0.18962290345196847,3691,below_0p80,False,
group_snapshot,member_waiting_band_dwell_sec_max,veh3_speed_mps,0.18960417093366866,0.18960417093366866,3091,below_0p80,False,
group_snapshot,member_waiting_low_speed_time_sec_mean,veh2_speed_mps,0.18941790500941386,0.18941790500941386,3299,below_0p80,False,
group_snapshot,member_window_low_speed_fraction_mean,veh2_history_front_y_change_m,-0.18931361550862136,0.18931361550862136,3332,below_0p80,False,
group_snapshot,member_history_y_displacement_m_max,member_history_observed_fraction_min,-0.18911197092501916,0.18911197092501916,3691,below_0p80,False,
group_snapshot,member_history_mean_vy_mps_max,member_history_observed_fraction_min,-0.18910061362296474,0.18910061362296474,3691,below_0p80,False,
group_snapshot,dbscan_centroid_x_m,group_male_ratio,0.18853198605672497,0.18853198605672497,3691,below_0p80,False,
group_snapshot,dbscan_mean_speed_mps,member_history_interpolated_fraction_mean,0.1871616815280643,0.1871616815280643,3691,below_0p80,False,
group_snapshot,member_window_low_speed_fraction_min,veh2_closing_speed_mps,0.18704343665714596,0.18704343665714596,3332,below_0p80,False,
group_snapshot,member_history_mean_vy_mps_max,member_history_mean_speed_mps_max,0.18686355264010196,0.18686355264010196,3691,below_0p80,False,
group_snapshot,veh1_ttc_capped_sec,veh3_history_observed_fraction,0.1863976084393694,0.1863976084393694,3691,below_0p80,False,
group_snapshot,dbscan_mean_speed_mps,member_history_observed_fraction_min,-0.18630822996839996,0.18630822996839996,3691,below_0p80,False,
group_snapshot,dbscan_mean_speed_mps,member_history_max_unobserved_gap_sec_max,0.18607507394578263,0.18607507394578263,3691,below_0p80,False,
group_snapshot,member_history_mean_vy_mps_max,member_history_max_unobserved_gap_sec_max,0.1858027272646074,0.1858027272646074,3691,below_0p80,False,
group_snapshot,member_history_y_displacement_m_max,member_history_max_unobserved_gap_sec_max,0.18546216439516994,0.18546216439516994,3691,below_0p80,False,
group_snapshot,veh1_lateral_x_m,veh1_ttc_capped_sec,-0.18543739888817046,0.18543739888817046,3534,below_0p80,False,
group_snapshot,member_waiting_low_speed_time_sec_max,member_history_max_unobserved_gap_sec_mean,-0.18515742143996833,0.18515742143996833,3691,below_0p80,False,
group_snapshot,member_current_speed_mps_mean,veh3_lateral_x_m,-0.18513055051431182,0.18513055051431182,3114,below_0p80,False,
group_snapshot,member_window_low_speed_fraction_min,veh2_history_front_y_change_m,-0.18500061511380148,0.18500061511380148,3332,below_0p80,False,
group_snapshot,veh1_history_observed_fraction,veh3_closing_speed_mps,-0.1850004771892303,0.1850004771892303,3114,below_0p80,False,
group_snapshot,member_waiting_low_speed_time_sec_max,veh2_speed_mps,0.18435812156424056,0.18435812156424056,3299,below_0p80,False,
group_snapshot,veh1_lateral_x_m,veh3_history_observed_fraction,-0.18412335440637978,0.18412335440637978,3534,below_0p80,False,
group_snapshot,group_young_ratio,member_window_low_speed_fraction_min,-0.18396414218863075,0.18396414218863075,3691,below_0p80,False,
group_snapshot,member_history_mean_speed_mps_mean,approaching_vehicle_count,-0.1836883295321778,0.1836883295321778,3691,below_0p80,False,
group_snapshot,dbscan_centroid_x_m,veh2_lateral_x_m,-0.1828144495494899,0.1828144495494899,3332,below_0p80,False,
group_snapshot,member_current_vy_mps_min,member_history_mean_speed_mps_max,-0.1826124049287186,0.1826124049287186,3691,below_0p80,False,
group_snapshot,dbscan_centroid_x_m,member_window_low_speed_fraction_min,-0.18248645406607528,0.18248645406607528,3691,below_0p80,False,
group_snapshot,member_current_speed_mps_min,veh3_history_front_y_change_m,0.18243723003892168,0.18243723003892168,3114,below_0p80,False,
group_snapshot,member_window_low_speed_fraction_max,member_history_interpolated_fraction_mean,-0.18243310535635415,0.18243310535635415,3691,below_0p80,False,
group_snapshot,veh1_lateral_x_m,veh1_history_mean_front_y_m,0.18237989669877805,0.18237989669877805,3534,below_0p80,False,
group_snapshot,member_waiting_low_speed_time_sec_min,veh3_lateral_x_m,0.18122845895427464,0.18122845895427464,3114,below_0p80,False,
group_snapshot,approaching_vehicle_count,veh3_lateral_x_m,0.1810911359183027,0.1810911359183027,3114,below_0p80,False,
group_snapshot,group_old_ratio,approaching_vehicle_count,-0.18081230892827432,0.18081230892827432,3691,below_0p80,False,
group_snapshot,member_waiting_low_speed_time_sec_max,member_history_observed_fraction_mean,0.18060906222942752,0.18060906222942752,3691,below_0p80,False,
group_snapshot,dbscan_centroid_x_m,veh1_front_y_m,-0.18037559072971468,0.18037559072971468,3534,below_0p80,False,
group_snapshot,member_waiting_band_dwell_sec_min,member_history_observed_fraction_max,0.18020842729878,0.18020842729878,3691,below_0p80,False,
group_snapshot,dbscan_mean_speed_mps,veh3_lateral_x_m,-0.18016929602868462,0.18016929602868462,3114,below_0p80,False,
group_snapshot,member_current_speed_mps_min,approaching_vehicle_count,-0.17997933937131366,0.17997933937131366,3691,below_0p80,False,
group_snapshot,member_history_mean_speed_mps_min,veh3_lateral_x_m,-0.1797323396472539,0.1797323396472539,3114,below_0p80,False,
group_snapshot,group_old_ratio,active_vehicle_count,-0.17973170358864848,0.17973170358864848,3691,below_0p80,False,
group_snapshot,dbscan_mean_speed_mps,member_history_interpolated_fraction_min,0.17910406870797546,0.17910406870797546,3691,below_0p80,False,
group_snapshot,veh1_front_y_m,veh1_ttc_capped_sec,-0.1790830633427212,0.1790830633427212,3534,below_0p80,False,
group_snapshot,veh2_history_observed_fraction,veh3_closing_speed_mps,-0.17893401065253797,0.17893401065253797,3114,below_0p80,False,
group_snapshot,dbscan_centroid_x_m,veh2_speed_mps,-0.17889359414249428,0.17889359414249428,3299,below_0p80,False,
group_snapshot,member_waiting_band_dwell_sec_min,member_history_max_unobserved_gap_sec_min,-0.17875867805364024,0.17875867805364024,3691,below_0p80,False,
group_snapshot,member_current_speed_mps_min,veh3_closing_speed_mps,-0.17835496022065603,0.17835496022065603,3114,below_0p80,False,
group_snapshot,member_current_speed_mps_min,veh2_history_front_y_change_m,0.1781815328274556,0.1781815328274556,3332,below_0p80,False,
group_snapshot,cohort_eligible_member_count,veh3_ttc_capped_sec,-0.17814356473929743,0.17814356473929743,3691,below_0p80,False,
group_snapshot,raw_waiting_band_eligible_member_count,veh3_ttc_capped_sec,-0.17814356473929743,0.17814356473929743,3691,below_0p80,False,
group_snapshot,member_waiting_low_speed_time_sec_min,veh3_speed_mps,0.17787039490988946,0.17787039490988946,3091,below_0p80,False,
group_snapshot,member_window_low_speed_fraction_max,veh2_closing_speed_mps,0.17761738604498659,0.17761738604498659,3332,below_0p80,False,
group_snapshot,dbscan_spread_m,member_waiting_low_speed_time_sec_min,-0.17734244870923993,0.17734244870923993,3691,below_0p80,False,
group_snapshot,member_current_speed_mps_max,veh3_lateral_x_m,-0.17720008300932957,0.17720008300932957,3114,below_0p80,False,
group_snapshot,veh1_history_mean_front_y_m,veh3_ttc_capped_sec,-0.17712443663398417,0.17712443663398417,3534,below_0p80,False,
group_snapshot,member_current_speed_mps_min,veh2_closing_speed_mps,-0.17696797553169677,0.17696797553169677,3332,below_0p80,False,
group_snapshot,member_window_low_speed_fraction_max,veh2_history_front_y_change_m,-0.1768431683683659,0.1768431683683659,3332,below_0p80,False,
group_snapshot,member_history_mean_speed_mps_max,veh3_lateral_x_m,-0.17652406660839357,0.17652406660839357,3114,below_0p80,False,
group_snapshot,dbscan_mean_vx_mps,member_current_vy_mps_mean,-0.17590088918491512,0.17590088918491512,3691,below_0p80,False,
group_snapshot,member_current_speed_mps_max,veh2_lateral_x_m,-0.17521156647663813,0.17521156647663813,3332,below_0p80,False,
group_snapshot,member_history_mean_speed_mps_min,approaching_vehicle_count,-0.17510899104362018,0.17510899104362018,3691,below_0p80,False,
group_snapshot,member_window_low_speed_fraction_min,veh3_closing_speed_mps,0.17505302966864733,0.17505302966864733,3114,below_0p80,False,
group_snapshot,member_waiting_low_speed_time_sec_mean,member_history_max_unobserved_gap_sec_max,-0.17494941966739566,0.17494941966739566,3691,below_0p80,False,
group_snapshot,member_window_low_speed_fraction_min,veh3_history_front_y_change_m,-0.17478842046384804,0.17478842046384804,3114,below_0p80,False,
group_snapshot,member_current_speed_mps_mean,veh2_lateral_x_m,-0.17446192774937314,0.17446192774937314,3332,below_0p80,False,
group_snapshot,active_vehicle_count,veh3_lateral_x_m,0.17428637381433246,0.17428637381433246,3114,below_0p80,False,
group_snapshot,dbscan_mean_speed_mps,member_history_interpolated_fraction_max,0.1742817954468459,0.1742817954468459,3691,below_0p80,False,
group_snapshot,dbscan_mean_speed_mps,veh2_lateral_x_m,-0.17413640494547078,0.17413640494547078,3332,below_0p80,False,
group_snapshot,veh2_lateral_x_m,veh2_closing_speed_mps,0.1740392605703581,0.1740392605703581,3332,below_0p80,False,
group_snapshot,dbscan_centroid_x_m,veh2_closing_speed_mps,-0.17401593031976814,0.17401593031976814,3332,below_0p80,False,
group_snapshot,dbscan_spread_m,member_waiting_band_dwell_sec_min,-0.17387788261798154,0.17387788261798154,3691,below_0p80,False,
group_snapshot,group_young_ratio,member_history_mean_speed_mps_max,0.17363652476857647,0.17363652476857647,3691,below_0p80,False,
group_snapshot,group_unknown_age_ratio,member_distance_to_crossing_line_m_mean,0.17363099178730718,0.17363099178730718,3691,below_0p80,False,
group_snapshot,member_waiting_low_speed_time_sec_mean,member_history_observed_fraction_min,0.17275650228497208,0.17275650228497208,3691,below_0p80,False,
group_snapshot,member_history_mean_vy_mps_max,member_history_observed_fraction_mean,-0.17251145325259695,0.17251145325259695,3691,below_0p80,False,
group_snapshot,veh2_front_y_m,veh2_ttc_capped_sec,-0.17249333438539333,0.17249333438539333,3332,below_0p80,False,
group_snapshot,member_history_y_displacement_m_max,member_history_observed_fraction_mean,-0.17195933385060944,0.17195933385060944,3691,below_0p80,False,
group_snapshot,eligible_member_fraction_of_group,member_history_mean_speed_mps_mean,-0.17193028798590762,0.17193028798590762,3691,below_0p80,False,
group_snapshot,dbscan_centroid_x_m,veh3_lateral_x_m,-0.17160995492912107,0.17160995492912107,3114,below_0p80,False,
group_snapshot,member_current_speed_mps_mean,member_history_observed_fraction_max,-0.17150853623185164,0.17150853623185164,3691,below_0p80,False,
group_snapshot,member_window_low_speed_fraction_min,member_history_observed_fraction_max,0.17133316437140372,0.17133316437140372,3691,below_0p80,False,
group_snapshot,member_waiting_low_speed_time_sec_min,member_history_interpolated_fraction_min,-0.17131335608707635,0.17131335608707635,3691,below_0p80,False,
group_snapshot,group_unknown_gender_ratio,approaching_vehicle_count,0.17103446298055244,0.17103446298055244,3691,below_0p80,False,
group_snapshot,member_current_speed_mps_mean,member_history_max_unobserved_gap_sec_min,0.17052266481936587,0.17052266481936587,3691,below_0p80,False,
group_snapshot,member_window_low_speed_fraction_min,member_history_max_unobserved_gap_sec_min,-0.17039864472168392,0.17039864472168392,3691,below_0p80,False,
group_snapshot,member_waiting_band_dwell_sec_max,veh3_history_front_y_change_m,-0.17005753696745576,0.17005753696745576,3114,below_0p80,False,
group_snapshot,member_waiting_band_dwell_sec_max,member_history_max_unobserved_gap_sec_mean,-0.169931639288108,0.169931639288108,3691,below_0p80,False,
group_snapshot,group_unknown_age_ratio,member_distance_to_crossing_line_m_min,0.16991858709480828,0.16991858709480828,3691,below_0p80,False,
group_snapshot,member_waiting_band_dwell_sec_mean,veh3_history_front_y_change_m,-0.16962117649258904,0.16962117649258904,3114,below_0p80,False,
group_snapshot,veh2_lateral_x_m,veh2_ttc_capped_sec,-0.16939182222205917,0.16939182222205917,3332,below_0p80,False,
group_snapshot,member_history_mean_vy_mps_max,member_history_max_unobserved_gap_sec_mean,0.1691592641522049,0.1691592641522049,3691,below_0p80,False,
group_snapshot,member_waiting_low_speed_time_sec_mean,member_history_interpolated_fraction_mean,-0.1691537376917006,0.1691537376917006,3691,below_0p80,False,
group_snapshot,veh2_lateral_x_m,veh2_history_front_y_change_m,-0.1691007017461377,0.1691007017461377,3332,below_0p80,False,
group_snapshot,cohort_eligible_member_count,veh3_history_front_y_change_m,-0.1689308241040372,0.1689308241040372,3114,below_0p80,False,
group_snapshot,raw_waiting_band_eligible_member_count,veh3_history_front_y_change_m,-0.1689308241040372,0.1689308241040372,3114,below_0p80,False,
group_snapshot,member_history_mean_vy_mps_min,member_window_low_speed_fraction_mean,0.16890514506769352,0.16890514506769352,3691,below_0p80,False,
group_snapshot,member_window_low_speed_fraction_max,veh2_lateral_x_m,0.1688633200220782,0.1688633200220782,3332,below_0p80,False,
group_snapshot,member_waiting_low_speed_time_sec_min,veh3_ttc_capped_sec,-0.16835942095730108,0.16835942095730108,3691,below_0p80,False,
group_snapshot,member_current_speed_mps_min,member_history_max_unobserved_gap_sec_mean,0.16834890637678465,0.16834890637678465,3691,below_0p80,False,
group_snapshot,member_waiting_band_dwell_sec_mean,member_history_max_unobserved_gap_sec_max,-0.16826186276980984,0.16826186276980984,3691,below_0p80,False,
group_snapshot,group_old_ratio,veh1_history_observed_fraction,-0.16825044186057544,0.16825044186057544,3691,below_0p80,False,
group_snapshot,member_history_y_displacement_m_max,member_history_max_unobserved_gap_sec_mean,0.1682474973942595,0.1682474973942595,3691,below_0p80,False,
group_snapshot,dbscan_centroid_x_m,veh1_speed_mps,-0.16808499342907707,0.16808499342907707,3504,below_0p80,False,
group_snapshot,member_waiting_band_dwell_sec_mean,member_history_observed_fraction_min,0.16808251943548472,0.16808251943548472,3691,below_0p80,False,
group_snapshot,dbscan_centroid_x_m,member_window_low_speed_fraction_mean,-0.1677915151302878,0.1677915151302878,3691,below_0p80,False,
group_snapshot,member_current_vy_mps_min,member_window_low_speed_fraction_min,0.16766204058810297,0.16766204058810297,3691,below_0p80,False,
group_snapshot,member_waiting_band_dwell_sec_mean,veh3_closing_speed_mps,0.16743406986819603,0.16743406986819603,3114,below_0p80,False,
group_snapshot,group_female_ratio,group_adult_ratio,0.16717514345323814,0.16717514345323814,3691,below_0p80,False,
group_snapshot,group_unknown_age_ratio,member_distance_to_crossing_line_m_max,0.16682175193924575,0.16682175193924575,3691,below_0p80,False,
group_snapshot,member_waiting_band_dwell_sec_max,member_history_observed_fraction_mean,0.16678204704721883,0.16678204704721883,3691,below_0p80,False,
group_snapshot,dbscan_spread_m,member_current_speed_mps_mean,0.16674300025783056,0.16674300025783056,3691,below_0p80,False,
group_snapshot,member_history_mean_speed_mps_min,veh3_speed_mps,-0.16623202562476325,0.16623202562476325,3091,below_0p80,False,
group_snapshot,member_current_speed_mps_mean,member_history_interpolated_fraction_min,0.16619462468284177,0.16619462468284177,3691,below_0p80,False,
group_snapshot,member_waiting_band_dwell_sec_max,veh3_closing_speed_mps,0.1657811689420798,0.1657811689420798,3114,below_0p80,False,
group_snapshot,dbscan_centroid_x_m,veh2_front_y_m,-0.16576423190630582,0.16576423190630582,3332,below_0p80,False,
group_snapshot,veh1_history_observed_fraction,veh3_front_y_m,-0.1657243830521036,0.1657243830521036,3114,below_0p80,False,
group_snapshot,member_current_vy_mps_max,member_current_speed_mps_mean,0.16527787020182,0.16527787020182,3691,below_0p80,False,
group_snapshot,member_waiting_low_speed_time_sec_mean,veh2_closing_speed_mps,0.16526591172081473,0.16526591172081473,3332,below_0p80,False,
group_snapshot,dbscan_centroid_x_m,veh2_history_front_y_change_m,0.16480539906902097,0.16480539906902097,3332,below_0p80,False,
group_snapshot,member_current_speed_mps_min,member_history_observed_fraction_mean,-0.1646356777682331,0.1646356777682331,3691,below_0p80,False,
group_snapshot,member_waiting_low_speed_time_sec_mean,veh2_history_front_y_change_m,-0.1644716880304326,0.1644716880304326,3332,below_0p80,False,
group_snapshot,member_history_y_displacement_m_min,member_window_low_speed_fraction_mean,0.16410610011395385,0.16410610011395385,3691,below_0p80,False,
group_snapshot,raw_waiting_band_eligible_member_count,veh3_speed_mps,0.1635978773568149,0.1635978773568149,3091,below_0p80,False,
group_snapshot,cohort_eligible_member_count,veh3_speed_mps,0.1635978773568149,0.1635978773568149,3091,below_0p80,False,
group_snapshot,member_history_y_displacement_m_max,member_history_interpolated_fraction_max,0.16336031711441812,0.16336031711441812,3691,below_0p80,False,
group_snapshot,veh1_history_observed_fraction,veh2_front_y_m,-0.1627476087055075,0.1627476087055075,3332,below_0p80,False,
group_snapshot,member_current_speed_mps_min,veh3_lateral_x_m,-0.16243249073872024,0.16243249073872024,3114,below_0p80,False,
group_snapshot,group_adult_ratio,veh2_lateral_x_m,0.16229522624545964,0.16229522624545964,3332,below_0p80,False,
group_snapshot,dbscan_spread_m,member_window_low_speed_fraction_min,-0.16220347912194527,0.16220347912194527,3691,below_0p80,False,
group_snapshot,member_history_mean_speed_mps_min,veh3_ttc_capped_sec,0.16203996091460843,0.16203996091460843,3691,below_0p80,False,
group_snapshot,dbscan_centroid_x_m,veh3_history_mean_front_y_m,-0.16090870970975443,0.16090870970975443,3114,below_0p80,False,
group_snapshot,eligible_member_fraction_of_group,member_current_vy_mps_max,0.16049161998514802,0.16049161998514802,3691,below_0p80,False,
group_snapshot,cohort_eligible_member_count,veh3_closing_speed_mps,0.1604570171570703,0.1604570171570703,3114,below_0p80,False,
group_snapshot,raw_waiting_band_eligible_member_count,veh3_closing_speed_mps,0.1604570171570703,0.1604570171570703,3114,below_0p80,False,
group_snapshot,eligible_member_fraction_of_group,group_male_ratio,0.1602153770586525,0.1602153770586525,3691,below_0p80,False,
group_snapshot,member_current_vy_mps_max,member_history_observed_fraction_min,-0.16012343394416392,0.16012343394416392,3691,below_0p80,False,
group_snapshot,veh2_history_observed_fraction,veh3_history_mean_front_y_m,-0.1600421593490554,0.1600421593490554,3114,below_0p80,False,
group_snapshot,group_adult_ratio,approaching_vehicle_count,0.1600104498777906,0.1600104498777906,3691,below_0p80,False,
group_snapshot,veh1_lateral_x_m,veh2_history_observed_fraction,-0.15996037558803303,0.15996037558803303,3534,below_0p80,False,
group_snapshot,member_history_mean_speed_mps_max,approaching_vehicle_count,-0.15990738910419214,0.15990738910419214,3691,below_0p80,False,
group_snapshot,member_waiting_low_speed_time_sec_max,veh2_closing_speed_mps,0.15979471215773505,0.15979471215773505,3332,below_0p80,False,
group_snapshot,member_waiting_low_speed_time_sec_max,veh2_history_front_y_change_m,-0.15967861357742347,0.15967861357742347,3332,below_0p80,False,
group_snapshot,veh1_history_observed_fraction,veh3_history_front_y_change_m,0.15950178247502833,0.15950178247502833,3114,below_0p80,False,
group_snapshot,member_current_speed_mps_mean,approaching_vehicle_count,-0.15922867061507598,0.15922867061507598,3691,below_0p80,False,
group_snapshot,group_female_ratio,member_distance_to_crossing_line_m_min,-0.15834855565943184,0.15834855565943184,3691,below_0p80,False,
group_snapshot,dbscan_centroid_y_m,group_adult_ratio,0.15811037434484193,0.15811037434484193,3691,below_0p80,False,
group_snapshot,member_history_mean_vy_mps_min,member_history_mean_speed_mps_mean,-0.15785822571960895,0.15785822571960895,3691,below_0p80,False,
group_snapshot,member_history_mean_vy_mps_max,member_history_interpolated_fraction_max,0.15776726395417084,0.15776726395417084,3691,below_0p80,False,
group_snapshot,group_young_ratio,member_history_mean_speed_mps_mean,0.15748383456135862,0.15748383456135862,3691,below_0p80,False,
group_snapshot,member_waiting_low_speed_time_sec_min,veh2_speed_mps,0.15720252866155546,0.15720252866155546,3299,below_0p80,False,
group_snapshot,group_adult_ratio,veh2_history_front_y_change_m,-0.15690563563566284,0.15690563563566284,3332,below_0p80,False,
group_snapshot,member_history_mean_speed_mps_min,veh2_lateral_x_m,-0.15656179728588182,0.15656179728588182,3332,below_0p80,False,
group_snapshot,member_waiting_band_dwell_sec_mean,approaching_vehicle_count,0.15626112086339972,0.15626112086339972,3691,below_0p80,False,
group_snapshot,dbscan_mean_speed_mps,approaching_vehicle_count,-0.15560880011286335,0.15560880011286335,3691,below_0p80,False,
group_snapshot,member_window_low_speed_fraction_min,member_history_interpolated_fraction_min,-0.1555618651981205,0.1555618651981205,3691,below_0p80,False,
group_snapshot,group_adult_ratio,veh2_ttc_capped_sec,-0.1553789493439351,0.1553789493439351,3691,below_0p80,False,
group_snapshot,group_young_ratio,member_window_low_speed_fraction_mean,-0.15534282466450072,0.15534282466450072,3691,below_0p80,False,
group_snapshot,member_window_low_speed_fraction_max,member_history_max_unobserved_gap_sec_max,-0.15500673081761684,0.15500673081761684,3691,below_0p80,False,
group_snapshot,group_young_ratio,member_history_mean_vy_mps_min,-0.15478859303336062,0.15478859303336062,3691,below_0p80,False,
group_snapshot,dbscan_spread_m,member_history_mean_speed_mps_mean,0.15468020929175183,0.15468020929175183,3691,below_0p80,False,
group_snapshot,member_current_speed_mps_min,member_history_interpolated_fraction_mean,0.15467843934094852,0.15467843934094852,3691,below_0p80,False,
group_snapshot,cohort_eligible_member_count,member_history_mean_speed_mps_mean,-0.15414480812698206,0.15414480812698206,3691,below_0p80,False,
group_snapshot,raw_waiting_band_eligible_member_count,member_history_mean_speed_mps_mean,-0.15414480812698206,0.15414480812698206,3691,below_0p80,False,
group_snapshot,veh2_history_front_y_change_m,veh2_history_observed_fraction,0.15387587481091414,0.15387587481091414,3332,below_0p80,False,
group_snapshot,group_young_ratio,member_history_y_displacement_m_min,-0.15385148517406963,0.15385148517406963,3691,below_0p80,False,
group_snapshot,dbscan_centroid_x_m,approaching_vehicle_count,-0.153362924822024,0.153362924822024,3691,below_0p80,False,
group_snapshot,member_waiting_low_speed_time_sec_mean,veh3_lateral_x_m,0.15310276786421428,0.15310276786421428,3114,below_0p80,False,
group_snapshot,raw_group_size,approaching_vehicle_count,0.15309442819625715,0.15309442819625715,3691,below_0p80,False,
group_snapshot,member_current_vy_mps_max,member_history_max_unobserved_gap_sec_max,0.15297208727466935,0.15297208727466935,3691,below_0p80,False,
group_snapshot,member_waiting_band_dwell_sec_min,member_history_interpolated_fraction_min,-0.15293619953112136,0.15293619953112136,3691,below_0p80,False,
group_snapshot,member_waiting_low_speed_time_sec_min,veh2_ttc_capped_sec,-0.15274057038522001,0.15274057038522001,3691,below_0p80,False,
group_snapshot,member_window_low_speed_fraction_max,member_history_observed_fraction_min,0.15269260270252558,0.15269260270252558,3691,below_0p80,False,
group_snapshot,dbscan_centroid_x_m,veh1_closing_speed_mps,-0.15244484250591497,0.15244484250591497,3534,below_0p80,False,
group_snapshot,eligible_member_fraction_of_group,member_history_y_displacement_m_min,-0.15173667922416148,0.15173667922416148,3691,below_0p80,False,
group_snapshot,member_waiting_band_dwell_sec_mean,member_history_interpolated_fraction_mean,-0.1517350577672379,0.1517350577672379,3691,below_0p80,False,
group_snapshot,member_waiting_low_speed_time_sec_mean,veh2_lateral_x_m,0.1513832646881911,0.1513832646881911,3332,below_0p80,False,
group_snapshot,member_history_mean_speed_mps_mean,member_history_y_displacement_m_min,-0.15137736635694862,0.15137736635694862,3691,below_0p80,False,
group_snapshot,member_current_vy_mps_max,member_waiting_low_speed_time_sec_min,-0.15131537956779673,0.15131537956779673,3691,below_0p80,False,
group_snapshot,member_waiting_band_dwell_sec_max,veh2_ttc_capped_sec,-0.1512842719727195,0.1512842719727195,3691,below_0p80,False,
group_snapshot,member_waiting_band_dwell_sec_max,approaching_vehicle_count,0.15027277944264208,0.15027277944264208,3691,below_0p80,False,
group_snapshot,veh1_closing_speed_mps,veh2_lateral_x_m,0.1501178380538514,0.1501178380538514,3332,below_0p80,False,
group_snapshot,member_current_vy_mps_max,member_window_low_speed_fraction_min,-0.14992018236829546,0.14992018236829546,3691,below_0p80,False,
group_snapshot,member_waiting_band_dwell_sec_mean,veh2_ttc_capped_sec,-0.14973950645190687,0.14973950645190687,3691,below_0p80,False,
group_snapshot,raw_group_size,veh3_ttc_capped_sec,-0.14961971254498357,0.14961971254498357,3691,below_0p80,False,
group_snapshot,eligible_member_fraction_of_group,member_history_mean_vy_mps_min,-0.14958245960389938,0.14958245960389938,3691,below_0p80,False,
group_snapshot,member_waiting_low_speed_time_sec_min,veh3_closing_speed_mps,0.14854781578329243,0.14854781578329243,3114,below_0p80,False,
group_snapshot,raw_waiting_band_eligible_member_count,veh2_ttc_capped_sec,-0.1479911115559834,0.1479911115559834,3691,below_0p80,False,
group_snapshot,cohort_eligible_member_count,veh2_ttc_capped_sec,-0.1479911115559834,0.1479911115559834,3691,below_0p80,False,
group_snapshot,member_current_vy_mps_min,member_waiting_low_speed_time_sec_min,0.14783704182361881,0.14783704182361881,3691,below_0p80,False,
group_snapshot,dbscan_centroid_y_m,group_old_ratio,0.1474068152605596,0.1474068152605596,3691,below_0p80,False,
group_snapshot,dbscan_centroid_x_m,veh3_front_y_m,-0.14734176198007415,0.14734176198007415,3114,below_0p80,False,
group_snapshot,member_current_vy_mps_min,member_waiting_band_dwell_sec_min,0.1472938265403717,0.1472938265403717,3691,below_0p80,False,
group_snapshot,veh2_lateral_x_m,veh3_history_observed_fraction,-0.14716535628983476,0.14716535628983476,3332,below_0p80,False,
group_snapshot,member_current_speed_mps_mean,member_history_mean_vy_mps_mean,-0.14695317516021353,0.14695317516021353,3691,below_0p80,False,
group_snapshot,member_window_low_speed_fraction_max,member_history_interpolated_fraction_max,-0.14664330824371624,0.14664330824371624,3691,below_0p80,False,
group_snapshot,dbscan_centroid_x_m,veh1_history_front_y_change_m,0.14629646884889697,0.14629646884889697,3534,below_0p80,False,
group_snapshot,group_young_ratio,member_waiting_low_speed_time_sec_min,-0.14615961901270097,0.14615961901270097,3691,below_0p80,False,
group_snapshot,veh2_history_observed_fraction,veh3_history_front_y_change_m,0.14585072380978578,0.14585072380978578,3114,below_0p80,False,
group_snapshot,group_adult_ratio,veh1_history_front_y_change_m,-0.1456656969535419,0.1456656969535419,3534,below_0p80,False,
group_snapshot,group_old_ratio,member_distance_to_crossing_line_m_mean,-0.1455978694212714,0.1455978694212714,3691,below_0p80,False,
group_snapshot,group_male_ratio,member_history_observed_fraction_min,0.14550282552515767,0.14550282552515767,3691,below_0p80,False,
group_snapshot,group_male_ratio,approaching_vehicle_count,-0.1453733932046017,0.1453733932046017,3691,below_0p80,False,
group_snapshot,member_history_y_displacement_m_max,member_history_interpolated_fraction_mean,0.145190239914962,0.145190239914962,3691,below_0p80,False,
group_snapshot,member_waiting_low_speed_time_sec_min,veh3_history_front_y_change_m,-0.1451419761725588,0.1451419761725588,3114,below_0p80,False,
group_snapshot,dbscan_centroid_x_m,member_window_low_speed_fraction_max,-0.14507778891525555,0.14507778891525555,3691,below_0p80,False,
group_snapshot,member_current_speed_mps_mean,member_history_y_displacement_m_mean,-0.14491613911652398,0.14491613911652398,3691,below_0p80,False,
group_snapshot,group_male_ratio,member_history_observed_fraction_mean,0.14490353096477804,0.14490353096477804,3691,below_0p80,False,
group_snapshot,veh2_front_y_m,veh3_ttc_capped_sec,-0.14480247415043995,0.14480247415043995,3332,below_0p80,False,
group_snapshot,member_history_mean_speed_mps_min,veh2_speed_mps,-0.1436082295652531,0.1436082295652531,3299,below_0p80,False,
group_snapshot,group_female_ratio,group_old_ratio,0.14346087949388525,0.14346087949388525,3691,below_0p80,False,
group_snapshot,group_young_ratio,member_current_speed_mps_max,0.14334398691957703,0.14334398691957703,3691,below_0p80,False,
group_snapshot,veh1_lateral_x_m,veh3_ttc_capped_sec,0.14292702869894647,0.14292702869894647,3534,below_0p80,False,
group_snapshot,eligible_member_fraction_of_group,member_waiting_band_dwell_sec_min,0.14284962762492956,0.14284962762492956,3691,below_0p80,False,
group_snapshot,group_old_ratio,member_distance_to_crossing_line_m_min,-0.14259372933303294,0.14259372933303294,3691,below_0p80,False,
group_snapshot,group_female_ratio,member_distance_to_crossing_line_m_mean,-0.14258179310309166,0.14258179310309166,3691,below_0p80,False,
group_snapshot,member_waiting_low_speed_time_sec_max,veh3_lateral_x_m,0.1425453482048452,0.1425453482048452,3114,below_0p80,False,
group_snapshot,member_current_vy_mps_max,member_history_interpolated_fraction_max,0.14254329765016877,0.14254329765016877,3691,below_0p80,False,
group_snapshot,raw_group_size,member_history_interpolated_fraction_max,0.14248204558173433,0.14248204558173433,3691,below_0p80,False,
group_snapshot,cohort_eligible_member_count,stopped_vehicle_count,-0.14228516204336894,0.14228516204336894,3691,below_0p80,False,
group_snapshot,raw_waiting_band_eligible_member_count,stopped_vehicle_count,-0.14228516204336894,0.14228516204336894,3691,below_0p80,False,
group_snapshot,group_adult_ratio,veh1_lateral_x_m,0.1421091145756533,0.1421091145756533,3534,below_0p80,False,
group_snapshot,dbscan_mean_vx_mps,member_current_vy_mps_min,-0.1420362254502236,0.1420362254502236,3691,below_0p80,False,
group_snapshot,member_waiting_low_speed_time_sec_max,member_history_interpolated_fraction_mean,-0.14155576676941473,0.14155576676941473,3691,below_0p80,False,
group_snapshot,group_adult_ratio,member_distance_to_crossing_line_m_mean,-0.141428500881859,0.141428500881859,3691,below_0p80,False,
group_snapshot,member_waiting_low_speed_time_sec_min,veh2_closing_speed_mps,0.14125981266146023,0.14125981266146023,3332,below_0p80,False,
group_snapshot,member_current_speed_mps_max,member_history_mean_vy_mps_mean,-0.14094686859847386,0.14094686859847386,3691,below_0p80,False,
group_snapshot,approaching_vehicle_count,veh1_speed_mps,0.14080162997619008,0.14080162997619008,3504,below_0p80,False,
group_snapshot,member_waiting_low_speed_time_sec_max,member_history_max_unobserved_gap_sec_max,-0.14064138207428822,0.14064138207428822,3691,below_0p80,False,
group_snapshot,member_history_mean_vy_mps_max,member_history_interpolated_fraction_mean,0.14046318723801676,0.14046318723801676,3691,below_0p80,False,
group_snapshot,group_male_ratio,member_history_max_unobserved_gap_sec_max,-0.14044075121534524,0.14044075121534524,3691,below_0p80,False,
group_snapshot,raw_group_size,veh1_lateral_x_m,-0.1404180600248628,0.1404180600248628,3534,below_0p80,False,
group_snapshot,veh1_history_front_y_change_m,veh2_lateral_x_m,-0.14040371322227704,0.14040371322227704,3332,below_0p80,False,
group_snapshot,group_male_ratio,member_history_max_unobserved_gap_sec_mean,-0.1403951408640332,0.1403951408640332,3691,below_0p80,False,
group_snapshot,member_waiting_low_speed_time_sec_min,veh2_history_front_y_change_m,-0.1400708101332268,0.1400708101332268,3332,below_0p80,False,
group_snapshot,member_window_low_speed_fraction_mean,veh1_speed_mps,0.1399411172357104,0.1399411172357104,3504,below_0p80,False,
group_snapshot,member_current_vy_mps_max,member_history_observed_fraction_mean,-0.13989008737663328,0.13989008737663328,3691,below_0p80,False,
group_snapshot,eligible_member_fraction_of_group,member_history_y_displacement_m_max,0.1398467473958118,0.1398467473958118,3691,below_0p80,False,
group_snapshot,group_old_ratio,member_distance_to_crossing_line_m_max,-0.13976790397742936,0.13976790397742936,3691,below_0p80,False,
group_snapshot,dbscan_centroid_y_m,group_female_ratio,0.13924666172248787,0.13924666172248787,3691,below_0p80,False,
group_snapshot,raw_waiting_band_eligible_member_count,member_distance_to_crossing_line_m_min,-0.13906192851351581,0.13906192851351581,3691,below_0p80,False,
group_snapshot,cohort_eligible_member_count,member_distance_to_crossing_line_m_min,-0.13906192851351581,0.13906192851351581,3691,below_0p80,False,
group_snapshot,group_male_ratio,member_history_interpolated_fraction_max,-0.13869512257106295,0.13869512257106295,3691,below_0p80,False,
group_snapshot,group_adult_ratio,member_distance_to_crossing_line_m_max,-0.13867411434013993,0.13867411434013993,3691,below_0p80,False,
group_snapshot,member_current_speed_mps_max,member_history_y_displacement_m_mean,-0.1385719170634083,0.1385719170634083,3691,below_0p80,False,
group_snapshot,dbscan_centroid_x_m,veh2_ttc_capped_sec,0.1383811262704423,0.1383811262704423,3691,below_0p80,False,
group_snapshot,member_current_speed_mps_min,veh2_lateral_x_m,-0.1380684257942529,0.1380684257942529,3332,below_0p80,False,
group_snapshot,dbscan_mean_speed_mps,group_young_ratio,0.13800622852377392,0.13800622852377392,3691,below_0p80,False,
group_snapshot,raw_group_size,member_waiting_band_dwell_sec_min,-0.13798385730393048,0.13798385730393048,3691,below_0p80,False,
group_snapshot,member_waiting_low_speed_time_sec_max,member_history_observed_fraction_min,0.13791899991971965,0.13791899991971965,3691,below_0p80,False,
group_snapshot,member_current_speed_mps_min,member_history_mean_vy_mps_min,-0.13785942227845002,0.13785942227845002,3691,below_0p80,False,
group_snapshot,group_male_ratio,member_history_interpolated_fraction_mean,-0.1375020369482414,0.1375020369482414,3691,below_0p80,False,
group_snapshot,eligible_member_fraction_of_group,member_history_mean_vy_mps_max,0.13749816375478602,0.13749816375478602,3691,below_0p80,False,
group_snapshot,veh3_ttc_capped_sec,veh3_history_observed_fraction,-0.13743801857262442,0.13743801857262442,3691,below_0p80,False,
group_snapshot,group_unknown_gender_ratio,active_vehicle_count,0.13682089462897196,0.13682089462897196,3691,below_0p80,False,
group_snapshot,group_male_ratio,group_adult_ratio,-0.13663053743905257,0.13663053743905257,3691,below_0p80,False,
group_snapshot,member_history_mean_speed_mps_min,veh3_history_front_y_change_m,0.1365737595092512,0.1365737595092512,3114,below_0p80,False,
group_snapshot,group_adult_ratio,member_distance_to_crossing_line_m_min,-0.13645397065134396,0.13645397065134396,3691,below_0p80,False,
group_snapshot,member_history_mean_speed_mps_mean,veh3_speed_mps,-0.13642163593580603,0.13642163593580603,3091,below_0p80,False,
group_snapshot,veh1_history_mean_front_y_m,veh2_lateral_x_m,0.13638108800960042,0.13638108800960042,3332,below_0p80,False,
group_snapshot,member_current_speed_mps_min,member_history_y_displacement_m_min,-0.13637094459872273,0.13637094459872273,3691,below_0p80,False,
group_snapshot,member_history_mean_vy_mps_min,member_waiting_low_speed_time_sec_mean,0.1363030972444412,0.1363030972444412,3691,below_0p80,False,
group_snapshot,veh1_speed_mps,veh2_lateral_x_m,0.1362364972918126,0.1362364972918126,3306,below_0p80,False,
group_snapshot,member_waiting_band_dwell_sec_mean,veh2_speed_mps,0.13619249146064846,0.13619249146064846,3299,below_0p80,False,
group_snapshot,veh2_lateral_x_m,veh2_history_mean_front_y_m,0.1360374658276052,0.1360374658276052,3332,below_0p80,False,
group_snapshot,member_waiting_low_speed_time_sec_mean,member_history_interpolated_fraction_max,-0.13593534320400588,0.13593534320400588,3691,below_0p80,False,
group_snapshot,member_waiting_low_speed_time_sec_max,veh2_lateral_x_m,0.1358736729346252,0.1358736729346252,3332,below_0p80,False,
group_snapshot,active_vehicle_count,veh2_ttc_capped_sec,0.13541949015002236,0.13541949015002236,3691,below_0p80,False,
group_snapshot,veh2_history_observed_fraction,veh3_ttc_capped_sec,-0.1351964808329371,0.1351964808329371,3691,below_0p80,False,
group_snapshot,approaching_vehicle_count,veh1_history_front_y_change_m,-0.13511996543335178,0.13511996543335178,3534,below_0p80,False,
group_snapshot,member_current_vy_mps_max,member_history_mean_speed_mps_mean,0.13504793780779675,0.13504793780779675,3691,below_0p80,False,
group_snapshot,dbscan_centroid_x_m,member_current_speed_mps_mean,0.1349557253507693,0.1349557253507693,3691,below_0p80,False,
group_snapshot,dbscan_centroid_x_m,member_current_speed_mps_max,0.1339850655404654,0.1339850655404654,3691,below_0p80,False,
group_snapshot,member_window_low_speed_fraction_mean,veh3_history_mean_front_y_m,0.133984512195312,0.133984512195312,3114,below_0p80,False,
group_snapshot,member_history_mean_speed_mps_min,veh2_ttc_capped_sec,0.13379041599957778,0.13379041599957778,3691,below_0p80,False,
group_snapshot,raw_group_size,member_history_observed_fraction_min,-0.13362859001771418,0.13362859001771418,3691,below_0p80,False,
group_snapshot,dbscan_spread_m,group_young_ratio,0.1334995660035805,0.1334995660035805,3691,below_0p80,False,
group_snapshot,member_current_vy_mps_max,member_history_max_unobserved_gap_sec_mean,0.1333505289089742,0.1333505289089742,3691,below_0p80,False,
group_snapshot,member_window_low_speed_fraction_max,veh3_history_mean_front_y_m,0.1332486547214915,0.1332486547214915,3114,below_0p80,False,
group_snapshot,member_history_y_displacement_m_min,member_waiting_low_speed_time_sec_mean,0.1332172575459241,0.1332172575459241,3691,below_0p80,False,
group_snapshot,member_waiting_low_speed_time_sec_min,veh1_lateral_x_m,0.13301078508377323,0.13301078508377323,3534,below_0p80,False,
group_snapshot,dbscan_centroid_x_m,group_female_ratio,-0.13287469453277428,0.13287469453277428,3691,below_0p80,False,
group_snapshot,veh3_front_y_m,veh3_ttc_capped_sec,-0.13274704978516946,0.13274704978516946,3114,below_0p80,False,
group_snapshot,member_window_low_speed_fraction_max,veh1_speed_mps,0.13270226755901215,0.13270226755901215,3504,below_0p80,False,
group_snapshot,group_adult_ratio,veh2_closing_speed_mps,0.1327003515864295,0.1327003515864295,3332,below_0p80,False,
group_snapshot,group_female_ratio,veh2_history_observed_fraction,-0.13268624454519767,0.13268624454519767,3691,below_0p80,False,
group_snapshot,group_young_ratio,member_current_speed_mps_mean,0.13256271496258815,0.13256271496258815,3691,below_0p80,False,
group_snapshot,group_adult_ratio,veh2_speed_mps,0.13255457350112,0.13255457350112,3299,below_0p80,False,
group_snapshot,dbscan_spread_m,group_old_ratio,0.13232388978061888,0.13232388978061888,3691,below_0p80,False,
group_snapshot,group_young_ratio,member_current_vy_mps_min,-0.13178413074751238,0.13178413074751238,3691,below_0p80,False,
group_snapshot,dbscan_mean_speed_mps,veh2_speed_mps,-0.13157919058270462,0.13157919058270462,3299,below_0p80,False,
group_snapshot,group_adult_ratio,veh1_closing_speed_mps,0.1312926895762515,0.1312926895762515,3534,below_0p80,False,
group_snapshot,member_waiting_band_dwell_sec_max,veh2_speed_mps,0.1312093862122487,0.1312093862122487,3299,below_0p80,False,
group_snapshot,veh1_ttc_capped_sec,veh2_history_observed_fraction,0.131008030969404,0.131008030969404,3691,below_0p80,False,
group_snapshot,member_current_speed_mps_mean,veh2_speed_mps,-0.1307224572077633,0.1307224572077633,3299,below_0p80,False,
group_snapshot,member_history_mean_speed_mps_mean,veh2_speed_mps,-0.13057684784781567,0.13057684784781567,3299,below_0p80,False,
group_snapshot,member_current_speed_mps_mean,veh3_speed_mps,-0.13033941617919842,0.13033941617919842,3091,below_0p80,False,
group_snapshot,dbscan_mean_speed_mps,member_current_vy_mps_max,0.1301598610220122,0.1301598610220122,3691,below_0p80,False,
group_snapshot,member_history_mean_speed_mps_min,veh3_closing_speed_mps,-0.12998407309620827,0.12998407309620827,3114,below_0p80,False,
group_snapshot,raw_waiting_band_eligible_member_count,member_history_interpolated_fraction_max,0.12972225899306564,0.12972225899306564,3691,below_0p80,False,
group_snapshot,cohort_eligible_member_count,member_history_interpolated_fraction_max,0.12972225899306564,0.12972225899306564,3691,below_0p80,False,
group_snapshot,dbscan_centroid_x_m,member_history_mean_speed_mps_mean,0.1296476297282298,0.1296476297282298,3691,below_0p80,False,
group_snapshot,raw_group_size,veh3_closing_speed_mps,0.1295583389011659,0.1295583389011659,3114,below_0p80,False,
group_snapshot,member_current_speed_mps_min,member_history_max_unobserved_gap_sec_max,0.12935695864354668,0.12935695864354668,3691,below_0p80,False,
group_snapshot,raw_waiting_band_eligible_member_count,member_history_observed_fraction_min,-0.12890604386265694,0.12890604386265694,3691,below_0p80,False,
group_snapshot,cohort_eligible_member_count,member_history_observed_fraction_min,-0.12890604386265694,0.12890604386265694,3691,below_0p80,False,
group_snapshot,member_current_speed_mps_max,approaching_vehicle_count,-0.12889304350019318,0.12889304350019318,3691,below_0p80,False,
group_snapshot,group_unknown_gender_ratio,member_history_observed_fraction_mean,-0.12861053938873196,0.12861053938873196,3691,below_0p80,False,
group_snapshot,member_current_speed_mps_min,veh1_speed_mps,-0.12853304664073414,0.12853304664073414,3504,below_0p80,False,
group_snapshot,member_history_mean_speed_mps_mean,veh3_ttc_capped_sec,0.12845420568903235,0.12845420568903235,3691,below_0p80,False,
group_snapshot,member_current_speed_mps_min,member_history_mean_vy_mps_mean,-0.1281492742772407,0.1281492742772407,3691,below_0p80,False,
group_snapshot,member_current_speed_mps_min,member_history_y_displacement_m_mean,-0.1281263547491663,0.1281263547491663,3691,below_0p80,False,
group_snapshot,raw_group_size,member_history_max_unobserved_gap_sec_max,0.1280655450281695,0.1280655450281695,3691,below_0p80,False,
group_snapshot,approaching_vehicle_count,veh1_lateral_x_m,-0.12802311188361304,0.12802311188361304,3534,below_0p80,False,
group_snapshot,member_current_speed_mps_min,member_history_observed_fraction_min,-0.12755015608099735,0.12755015608099735,3691,below_0p80,False,
group_snapshot,group_male_ratio,group_unknown_age_ratio,0.1269953754143418,0.1269953754143418,3691,below_0p80,False,
group_snapshot,member_window_low_speed_fraction_mean,veh2_history_mean_front_y_m,0.12634114376306513,0.12634114376306513,3332,below_0p80,False,
group_snapshot,veh1_front_y_m,veh2_lateral_x_m,0.12631887518876028,0.12631887518876028,3332,below_0p80,False,
group_snapshot,cohort_eligible_member_count,member_history_max_unobserved_gap_sec_max,0.12620016840114764,0.12620016840114764,3691,below_0p80,False,
group_snapshot,raw_waiting_band_eligible_member_count,member_history_max_unobserved_gap_sec_max,0.12620016840114764,0.12620016840114764,3691,below_0p80,False,
group_snapshot,member_waiting_band_dwell_sec_min,veh2_lateral_x_m,0.1260687204019219,0.1260687204019219,3332,below_0p80,False,
group_snapshot,member_window_low_speed_fraction_min,veh1_speed_mps,0.12601465122964536,0.12601465122964536,3504,below_0p80,False,
group_snapshot,member_current_speed_mps_min,veh3_history_mean_front_y_m,-0.1259961287223756,0.1259961287223756,3114,below_0p80,False,
group_snapshot,veh1_lateral_x_m,veh2_speed_mps,0.1259143539733952,0.1259143539733952,3299,below_0p80,False,
group_snapshot,member_current_speed_mps_mean,veh2_ttc_capped_sec,0.12567279185860114,0.12567279185860114,3691,below_0p80,False,
group_snapshot,group_unknown_gender_ratio,member_history_observed_fraction_min,-0.1254249808159846,0.1254249808159846,3691,below_0p80,False,
group_snapshot,group_female_ratio,veh3_history_observed_fraction,-0.1253324356931718,0.1253324356931718,3691,below_0p80,False,
group_snapshot,member_history_mean_vy_mps_min,member_waiting_band_dwell_sec_mean,0.12527468670000846,0.12527468670000846,3691,below_0p80,False,
group_snapshot,member_window_low_speed_fraction_min,veh2_history_mean_front_y_m,0.1251616034000168,0.1251616034000168,3332,below_0p80,False,
group_snapshot,dbscan_centroid_x_m,member_history_mean_speed_mps_max,0.12511865993096105,0.12511865993096105,3691,below_0p80,False,
group_snapshot,member_waiting_band_dwell_sec_max,member_history_max_unobserved_gap_sec_max,-0.12494636253389502,0.12494636253389502,3691,below_0p80,False,
group_snapshot,member_waiting_low_speed_time_sec_mean,veh1_speed_mps,0.12493149117433193,0.12493149117433193,3504,below_0p80,False,
group_snapshot,member_waiting_low_speed_time_sec_max,stopped_vehicle_count,-0.12487356114739011,0.12487356114739011,3691,below_0p80,False,
group_snapshot,cohort_eligible_member_count,member_distance_to_crossing_line_m_max,0.12449018778978466,0.12449018778978466,3691,below_0p80,False,
group_snapshot,raw_waiting_band_eligible_member_count,member_distance_to_crossing_line_m_max,0.12449018778978466,0.12449018778978466,3691,below_0p80,False,
group_snapshot,active_vehicle_count,veh1_lateral_x_m,-0.12446309531641327,0.12446309531641327,3534,below_0p80,False,
group_snapshot,member_distance_to_crossing_line_m_min,member_history_y_displacement_m_max,-0.12440401400521878,0.12440401400521878,3691,below_0p80,False,
group_snapshot,dbscan_centroid_y_m,veh1_history_front_y_change_m,-0.12413017500620979,0.12413017500620979,3534,below_0p80,False,
group_snapshot,group_unknown_gender_ratio,member_history_max_unobserved_gap_sec_mean,0.1241233411554416,0.1241233411554416,3691,below_0p80,False,
group_snapshot,group_female_ratio,veh1_history_observed_fraction,-0.1240047915114523,0.1240047915114523,3691,below_0p80,False,
group_snapshot,member_waiting_band_dwell_sec_max,member_history_observed_fraction_min,0.12395204053316945,0.12395204053316945,3691,below_0p80,False,
group_snapshot,group_old_ratio,veh1_closing_speed_mps,0.12391293108739213,0.12391293108739213,3534,below_0p80,False,
group_snapshot,group_female_ratio,stopped_vehicle_count,-0.12387012793677855,0.12387012793677855,3691,below_0p80,False,
group_snapshot,member_current_vy_mps_max,member_history_interpolated_fraction_mean,0.12268501602113034,0.12268501602113034,3691,below_0p80,False,
group_snapshot,group_unknown_age_ratio,veh1_closing_speed_mps,-0.12237506042745167,0.12237506042745167,3534,below_0p80,False,
group_snapshot,member_history_y_displacement_m_min,member_waiting_band_dwell_sec_mean,0.12228127235747845,0.12228127235747845,3691,below_0p80,False,
group_snapshot,group_old_ratio,veh1_speed_mps,0.12219494640001889,0.12219494640001889,3504,below_0p80,False,
group_snapshot,member_waiting_low_speed_time_sec_max,veh1_speed_mps,0.12209251432554878,0.12209251432554878,3504,below_0p80,False,
group_snapshot,member_distance_to_crossing_line_m_min,member_history_mean_vy_mps_max,-0.12208424238739432,0.12208424238739432,3691,below_0p80,False,
group_snapshot,group_unknown_age_ratio,veh1_history_front_y_change_m,0.12203330834003967,0.12203330834003967,3534,below_0p80,False,
group_snapshot,veh1_lateral_x_m,veh1_front_y_m,0.12184233620634116,0.12184233620634116,3534,below_0p80,False,
group_snapshot,raw_group_size,veh3_history_front_y_change_m,-0.12181702704965944,0.12181702704965944,3114,below_0p80,False,
group_snapshot,raw_group_size,member_current_vy_mps_min,-0.12181688306419604,0.12181688306419604,3691,below_0p80,False,
group_snapshot,dbscan_mean_vx_mps,member_current_vy_mps_max,-0.12135402428067278,0.12135402428067278,3691,below_0p80,False,
group_snapshot,raw_group_size,group_unknown_age_ratio,0.12113290006251047,0.12113290006251047,3691,below_0p80,False,
group_snapshot,member_history_y_displacement_m_min,approaching_vehicle_count,0.12111481725339945,0.12111481725339945,3691,below_0p80,False,
group_snapshot,dbscan_mean_speed_mps,veh3_speed_mps,-0.12109732022361742,0.12109732022361742,3091,below_0p80,False,
group_snapshot,member_waiting_band_dwell_sec_mean,member_history_interpolated_fraction_max,-0.12082098127734188,0.12082098127734188,3691,below_0p80,False,
group_snapshot,group_adult_ratio,veh1_speed_mps,0.12074808476106977,0.12074808476106977,3504,below_0p80,False,
group_snapshot,cohort_eligible_member_count,veh2_speed_mps,0.12067968435258909,0.12067968435258909,3299,below_0p80,False,
group_snapshot,raw_waiting_band_eligible_member_count,veh2_speed_mps,0.12067968435258909,0.12067968435258909,3299,below_0p80,False,
group_snapshot,member_waiting_band_dwell_sec_min,veh3_speed_mps,0.1205608523756139,0.1205608523756139,3091,below_0p80,False,
group_snapshot,member_current_vy_mps_min,member_history_mean_speed_mps_mean,-0.12041527954520892,0.12041527954520892,3691,below_0p80,False,
group_snapshot,member_history_mean_vy_mps_min,approaching_vehicle_count,0.12029220874562707,0.12029220874562707,3691,below_0p80,False,
group_snapshot,member_history_mean_speed_mps_mean,member_history_y_displacement_m_max,0.12021191715674502,0.12021191715674502,3691,below_0p80,False,
group_snapshot,group_unknown_gender_ratio,member_history_interpolated_fraction_mean,0.11993764052649071,0.11993764052649071,3691,below_0p80,False,
group_snapshot,eligible_member_fraction_of_group,stopped_vehicle_count,-0.11961933631728959,0.11961933631728959,3691,below_0p80,False,
group_snapshot,member_waiting_low_speed_time_sec_mean,stopped_vehicle_count,-0.1196025242165709,0.1196025242165709,3691,below_0p80,False,
group_snapshot,member_history_y_displacement_m_mean,member_history_observed_fraction_mean,-0.11960041816590297,0.11960041816590297,3691,below_0p80,False,
group_snapshot,dbscan_spread_m,veh1_lateral_x_m,-0.11959927188168773,0.11959927188168773,3534,below_0p80,False,
group_snapshot,member_history_mean_vy_mps_mean,member_history_observed_fraction_mean,-0.11954829111975837,0.11954829111975837,3691,below_0p80,False,
group_snapshot,group_unknown_gender_ratio,member_history_max_unobserved_gap_sec_max,0.11954523613029697,0.11954523613029697,3691,below_0p80,False,
group_snapshot,dbscan_spread_m,group_unknown_gender_ratio,0.11952109646224879,0.11952109646224879,3691,below_0p80,False,
group_snapshot,group_unknown_gender_ratio,veh1_history_front_y_change_m,0.11951480231473427,0.11951480231473427,3534,below_0p80,False,
group_snapshot,member_current_speed_mps_mean,veh2_history_front_y_change_m,0.11938990735555544,0.11938990735555544,3332,below_0p80,False,
group_snapshot,dbscan_centroid_x_m,dbscan_mean_speed_mps,0.11938609796993521,0.11938609796993521,3691,below_0p80,False,
group_snapshot,dbscan_centroid_x_m,member_waiting_low_speed_time_sec_min,-0.11935383347823209,0.11935383347823209,3691,below_0p80,False,
group_snapshot,member_current_speed_mps_min,member_history_interpolated_fraction_max,0.11934783266908118,0.11934783266908118,3691,below_0p80,False,
group_snapshot,dbscan_mean_speed_mps,veh2_ttc_capped_sec,0.11911482260226386,0.11911482260226386,3691,below_0p80,False,
group_snapshot,member_history_y_displacement_m_min,member_history_observed_fraction_max,-0.11908324331619073,0.11908324331619073,3691,below_0p80,False,
group_snapshot,group_female_ratio,group_unknown_gender_ratio,-0.11894220079429418,0.11894220079429418,3691,below_0p80,False,
group_snapshot,dbscan_centroid_x_m,veh3_speed_mps,-0.11894069033982177,0.11894069033982177,3091,below_0p80,False,
group_snapshot,member_current_speed_mps_min,veh2_history_mean_front_y_m,-0.1188786599110203,0.1188786599110203,3332,below_0p80,False,
group_snapshot,member_window_low_speed_fraction_min,veh3_history_mean_front_y_m,0.11880030253089738,0.11880030253089738,3114,below_0p80,False,
group_snapshot,dbscan_mean_speed_mps,member_history_mean_vy_mps_mean,-0.11866918669373337,0.11866918669373337,3691,below_0p80,False,
group_snapshot,group_unknown_gender_ratio,member_history_observed_fraction_max,-0.11864398292891457,0.11864398292891457,3691,below_0p80,False,
group_snapshot,raw_group_size,member_history_interpolated_fraction_mean,0.11858991655376938,0.11858991655376938,3691,below_0p80,False,
group_snapshot,dbscan_mean_vx_mps,member_history_y_displacement_m_mean,-0.11848888446612957,0.11848888446612957,3691,below_0p80,False,
group_snapshot,raw_group_size,member_history_mean_speed_mps_max,0.11837374554636458,0.11837374554636458,3691,below_0p80,False,
group_snapshot,raw_group_size,veh3_speed_mps,0.11829532881369591,0.11829532881369591,3091,below_0p80,False,
group_snapshot,member_window_low_speed_fraction_min,veh1_lateral_x_m,0.11823900570713702,0.11823900570713702,3534,below_0p80,False,
group_snapshot,group_young_ratio,member_history_mean_vy_mps_mean,-0.11817218396792649,0.11817218396792649,3691,below_0p80,False,
group_snapshot,dbscan_mean_speed_mps,member_history_y_displacement_m_mean,-0.11807343973707048,0.11807343973707048,3691,below_0p80,False,
group_snapshot,member_history_y_displacement_m_mean,member_history_observed_fraction_min,-0.11806885662380143,0.11806885662380143,3691,below_0p80,False,
group_snapshot,eligible_member_fraction_of_group,member_current_speed_mps_mean,-0.11799965821251387,0.11799965821251387,3691,below_0p80,False,
group_snapshot,member_history_y_displacement_m_min,member_history_max_unobserved_gap_sec_min,0.11799118440757878,0.11799118440757878,3691,below_0p80,False,
group_snapshot,member_window_low_speed_fraction_max,veh2_history_mean_front_y_m,0.11782020149623713,0.11782020149623713,3332,below_0p80,False,
group_snapshot,member_history_mean_vy_mps_mean,member_history_observed_fraction_min,-0.11769902137183934,0.11769902137183934,3691,below_0p80,False,
group_snapshot,dbscan_centroid_y_m,veh1_ttc_capped_sec,-0.11746029463314944,0.11746029463314944,3691,below_0p80,False,
group_snapshot,group_unknown_gender_ratio,member_history_interpolated_fraction_max,0.11734681346222477,0.11734681346222477,3691,below_0p80,False,
group_snapshot,veh2_history_observed_fraction,veh3_front_y_m,-0.11728788209545113,0.11728788209545113,3114,below_0p80,False,
group_snapshot,member_distance_to_crossing_line_m_min,member_current_speed_mps_max,-0.11725077085802106,0.11725077085802106,3691,below_0p80,False,
group_snapshot,group_young_ratio,member_history_mean_speed_mps_min,0.1168984567283707,0.1168984567283707,3691,below_0p80,False,
group_snapshot,group_young_ratio,member_waiting_low_speed_time_sec_mean,-0.1168080281356567,0.1168080281356567,3691,below_0p80,False,
group_snapshot,member_waiting_band_dwell_sec_max,member_history_interpolated_fraction_mean,-0.11680619971366119,0.11680619971366119,3691,below_0p80,False,
group_snapshot,group_old_ratio,stopped_vehicle_count,-0.11675450236940366,0.11675450236940366,3691,below_0p80,False,
group_snapshot,approaching_vehicle_count,veh1_front_y_m,-0.11668556610436387,0.11668556610436387,3534,below_0p80,False,
group_snapshot,member_current_speed_mps_min,stopped_vehicle_count,0.1166815315115552,0.1166815315115552,3691,below_0p80,False,
group_snapshot,member_distance_to_crossing_line_m_min,member_history_mean_speed_mps_max,-0.11663509669919311,0.11663509669919311,3691,below_0p80,False,
group_snapshot,group_young_ratio,member_waiting_band_dwell_sec_min,-0.11643808390371883,0.11643808390371883,3691,below_0p80,False,
group_snapshot,member_waiting_band_dwell_sec_min,veh1_lateral_x_m,0.11638540729504529,0.11638540729504529,3534,below_0p80,False,
group_snapshot,member_distance_to_crossing_line_m_min,stopped_vehicle_count,0.11638315232803516,0.11638315232803516,3691,below_0p80,False,
group_snapshot,eligible_member_fraction_of_group,member_waiting_low_speed_time_sec_min,0.11636739550613533,0.11636739550613533,3691,below_0p80,False,
group_snapshot,group_unknown_gender_ratio,member_history_max_unobserved_gap_sec_min,0.11626585786490805,0.11626585786490805,3691,below_0p80,False,
group_snapshot,member_history_mean_vy_mps_mean,member_history_max_unobserved_gap_sec_mean,0.11624363146569879,0.11624363146569879,3691,below_0p80,False,
group_snapshot,member_history_mean_vy_mps_min,member_history_observed_fraction_max,-0.11621239636396481,0.11621239636396481,3691,below_0p80,False,
group_snapshot,member_window_low_speed_fraction_mean,veh1_history_front_y_change_m,-0.11610122825501473,0.11610122825501473,3534,below_0p80,False,
group_snapshot,member_history_y_displacement_m_mean,member_history_max_unobserved_gap_sec_mean,0.11600079701456426,0.11600079701456426,3691,below_0p80,False,
group_snapshot,dbscan_mean_vx_mps,member_history_mean_vy_mps_mean,-0.11594417487938422,0.11594417487938422,3691,below_0p80,False,
group_snapshot,member_history_mean_speed_mps_min,veh2_closing_speed_mps,-0.11585030232998451,0.11585030232998451,3332,below_0p80,False,
group_snapshot,member_distance_to_crossing_line_m_min,veh1_history_front_y_change_m,0.11574852590630859,0.11574852590630859,3534,below_0p80,False,
group_snapshot,cohort_eligible_member_count,veh2_history_front_y_change_m,-0.11570089816070381,0.11570089816070381,3332,below_0p80,False,
group_snapshot,raw_waiting_band_eligible_member_count,veh2_history_front_y_change_m,-0.11570089816070381,0.11570089816070381,3332,below_0p80,False,
group_snapshot,member_current_speed_mps_mean,veh2_closing_speed_mps,-0.1156822482316059,0.1156822482316059,3332,below_0p80,False,
group_snapshot,veh2_history_front_y_change_m,veh3_lateral_x_m,-0.11558412419494651,0.11558412419494651,3114,below_0p80,False,
group_snapshot,member_history_mean_vy_mps_min,member_history_max_unobserved_gap_sec_min,0.11526411050842185,0.11526411050842185,3691,below_0p80,False,
group_snapshot,dbscan_centroid_y_m,stopped_vehicle_count,-0.11510548339010473,0.11510548339010473,3691,below_0p80,False,
group_snapshot,member_history_mean_speed_mps_mean,veh2_ttc_capped_sec,0.11504878458526276,0.11504878458526276,3691,below_0p80,False,
group_snapshot,member_history_mean_speed_mps_min,veh2_history_front_y_change_m,0.11482313568639103,0.11482313568639103,3332,below_0p80,False,
group_snapshot,group_female_ratio,member_distance_to_crossing_line_m_max,-0.11438270897235335,0.11438270897235335,3691,below_0p80,False,
group_snapshot,group_young_ratio,member_history_y_displacement_m_mean,-0.11424997684436992,0.11424997684436992,3691,below_0p80,False,
group_snapshot,member_history_mean_speed_mps_max,veh1_lateral_x_m,-0.11396839170806759,0.11396839170806759,3534,below_0p80,False,
group_snapshot,member_history_y_displacement_m_mean,member_history_max_unobserved_gap_sec_max,0.11390980176244254,0.11390980176244254,3691,below_0p80,False,
group_snapshot,member_history_max_unobserved_gap_sec_min,active_vehicle_count,0.11388550949902969,0.11388550949902969,3691,below_0p80,False,
group_snapshot,dbscan_centroid_x_m,veh1_ttc_capped_sec,0.11387763500723824,0.11387763500723824,3691,below_0p80,False,
group_snapshot,member_history_mean_vy_mps_mean,member_history_max_unobserved_gap_sec_max,0.11375237436923077,0.11375237436923077,3691,below_0p80,False,
group_snapshot,veh1_lateral_x_m,veh2_closing_speed_mps,0.11359669088893673,0.11359669088893673,3332,below_0p80,False,
group_snapshot,member_window_low_speed_fraction_max,veh1_history_front_y_change_m,-0.1135864178427175,0.1135864178427175,3534,below_0p80,False,
group_snapshot,raw_group_size,member_current_speed_mps_max,0.11334821082530348,0.11334821082530348,3691,below_0p80,False,
group_snapshot,dbscan_spread_m,member_window_low_speed_fraction_mean,-0.11331262182420909,0.11331262182420909,3691,below_0p80,False,
group_snapshot,member_history_observed_fraction_max,active_vehicle_count,-0.11313546448978339,0.11313546448978339,3691,below_0p80,False,
group_snapshot,veh1_lateral_x_m,veh2_history_front_y_change_m,-0.11279793623728934,0.11279793623728934,3332,below_0p80,False,
group_snapshot,group_unknown_gender_ratio,member_history_interpolated_fraction_min,0.11259479003754011,0.11259479003754011,3691,below_0p80,False,
group_snapshot,group_young_ratio,member_window_low_speed_fraction_max,-0.11255677148521379,0.11255677148521379,3691,below_0p80,False,
group_snapshot,dbscan_mean_speed_mps,veh2_closing_speed_mps,-0.11239131032945636,0.11239131032945636,3332,below_0p80,False,
group_snapshot,member_history_interpolated_fraction_min,active_vehicle_count,0.11210661818710663,0.11210661818710663,3691,below_0p80,False,
group_snapshot,member_distance_to_crossing_line_m_min,veh1_ttc_capped_sec,0.11208314241403113,0.11208314241403113,3691,below_0p80,False,
group_snapshot,dbscan_centroid_y_m,veh1_closing_speed_mps,0.11203837207326046,0.11203837207326046,3534,below_0p80,False,
group_snapshot,dbscan_mean_speed_mps,veh2_history_front_y_change_m,0.11188068488849857,0.11188068488849857,3332,below_0p80,False,
group_snapshot,group_adult_ratio,veh1_ttc_capped_sec,-0.11160616819568629,0.11160616819568629,3691,below_0p80,False,
group_snapshot,member_waiting_band_dwell_sec_mean,veh2_history_front_y_change_m,-0.1115899961338948,0.1115899961338948,3332,below_0p80,False,
group_snapshot,member_history_mean_speed_mps_mean,veh2_closing_speed_mps,-0.11137465129429226,0.11137465129429226,3332,below_0p80,False,
group_snapshot,eligible_member_fraction_of_group,active_vehicle_count,-0.11137000016852054,0.11137000016852054,3691,below_0p80,False,
group_snapshot,member_waiting_band_dwell_sec_mean,veh2_closing_speed_mps,0.11135547643973638,0.11135547643973638,3332,below_0p80,False,
group_snapshot,veh2_speed_mps,veh3_lateral_x_m,0.11135359011661397,0.11135359011661397,3088,below_0p80,False,
group_snapshot,eligible_member_fraction_of_group,group_old_ratio,-0.1111906184543153,0.1111906184543153,3691,below_0p80,False,
group_snapshot,member_history_mean_vy_mps_max,member_history_mean_speed_mps_mean,0.11093177373673788,0.11093177373673788,3691,below_0p80,False,
group_snapshot,member_history_y_displacement_m_min,veh1_lateral_x_m,0.11076316613592328,0.11076316613592328,3534,below_0p80,False,
group_snapshot,dbscan_centroid_x_m,member_history_mean_speed_mps_min,0.1104433905915607,0.1104433905915607,3691,below_0p80,False,
group_snapshot,member_history_mean_speed_mps_mean,veh3_history_front_y_change_m,0.11031839092143239,0.11031839092143239,3114,below_0p80,False,
group_snapshot,member_history_mean_vy_mps_min,veh1_lateral_x_m,0.11027282640811019,0.11027282640811019,3534,below_0p80,False,
group_snapshot,group_unknown_gender_ratio,group_old_ratio,-0.11018063907209898,0.11018063907209898,3691,below_0p80,False,
group_snapshot,dbscan_centroid_x_m,veh3_closing_speed_mps,-0.11016662794753808,0.11016662794753808,3114,below_0p80,False,
group_snapshot,member_current_speed_mps_mean,veh3_ttc_capped_sec,0.1100892014383266,0.1100892014383266,3691,below_0p80,False,
group_snapshot,raw_group_size,group_old_ratio,0.10978337095696561,0.10978337095696561,3691,below_0p80,False,
group_snapshot,member_waiting_band_dwell_sec_max,stopped_vehicle_count,-0.10972770489731817,0.10972770489731817,3691,below_0p80,False,
group_snapshot,member_current_speed_mps_max,member_history_observed_fraction_max,-0.10928064199722289,0.10928064199722289,3691,below_0p80,False,
group_snapshot,group_old_ratio,veh1_history_front_y_change_m,-0.10919363107455207,0.10919363107455207,3534,below_0p80,False,
group_snapshot,approaching_vehicle_count,veh1_closing_speed_mps,0.10908574538261677,0.10908574538261677,3534,below_0p80,False,
group_snapshot,group_unknown_age_ratio,veh1_speed_mps,-0.10903055359970842,0.10903055359970842,3504,below_0p80,False,
group_snapshot,member_current_vy_mps_max,member_waiting_band_dwell_sec_min,-0.10902912632027804,0.10902912632027804,3691,below_0p80,False,
group_snapshot,member_window_low_speed_fraction_max,stopped_vehicle_count,-0.10890914076358851,0.10890914076358851,3691,below_0p80,False,
group_snapshot,member_current_speed_mps_min,veh1_history_front_y_change_m,0.10854947496005081,0.10854947496005081,3534,below_0p80,False,
group_snapshot,raw_group_size,member_history_observed_fraction_mean,-0.10829888809353395,0.10829888809353395,3691,below_0p80,False,
group_snapshot,group_adult_ratio,group_old_ratio,-0.10823796019824797,0.10823796019824797,3691,below_0p80,False,
group_snapshot,member_current_speed_mps_max,member_history_max_unobserved_gap_sec_min,0.10819650152545993,0.10819650152545993,3691,below_0p80,False,
group_snapshot,member_waiting_band_dwell_sec_min,veh3_lateral_x_m,0.10812919066292209,0.10812919066292209,3114,below_0p80,False,
group_snapshot,approaching_vehicle_count,veh2_history_mean_front_y_m,0.10803092660371269,0.10803092660371269,3332,below_0p80,False,
group_snapshot,member_waiting_band_dwell_sec_max,veh2_closing_speed_mps,0.10793477453666336,0.10793477453666336,3332,below_0p80,False,
group_snapshot,member_distance_to_crossing_line_m_mean,veh1_history_front_y_change_m,0.107476803284484,0.107476803284484,3534,below_0p80,False,
group_snapshot,member_current_speed_mps_max,veh1_lateral_x_m,-0.10742512337940205,0.10742512337940205,3534,below_0p80,False,
group_snapshot,dbscan_mean_vx_mps,member_history_y_displacement_m_min,-0.10719251599344388,0.10719251599344388,3691,below_0p80,False,
group_snapshot,member_waiting_band_dwell_sec_max,veh2_history_front_y_change_m,-0.10691621241293182,0.10691621241293182,3332,below_0p80,False,
group_snapshot,member_history_mean_speed_mps_mean,veh2_history_front_y_change_m,0.10691563940226328,0.10691563940226328,3332,below_0p80,False,
group_snapshot,member_waiting_band_dwell_sec_mean,stopped_vehicle_count,-0.1068359023782461,0.1068359023782461,3691,below_0p80,False,
group_snapshot,member_waiting_band_dwell_sec_min,veh3_ttc_capped_sec,-0.10679787623017842,0.10679787623017842,3691,below_0p80,False,
group_snapshot,raw_waiting_band_eligible_member_count,veh3_history_mean_front_y_m,0.10669626097083879,0.10669626097083879,3114,below_0p80,False,
group_snapshot,cohort_eligible_member_count,veh3_history_mean_front_y_m,0.10669626097083879,0.10669626097083879,3114,below_0p80,False,
group_snapshot,member_waiting_band_dwell_sec_min,approaching_vehicle_count,0.10668160570487037,0.10668160570487037,3691,below_0p80,False,
group_snapshot,member_window_low_speed_fraction_mean,veh1_closing_speed_mps,0.1065620610851037,0.1065620610851037,3534,below_0p80,False,
group_snapshot,group_adult_ratio,veh2_history_mean_front_y_m,0.10651970582098039,0.10651970582098039,3332,below_0p80,False,
group_snapshot,dbscan_centroid_y_m,veh1_speed_mps,0.10649424853518995,0.10649424853518995,3504,below_0p80,False,
group_snapshot,group_young_ratio,member_waiting_low_speed_time_sec_max,-0.10637456008859536,0.10637456008859536,3691,below_0p80,False,
group_snapshot,dbscan_centroid_x_m,member_current_speed_mps_min,0.10628305280473964,0.10628305280473964,3691,below_0p80,False,
group_snapshot,cohort_eligible_member_count,veh2_closing_speed_mps,0.10625908183266232,0.10625908183266232,3332,below_0p80,False,
group_snapshot,raw_waiting_band_eligible_member_count,veh2_closing_speed_mps,0.10625908183266232,0.10625908183266232,3332,below_0p80,False,
group_snapshot,group_adult_ratio,veh3_history_mean_front_y_m,0.10620935948055134,0.10620935948055134,3114,below_0p80,False,
group_snapshot,member_history_mean_vy_mps_min,member_window_low_speed_fraction_max,0.10582147972003578,0.10582147972003578,3691,below_0p80,False,
group_snapshot,group_young_ratio,approaching_vehicle_count,-0.1057944671262234,0.1057944671262234,3691,below_0p80,False,
group_snapshot,dbscan_mean_speed_mps,veh3_ttc_capped_sec,0.1056063925100301,0.1056063925100301,3691,below_0p80,False,
group_snapshot,raw_waiting_band_eligible_member_count,dbscan_spread_m,0.10541070945070018,0.10541070945070018,3691,below_0p80,False,
group_snapshot,cohort_eligible_member_count,dbscan_spread_m,0.10541070945070018,0.10541070945070018,3691,below_0p80,False,
group_snapshot,member_window_low_speed_fraction_max,veh1_ttc_capped_sec,-0.10491187521285593,0.10491187521285593,3691,below_0p80,False,
group_snapshot,cohort_eligible_member_count,member_current_speed_mps_max,0.10478127285453136,0.10478127285453136,3691,below_0p80,False,
group_snapshot,raw_waiting_band_eligible_member_count,member_current_speed_mps_max,0.10478127285453136,0.10478127285453136,3691,below_0p80,False,
group_snapshot,member_distance_to_crossing_line_m_min,veh2_history_mean_front_y_m,-0.10464915906818231,0.10464915906818231,3332,below_0p80,False,
group_snapshot,member_history_mean_vy_mps_min,member_waiting_low_speed_time_sec_max,0.10460096114569797,0.10460096114569797,3691,below_0p80,False,
group_snapshot,member_waiting_low_speed_time_sec_max,veh1_ttc_capped_sec,-0.10442563896188332,0.10442563896188332,3691,below_0p80,False,
group_snapshot,veh1_ttc_capped_sec,veh1_history_observed_fraction,0.1043869665717006,0.1043869665717006,3691,below_0p80,False,
group_snapshot,dbscan_centroid_y_m,veh2_history_mean_front_y_m,0.10426888180110791,0.10426888180110791,3332,below_0p80,False,
group_snapshot,member_distance_to_crossing_line_m_mean,stopped_vehicle_count,0.10416690056365092,0.10416690056365092,3691,below_0p80,False,
group_snapshot,dbscan_centroid_x_m,veh1_lateral_x_m,-0.10415909571629457,0.10415909571629457,3534,below_0p80,False,
group_snapshot,group_male_ratio,veh3_ttc_capped_sec,0.10381050465489707,0.10381050465489707,3691,below_0p80,False,
group_snapshot,member_current_speed_mps_max,member_history_interpolated_fraction_min,0.10380859691451216,0.10380859691451216,3691,below_0p80,False,
group_snapshot,member_history_y_displacement_m_max,member_window_low_speed_fraction_min,-0.1037429159974779,0.1037429159974779,3691,below_0p80,False,
group_snapshot,veh2_ttc_capped_sec,veh3_lateral_x_m,-0.10341971501726567,0.10341971501726567,3114,below_0p80,False,
group_snapshot,dbscan_spread_m,veh3_closing_speed_mps,0.10335243694322203,0.10335243694322203,3114,below_0p80,False,
group_snapshot,member_distance_to_crossing_line_m_max,member_history_mean_speed_mps_min,-0.1033174419196809,0.1033174419196809,3691,below_0p80,False,
group_snapshot,dbscan_mean_vx_mps,member_history_mean_vy_mps_min,-0.10326060807674735,0.10326060807674735,3691,below_0p80,False,
group_snapshot,member_history_mean_vy_mps_mean,member_waiting_low_speed_time_sec_mean,0.10324247384320873,0.10324247384320873,3691,below_0p80,False,
group_snapshot,eligible_member_fraction_of_group,member_distance_to_crossing_line_m_min,-0.10320933566132003,0.10320933566132003,3691,below_0p80,False,
group_snapshot,group_young_ratio,veh2_history_front_y_change_m,0.10315104085640901,0.10315104085640901,3332,below_0p80,False,
group_snapshot,member_distance_to_crossing_line_m_mean,veh1_ttc_capped_sec,0.10313938130906672,0.10313938130906672,3691,below_0p80,False,
group_snapshot,member_history_mean_speed_mps_max,veh2_speed_mps,-0.10303402793568339,0.10303402793568339,3299,below_0p80,False,
group_snapshot,member_window_low_speed_fraction_mean,veh1_ttc_capped_sec,-0.1029658889288739,0.1029658889288739,3691,below_0p80,False,
group_snapshot,member_distance_to_crossing_line_m_min,veh1_closing_speed_mps,-0.10294282148936573,0.10294282148936573,3534,below_0p80,False,
group_snapshot,raw_group_size,member_history_max_unobserved_gap_sec_mean,0.10271303171536063,0.10271303171536063,3691,below_0p80,False,
group_snapshot,member_current_vy_mps_min,member_history_observed_fraction_max,-0.10269569525188454,0.10269569525188454,3691,below_0p80,False,
group_snapshot,group_adult_ratio,veh1_history_mean_front_y_m,0.10253762656222783,0.10253762656222783,3534,below_0p80,False,
group_snapshot,group_female_ratio,active_vehicle_count,-0.10245493254641316,0.10245493254641316,3691,below_0p80,False,
group_snapshot,group_unknown_age_ratio,veh2_history_mean_front_y_m,-0.10236607848705687,0.10236607848705687,3332,below_0p80,False,
group_snapshot,eligible_member_fraction_of_group,group_unknown_age_ratio,-0.10235029926244597,0.10235029926244597,3691,below_0p80,False,
group_snapshot,member_window_low_speed_fraction_min,veh1_history_front_y_change_m,-0.10232366987649139,0.10232366987649139,3534,below_0p80,False,
group_snapshot,member_waiting_low_speed_time_sec_max,member_history_interpolated_fraction_max,-0.1020186319495063,0.1020186319495063,3691,below_0p80,False,
group_snapshot,group_male_ratio,member_history_observed_fraction_max,0.10191621706890204,0.10191621706890204,3691,below_0p80,False,
group_snapshot,dbscan_mean_speed_mps,veh3_history_front_y_change_m,0.10179451103241109,0.10179451103241109,3114,below_0p80,False,
group_snapshot,member_history_y_displacement_m_min,member_window_low_speed_fraction_max,0.10161427866553255,0.10161427866553255,3691,below_0p80,False,
group_snapshot,member_distance_to_crossing_line_m_min,member_window_low_speed_fraction_min,0.1016111521415869,0.1016111521415869,3691,below_0p80,False,
group_snapshot,raw_group_size,group_female_ratio,0.10144042131053235,0.10144042131053235,3691,below_0p80,False,
group_snapshot,dbscan_centroid_y_m,veh2_closing_speed_mps,0.1014104435007813,0.1014104435007813,3332,below_0p80,False,
group_snapshot,member_history_y_displacement_m_min,member_waiting_low_speed_time_sec_max,0.1013423826935388,0.1013423826935388,3691,below_0p80,False,
group_snapshot,member_current_speed_mps_min,veh1_closing_speed_mps,-0.1013334893396985,0.1013334893396985,3534,below_0p80,False,
group_snapshot,member_history_y_displacement_m_mean,member_waiting_low_speed_time_sec_mean,0.10129054059018128,0.10129054059018128,3691,below_0p80,False,
group_snapshot,member_window_low_speed_fraction_max,veh1_closing_speed_mps,0.10119222834525546,0.10119222834525546,3534,below_0p80,False,
group_snapshot,dbscan_centroid_y_m,veh2_history_front_y_change_m,-0.10112114365885845,0.10112114365885845,3332,below_0p80,False,
group_snapshot,dbscan_centroid_y_m,veh2_speed_mps,0.1010661693490844,0.1010661693490844,3299,below_0p80,False,
group_snapshot,member_history_mean_vy_mps_mean,member_waiting_band_dwell_sec_mean,0.10105830286852568,0.10105830286852568,3691,below_0p80,False,
group_snapshot,member_current_vy_mps_min,member_history_max_unobserved_gap_sec_min,0.10105578628803197,0.10105578628803197,3691,below_0p80,False,
group_snapshot,member_waiting_low_speed_time_sec_min,veh1_speed_mps,0.10098093766389445,0.10098093766389445,3504,below_0p80,False,
group_snapshot,group_unknown_age_ratio,veh1_lateral_x_m,-0.10080621696952961,0.10080621696952961,3534,below_0p80,False,
group_snapshot,member_history_mean_vy_mps_mean,member_waiting_low_speed_time_sec_max,0.10079115152898076,0.10079115152898076,3691,below_0p80,False,
group_snapshot,member_waiting_low_speed_time_sec_mean,veh2_history_mean_front_y_m,0.10068082947250107,0.10068082947250107,3332,below_0p80,False,
group_snapshot,dbscan_mean_vx_mps,member_history_y_displacement_m_max,-0.10061498820169731,0.10061498820169731,3691,below_0p80,False,
group_snapshot,member_current_speed_mps_mean,veh3_history_front_y_change_m,0.10061150999206483,0.10061150999206483,3114,below_0p80,False,
group_snapshot,dbscan_spread_m,veh3_history_front_y_change_m,-0.1002622108645772,0.1002622108645772,3114,below_0p80,False,
group_snapshot,group_male_ratio,member_history_max_unobserved_gap_sec_min,-0.10023760105427029,0.10023760105427029,3691,below_0p80,False,
group_snapshot,group_unknown_age_ratio,veh2_lateral_x_m,-0.10000540020346067,0.10000540020346067,3332,below_0p80,False,
group_snapshot,group_adult_ratio,veh3_ttc_capped_sec,-0.09989561687449515,0.09989561687449515,3691,below_0p80,False,
group_snapshot,member_distance_to_crossing_line_m_max,member_window_low_speed_fraction_max,0.099866056367602,0.099866056367602,3691,below_0p80,False,
group_snapshot,group_young_ratio,veh3_lateral_x_m,-0.09980558532682639,0.09980558532682639,3114,below_0p80,False,
group_snapshot,member_waiting_low_speed_time_sec_mean,veh1_ttc_capped_sec,-0.09948900701538914,0.09948900701538914,3691,below_0p80,False,
group_snapshot,member_history_y_displacement_m_mean,member_waiting_band_dwell_sec_mean,0.09946596891440461,0.09946596891440461,3691,below_0p80,False,
group_snapshot,dbscan_spread_m,member_current_vy_mps_min,-0.09943173633735519,0.09943173633735519,3691,below_0p80,False,
group_snapshot,member_window_low_speed_fraction_mean,stopped_vehicle_count,-0.09934444064610883,0.09934444064610883,3691,below_0p80,False,
group_snapshot,cohort_eligible_member_count,veh1_ttc_capped_sec,-0.09932435875914013,0.09932435875914013,3691,below_0p80,False,
group_snapshot,raw_waiting_band_eligible_member_count,veh1_ttc_capped_sec,-0.09932435875914013,0.09932435875914013,3691,below_0p80,False,
group_snapshot,dbscan_mean_vx_mps,member_history_mean_vy_mps_max,-0.09930917282510887,0.09930917282510887,3691,below_0p80,False,
group_snapshot,group_male_ratio,member_history_interpolated_fraction_min,-0.09926719375727208,0.09926719375727208,3691,below_0p80,False,
group_snapshot,member_history_y_displacement_m_min,member_history_interpolated_fraction_min,0.09917844342188181,0.09917844342188181,3691,below_0p80,False,
group_snapshot,raw_group_size,veh2_ttc_capped_sec,-0.09901626267495986,0.09901626267495986,3691,below_0p80,False,
group_snapshot,member_waiting_low_speed_time_sec_mean,veh1_history_front_y_change_m,-0.09901354895462999,0.09901354895462999,3534,below_0p80,False,
group_snapshot,member_distance_to_crossing_line_m_min,member_waiting_band_dwell_sec_min,0.09898219379270473,0.09898219379270473,3691,below_0p80,False,
group_snapshot,member_history_y_displacement_m_mean,member_waiting_low_speed_time_sec_max,0.09893148406171202,0.09893148406171202,3691,below_0p80,False,
group_snapshot,group_unknown_age_ratio,veh2_history_front_y_change_m,0.09892843312949418,0.09892843312949418,3332,below_0p80,False,
group_snapshot,dbscan_spread_m,veh3_ttc_capped_sec,-0.0985866456560709,0.0985866456560709,3691,below_0p80,False,
group_snapshot,group_unknown_gender_ratio,veh1_closing_speed_mps,-0.09857029249272485,0.09857029249272485,3534,below_0p80,False,
group_snapshot,group_unknown_age_ratio,veh2_ttc_capped_sec,0.09850498306748917,0.09850498306748917,3691,below_0p80,False,
group_snapshot,member_history_mean_speed_mps_mean,veh3_closing_speed_mps,-0.09835022239026736,0.09835022239026736,3114,below_0p80,False,
group_snapshot,member_waiting_low_speed_time_sec_max,veh1_history_front_y_change_m,-0.09826408843922475,0.09826408843922475,3534,below_0p80,False,
group_snapshot,member_history_mean_speed_mps_mean,veh1_lateral_x_m,-0.09822422226041187,0.09822422226041187,3534,below_0p80,False,
group_snapshot,veh3_lateral_x_m,veh3_history_observed_fraction,-0.09821627688087865,0.09821627688087865,3114,below_0p80,False,
group_snapshot,member_current_speed_mps_min,veh1_ttc_capped_sec,0.09819759035132092,0.09819759035132092,3691,below_0p80,False,
group_snapshot,group_unknown_gender_ratio,veh2_history_observed_fraction,0.0981819073212993,0.0981819073212993,3691,below_0p80,False,
group_snapshot,eligible_member_fraction_of_group,veh1_speed_mps,0.09816752108707663,0.09816752108707663,3504,below_0p80,False,
group_snapshot,group_unknown_age_ratio,veh3_history_mean_front_y_m,-0.09795399782108208,0.09795399782108208,3114,below_0p80,False,
group_snapshot,dbscan_centroid_y_m,veh3_lateral_x_m,-0.09794615008194217,0.09794615008194217,3114,below_0p80,False,
group_snapshot,eligible_member_fraction_of_group,veh2_history_front_y_change_m,-0.09780016348161821,0.09780016348161821,3332,below_0p80,False,
group_snapshot,member_distance_to_crossing_line_m_mean,veh2_history_observed_fraction,0.09776713490705094,0.09776713490705094,3691,below_0p80,False,
group_snapshot,veh2_closing_speed_mps,veh3_lateral_x_m,0.09769043649729454,0.09769043649729454,3114,below_0p80,False,
group_snapshot,member_waiting_band_dwell_sec_mean,veh3_lateral_x_m,0.0976561800906786,0.0976561800906786,3114,below_0p80,False,
group_snapshot,dbscan_spread_m,veh2_lateral_x_m,-0.0975365492732849,0.0975365492732849,3332,below_0p80,False,
group_snapshot,member_history_mean_vy_mps_min,veh2_ttc_capped_sec,-0.0971444032752816,0.0971444032752816,3691,below_0p80,False,
group_snapshot,member_history_y_displacement_m_min,veh2_ttc_capped_sec,-0.09712334184434732,0.09712334184434732,3691,below_0p80,False,
group_snapshot,member_history_mean_vy_mps_min,member_history_interpolated_fraction_min,0.09681721846544346,0.09681721846544346,3691,below_0p80,False,
group_snapshot,group_adult_ratio,veh3_lateral_x_m,0.09674127194827288,0.09674127194827288,3114,below_0p80,False,
group_snapshot,member_waiting_low_speed_time_sec_mean,veh3_history_mean_front_y_m,0.09655905951646572,0.09655905951646572,3114,below_0p80,False,
group_snapshot,member_history_y_displacement_m_min,veh2_history_front_y_change_m,-0.09655539682494661,0.09655539682494661,3332,below_0p80,False,
group_snapshot,member_history_y_displacement_m_mean,approaching_vehicle_count,0.09642451090762996,0.09642451090762996,3691,below_0p80,False,
group_snapshot,group_male_ratio,veh3_speed_mps,-0.09642273243132381,0.09642273243132381,3091,below_0p80,False,
group_snapshot,dbscan_centroid_y_m,veh2_history_observed_fraction,-0.09642016545369897,0.09642016545369897,3691,below_0p80,False,
group_snapshot,dbscan_centroid_y_m,veh1_history_mean_front_y_m,0.09635069495850981,0.09635069495850981,3534,below_0p80,False,
group_snapshot,eligible_member_fraction_of_group,veh2_speed_mps,0.09633148776646806,0.09633148776646806,3299,below_0p80,False,
group_snapshot,group_unknown_age_ratio,veh2_speed_mps,-0.0962810485661461,0.0962810485661461,3299,below_0p80,False,
group_snapshot,member_history_mean_vy_mps_max,member_window_low_speed_fraction_min,-0.09627042163109133,0.09627042163109133,3691,below_0p80,False,
group_snapshot,group_young_ratio,member_current_vy_mps_mean,-0.0961596296609017,0.0961596296609017,3691,below_0p80,False,
group_snapshot,member_history_mean_vy_mps_mean,member_waiting_band_dwell_sec_max,0.0961394632773156,0.0961394632773156,3691,below_0p80,False,
group_snapshot,member_window_low_speed_fraction_min,veh1_closing_speed_mps,0.09612077016171641,0.09612077016171641,3534,below_0p80,False,
group_snapshot,member_distance_to_crossing_line_m_mean,veh1_closing_speed_mps,-0.09610505106238425,0.09610505106238425,3534,below_0p80,False,
group_snapshot,member_history_observed_fraction_mean,active_vehicle_count,-0.0960843287365119,0.0960843287365119,3691,below_0p80,False,
group_snapshot,member_waiting_low_speed_time_sec_max,veh2_history_mean_front_y_m,0.09599847046994597,0.09599847046994597,3332,below_0p80,False,
group_snapshot,member_history_mean_vy_mps_mean,veh1_ttc_capped_sec,-0.09598638287927519,0.09598638287927519,3691,below_0p80,False,
group_snapshot,dbscan_mean_speed_mps,veh1_lateral_x_m,-0.09561760787291482,0.09561760787291482,3534,below_0p80,False,
group_snapshot,member_history_mean_vy_mps_min,veh2_history_front_y_change_m,-0.09558747398274611,0.09558747398274611,3332,below_0p80,False,
group_snapshot,member_distance_to_crossing_line_m_min,veh2_history_observed_fraction,0.09555725948822112,0.09555725948822112,3691,below_0p80,False,
group_snapshot,member_history_y_displacement_m_mean,member_history_interpolated_fraction_max,0.09537527452594453,0.09537527452594453,3691,below_0p80,False,
group_snapshot,eligible_member_fraction_of_group,group_adult_ratio,0.09537480476332186,0.09537480476332186,3691,below_0p80,False,
group_snapshot,group_female_ratio,veh1_speed_mps,0.0951951584450283,0.0951951584450283,3504,below_0p80,False,
group_snapshot,member_history_mean_vy_mps_mean,approaching_vehicle_count,0.09515010953646512,0.09515010953646512,3691,below_0p80,False,
group_snapshot,member_history_observed_fraction_min,approaching_vehicle_count,-0.09513356681997151,0.09513356681997151,3691,below_0p80,False,
group_snapshot,member_distance_to_crossing_line_m_mean,veh2_history_mean_front_y_m,-0.09505736002255849,0.09505736002255849,3332,below_0p80,False,
group_snapshot,member_history_y_displacement_m_mean,member_history_interpolated_fraction_mean,0.09498330658744446,0.09498330658744446,3691,below_0p80,False,
group_snapshot,member_history_y_displacement_m_mean,veh1_ttc_capped_sec,-0.09483830009315228,0.09483830009315228,3691,below_0p80,False,
group_snapshot,member_history_y_displacement_m_mean,member_waiting_band_dwell_sec_max,0.09479166828981378,0.09479166828981378,3691,below_0p80,False,
group_snapshot,member_history_mean_speed_mps_max,veh2_closing_speed_mps,-0.09468630109663852,0.09468630109663852,3332,below_0p80,False,
group_snapshot,member_waiting_band_dwell_sec_min,veh3_closing_speed_mps,0.09461010062659808,0.09461010062659808,3114,below_0p80,False,
group_snapshot,member_distance_to_crossing_line_m_mean,veh3_lateral_x_m,0.09459269940307954,0.09459269940307954,3114,below_0p80,False,
group_snapshot,group_unknown_age_ratio,veh3_front_y_m,-0.09444057383393951,0.09444057383393951,3114,below_0p80,False,
group_snapshot,eligible_member_fraction_of_group,veh1_history_front_y_change_m,-0.09443240175499892,0.09443240175499892,3534,below_0p80,False,
group_snapshot,member_history_y_displacement_m_min,veh2_speed_mps,0.09435607808449209,0.09435607808449209,3299,below_0p80,False,
group_snapshot,member_history_mean_vy_mps_min,veh2_speed_mps,0.09418908231345066,0.09418908231345066,3299,below_0p80,False,
group_snapshot,group_young_ratio,member_waiting_band_dwell_sec_mean,-0.09417155193022506,0.09417155193022506,3691,below_0p80,False,
group_snapshot,member_waiting_low_speed_time_sec_max,veh3_history_mean_front_y_m,0.09402285201007271,0.09402285201007271,3114,below_0p80,False,
group_snapshot,member_waiting_band_dwell_sec_mean,veh2_lateral_x_m,0.09396446275913659,0.09396446275913659,3332,below_0p80,False,
group_snapshot,member_waiting_low_speed_time_sec_mean,veh1_closing_speed_mps,0.09395232953784749,0.09395232953784749,3534,below_0p80,False,
group_snapshot,raw_group_size,group_adult_ratio,-0.09383162042579572,0.09383162042579572,3691,below_0p80,False,
group_snapshot,dbscan_centroid_x_m,group_unknown_gender_ratio,-0.09381949477066077,0.09381949477066077,3691,below_0p80,False,
group_snapshot,member_distance_to_crossing_line_m_min,veh3_lateral_x_m,0.09375374354018244,0.09375374354018244,3114,below_0p80,False,
group_snapshot,member_distance_to_crossing_line_m_min,veh2_ttc_capped_sec,0.0937084277657447,0.0937084277657447,3691,below_0p80,False,
group_snapshot,member_waiting_band_dwell_sec_min,veh3_history_front_y_change_m,-0.09365294377783884,0.09365294377783884,3114,below_0p80,False,
group_snapshot,member_history_mean_speed_mps_max,veh3_speed_mps,-0.09364827627456211,0.09364827627456211,3091,below_0p80,False,
group_snapshot,member_waiting_low_speed_time_sec_max,veh1_closing_speed_mps,0.09350781811183408,0.09350781811183408,3534,below_0p80,False,
group_snapshot,raw_group_size,dbscan_mean_speed_mps,0.09349384525821267,0.09349384525821267,3691,below_0p80,False,
group_snapshot,group_unknown_age_ratio,veh1_history_mean_front_y_m,-0.09348665369620417,0.09348665369620417,3534,below_0p80,False,
group_snapshot,member_distance_to_crossing_line_m_min,member_history_mean_speed_mps_mean,-0.09345579662002268,0.09345579662002268,3691,below_0p80,False,
group_snapshot,member_history_mean_vy_mps_mean,member_history_interpolated_fraction_mean,0.09341747042108786,0.09341747042108786,3691,below_0p80,False,
group_snapshot,veh1_history_observed_fraction,veh3_ttc_capped_sec,-0.09340599628676259,0.09340599628676259,3691,below_0p80,False,
group_snapshot,member_current_vy_mps_min,veh1_lateral_x_m,0.09336475230761164,0.09336475230761164,3534,below_0p80,False,
group_snapshot,member_history_mean_vy_mps_mean,member_history_interpolated_fraction_max,0.09323985253528058,0.09323985253528058,3691,below_0p80,False,
group_snapshot,dbscan_centroid_y_m,group_male_ratio,0.0931607001547042,0.0931607001547042,3691,below_0p80,False,
group_snapshot,group_unknown_age_ratio,veh2_closing_speed_mps,-0.09314342320518589,0.09314342320518589,3332,below_0p80,False,
group_snapshot,member_history_interpolated_fraction_mean,active_vehicle_count,0.09297715532820507,0.09297715532820507,3691,below_0p80,False,
group_snapshot,member_history_max_unobserved_gap_sec_mean,active_vehicle_count,0.09282468718902949,0.09282468718902949,3691,below_0p80,False,
group_snapshot,member_current_speed_mps_mean,veh3_closing_speed_mps,-0.09249115789659669,0.09249115789659669,3114,below_0p80,False,
group_snapshot,member_history_observed_fraction_mean,approaching_vehicle_count,-0.09240641362479901,0.09240641362479901,3691,below_0p80,False,
group_snapshot,member_current_speed_mps_mean,veh1_lateral_x_m,-0.0921730696769063,0.0921730696769063,3534,below_0p80,False,
group_snapshot,dbscan_spread_m,group_male_ratio,-0.09198671525077985,0.09198671525077985,3691,below_0p80,False,
group_snapshot,member_waiting_band_dwell_sec_mean,veh1_speed_mps,0.09194611023436935,0.09194611023436935,3504,below_0p80,False,
group_snapshot,dbscan_spread_m,group_adult_ratio,-0.0918463005103483,0.0918463005103483,3691,below_0p80,False,
group_snapshot,member_waiting_band_dwell_sec_max,veh3_lateral_x_m,0.09183054539540804,0.09183054539540804,3114,below_0p80,False,
group_snapshot,veh1_lateral_x_m,veh1_history_observed_fraction,-0.09177066665566617,0.09177066665566617,3534,below_0p80,False,
group_snapshot,member_history_mean_vy_mps_mean,veh2_ttc_capped_sec,-0.09173010808398117,0.09173010808398117,3691,below_0p80,False,
group_snapshot,group_unknown_age_ratio,veh1_ttc_capped_sec,0.09169221764403382,0.09169221764403382,3691,below_0p80,False,
group_snapshot,member_history_y_displacement_m_mean,veh2_ttc_capped_sec,-0.0916082798681423,0.0916082798681423,3691,below_0p80,False,
group_snapshot,dbscan_centroid_x_m,veh3_history_front_y_change_m,0.09158965323805994,0.09158965323805994,3114,below_0p80,False,
group_snapshot,member_distance_to_crossing_line_m_min,veh2_history_front_y_change_m,0.0914405620513047,0.0914405620513047,3332,below_0p80,False,
group_snapshot,member_distance_to_crossing_line_m_min,veh2_closing_speed_mps,-0.09132361452351737,0.09132361452351737,3332,below_0p80,False,
group_snapshot,member_window_low_speed_fraction_min,active_vehicle_count,0.0909507129249,0.0909507129249,3691,below_0p80,False,
group_snapshot,eligible_member_fraction_of_group,dbscan_centroid_y_m,0.09079723914717282,0.09079723914717282,3691,below_0p80,False,
group_snapshot,member_history_mean_vy_mps_mean,member_waiting_low_speed_time_sec_min,0.0907149528033758,0.0907149528033758,3691,below_0p80,False,
group_snapshot,member_history_y_displacement_m_min,veh3_speed_mps,0.09061224888841815,0.09061224888841815,3091,below_0p80,False,
group_snapshot,dbscan_spread_m,member_waiting_low_speed_time_sec_mean,-0.09057831203320038,0.09057831203320038,3691,below_0p80,False,
group_snapshot,member_history_mean_vy_mps_min,veh3_speed_mps,0.0905330688063726,0.0905330688063726,3091,below_0p80,False,
group_snapshot,member_current_vy_mps_min,member_window_low_speed_fraction_mean,0.0905013229207053,0.0905013229207053,3691,below_0p80,False,
group_snapshot,member_waiting_low_speed_time_sec_min,veh2_history_mean_front_y_m,0.09048747105253317,0.09048747105253317,3332,below_0p80,False,
group_snapshot,dbscan_centroid_y_m,veh2_ttc_capped_sec,-0.0903518011710999,0.0903518011710999,3691,below_0p80,False,
group_snapshot,member_distance_to_crossing_line_m_max,veh2_history_observed_fraction,0.09031214780380922,0.09031214780380922,3691,below_0p80,False,
group_snapshot,raw_group_size,member_distance_to_crossing_line_m_max,0.09027328460124437,0.09027328460124437,3691,below_0p80,False,
group_snapshot,member_history_mean_vy_mps_min,member_history_mean_speed_mps_min,-0.09014715050756991,0.09014715050756991,3691,below_0p80,False,
group_snapshot,member_distance_to_crossing_line_m_max,veh1_history_front_y_change_m,0.08998254711944204,0.08998254711944204,3534,below_0p80,False,
group_snapshot,member_distance_to_crossing_line_m_min,veh1_speed_mps,-0.08992235166239579,0.08992235166239579,3504,below_0p80,False,
group_snapshot,member_window_low_speed_fraction_mean,veh1_lateral_x_m,0.08979512598194218,0.08979512598194218,3534,below_0p80,False,
group_snapshot,eligible_member_fraction_of_group,veh1_closing_speed_mps,0.08974211254467279,0.08974211254467279,3534,below_0p80,False,
group_snapshot,member_current_vy_mps_min,member_history_interpolated_fraction_min,0.08954395115162656,0.08954395115162656,3691,below_0p80,False,
group_snapshot,dbscan_spread_m,veh3_speed_mps,0.08946870231346792,0.08946870231346792,3091,below_0p80,False,
group_snapshot,member_history_mean_speed_mps_min,veh3_history_mean_front_y_m,-0.08942993498173682,0.08942993498173682,3114,below_0p80,False,
group_snapshot,member_history_y_displacement_m_max,member_waiting_band_dwell_sec_max,0.08938020640565887,0.08938020640565887,3691,below_0p80,False,
group_snapshot,member_history_max_unobserved_gap_sec_max,approaching_vehicle_count,0.08931684572872116,0.08931684572872116,3691,below_0p80,False,
group_snapshot,raw_waiting_band_eligible_member_count,member_current_speed_mps_mean,-0.08931016940193608,0.08931016940193608,3691,below_0p80,False,
group_snapshot,cohort_eligible_member_count,member_current_speed_mps_mean,-0.08931016940193608,0.08931016940193608,3691,below_0p80,False,
group_snapshot,member_waiting_band_dwell_sec_min,veh2_speed_mps,0.08920279042754438,0.08920279042754438,3299,below_0p80,False,
group_snapshot,group_young_ratio,veh2_lateral_x_m,-0.08868874186873804,0.08868874186873804,3332,below_0p80,False,
group_snapshot,member_distance_to_crossing_line_m_min,veh2_speed_mps,-0.08864155244311665,0.08864155244311665,3299,below_0p80,False,
group_snapshot,member_history_mean_speed_mps_max,veh2_history_front_y_change_m,0.0882957064842949,0.0882957064842949,3332,below_0p80,False,
group_snapshot,member_history_mean_vy_mps_mean,member_history_observed_fraction_max,-0.08797013636294572,0.08797013636294572,3691,below_0p80,False,
group_snapshot,member_distance_to_crossing_line_m_mean,member_history_y_displacement_m_max,-0.08788513903207207,0.08788513903207207,3691,below_0p80,False,
group_snapshot,group_adult_ratio,member_history_mean_vy_mps_min,0.08785200740632584,0.08785200740632584,3691,below_0p80,False,
group_snapshot,member_history_y_displacement_m_mean,member_history_observed_fraction_max,-0.08783038444328387,0.08783038444328387,3691,below_0p80,False,
group_snapshot,member_history_y_displacement_m_mean,member_waiting_low_speed_time_sec_min,0.08783029559604875,0.08783029559604875,3691,below_0p80,False,
group_snapshot,member_current_speed_mps_min,member_history_mean_vy_mps_max,-0.08777551947250548,0.08777551947250548,3691,below_0p80,False,
group_snapshot,member_history_mean_vy_mps_mean,member_history_max_unobserved_gap_sec_min,0.08748258998743082,0.08748258998743082,3691,below_0p80,False,
group_snapshot,member_history_max_unobserved_gap_sec_mean,approaching_vehicle_count,0.0874380494773453,0.0874380494773453,3691,below_0p80,False,
group_snapshot,member_current_speed_mps_max,veh2_speed_mps,-0.08739285397955239,0.08739285397955239,3299,below_0p80,False,
group_snapshot,dbscan_mean_speed_mps,veh3_closing_speed_mps,-0.0873604695219888,0.0873604695219888,3114,below_0p80,False,
group_snapshot,dbscan_spread_m,member_history_mean_speed_mps_min,0.08733700452381911,0.08733700452381911,3691,below_0p80,False,
group_snapshot,group_unknown_gender_ratio,veh3_history_observed_fraction,0.08733605451770914,0.08733605451770914,3691,below_0p80,False,
group_snapshot,dbscan_mean_vy_mps,group_young_ratio,-0.08730691364464116,0.08730691364464116,3691,below_0p80,False,
group_snapshot,member_history_observed_fraction_min,active_vehicle_count,-0.08729316393763163,0.08729316393763163,3691,below_0p80,False,
group_snapshot,member_current_speed_mps_min,member_history_y_displacement_m_max,-0.08718225833603421,0.08718225833603421,3691,below_0p80,False,
group_snapshot,member_history_y_displacement_m_mean,member_history_max_unobserved_gap_sec_min,0.08716927389168065,0.08716927389168065,3691,below_0p80,False,
group_snapshot,member_distance_to_crossing_line_m_mean,member_history_mean_vy_mps_max,-0.08701639577246173,0.08701639577246173,3691,below_0p80,False,
group_snapshot,raw_group_size,group_young_ratio,0.08690694854478295,0.08690694854478295,3691,below_0p80,False,
group_snapshot,group_adult_ratio,member_history_y_displacement_m_min,0.08687901532785229,0.08687901532785229,3691,below_0p80,False,
group_snapshot,dbscan_spread_m,member_waiting_band_dwell_sec_mean,-0.08670340257723991,0.08670340257723991,3691,below_0p80,False,
group_snapshot,group_male_ratio,veh3_closing_speed_mps,-0.08663812054363461,0.08663812054363461,3114,below_0p80,False,
group_snapshot,member_distance_to_crossing_line_m_max,veh3_lateral_x_m,0.08661960226605947,0.08661960226605947,3114,below_0p80,False,
group_snapshot,dbscan_centroid_x_m,group_old_ratio,-0.08660082162506325,0.08660082162506325,3691,below_0p80,False,
group_snapshot,member_history_mean_speed_mps_min,veh1_speed_mps,-0.08655332983158248,0.08655332983158248,3504,below_0p80,False,
group_snapshot,member_history_mean_vy_mps_max,member_waiting_band_dwell_sec_max,0.08655026218733677,0.08655026218733677,3691,below_0p80,False,
group_snapshot,member_history_mean_vy_mps_mean,veh2_speed_mps,0.08641277274515564,0.08641277274515564,3299,below_0p80,False,
group_snapshot,member_waiting_band_dwell_sec_max,veh1_speed_mps,0.08629391209063113,0.08629391209063113,3504,below_0p80,False,
group_snapshot,member_distance_to_crossing_line_m_min,veh1_history_mean_front_y_m,-0.08629312510043195,0.08629312510043195,3534,below_0p80,False,
group_snapshot,member_distance_to_crossing_line_m_max,veh1_ttc_capped_sec,0.08622965801167187,0.08622965801167187,3691,below_0p80,False,
group_snapshot,group_unknown_gender_ratio,veh3_ttc_capped_sec,-0.086217453273393,0.086217453273393,3691,below_0p80,False,
group_snapshot,dbscan_centroid_y_m,member_history_mean_speed_mps_mean,0.08614427283696335,0.08614427283696335,3691,below_0p80,False,
group_snapshot,stopped_vehicle_count,veh1_lateral_x_m,-0.08606755940333906,0.08606755940333906,3534,below_0p80,False,
group_snapshot,approaching_vehicle_count,veh2_lateral_x_m,0.08597111760820456,0.08597111760820456,3332,below_0p80,False,
group_snapshot,group_female_ratio,veh3_closing_speed_mps,0.08597017608715875,0.08597017608715875,3114,below_0p80,False,
group_snapshot,eligible_member_fraction_of_group,veh2_closing_speed_mps,0.08591959439164822,0.08591959439164822,3332,below_0p80,False,
group_snapshot,raw_group_size,member_waiting_low_speed_time_sec_min,-0.08580785474184945,0.08580785474184945,3691,below_0p80,False,
group_snapshot,member_history_mean_vy_mps_mean,veh1_lateral_x_m,0.08576514014328174,0.08576514014328174,3534,below_0p80,False,
group_snapshot,member_waiting_low_speed_time_sec_mean,veh1_lateral_x_m,0.08575199592420159,0.08575199592420159,3534,below_0p80,False,
group_snapshot,eligible_member_fraction_of_group,veh2_ttc_capped_sec,-0.0855062619915995,0.0855062619915995,3691,below_0p80,False,
group_snapshot,dbscan_spread_m,group_female_ratio,0.08536208528905131,0.08536208528905131,3691,below_0p80,False,
group_snapshot,member_history_interpolated_fraction_max,active_vehicle_count,0.08514815825933408,0.08514815825933408,3691,below_0p80,False,
group_snapshot,member_history_y_displacement_m_mean,veh2_speed_mps,0.08485674403426668,0.08485674403426668,3299,below_0p80,False,
group_snapshot,group_young_ratio,member_current_speed_mps_min,0.08480642557663454,0.08480642557663454,3691,below_0p80,False,
group_snapshot,member_distance_to_crossing_line_m_mean,veh1_speed_mps,-0.08470031055756558,0.08470031055756558,3504,below_0p80,False,
group_snapshot,member_distance_to_crossing_line_m_min,member_current_vy_mps_max,-0.08467905836697741,0.08467905836697741,3691,below_0p80,False,
group_snapshot,member_history_y_displacement_m_mean,veh1_lateral_x_m,0.08465393809359857,0.08465393809359857,3534,below_0p80,False,
group_snapshot,member_history_mean_speed_mps_max,active_vehicle_count,-0.08435786815144908,0.08435786815144908,3691,below_0p80,False,
group_snapshot,member_history_mean_speed_mps_min,member_history_y_displacement_m_min,-0.08430801976491879,0.08430801976491879,3691,below_0p80,False,
group_snapshot,raw_waiting_band_eligible_member_count,veh1_speed_mps,0.08422678283300734,0.08422678283300734,3504,below_0p80,False,
group_snapshot,cohort_eligible_member_count,veh1_speed_mps,0.08422678283300734,0.08422678283300734,3504,below_0p80,False,
group_snapshot,raw_waiting_band_eligible_member_count,veh1_history_front_y_change_m,-0.08412855530450296,0.08412855530450296,3534,below_0p80,False,
group_snapshot,cohort_eligible_member_count,veh1_history_front_y_change_m,-0.08412855530450296,0.08412855530450296,3534,below_0p80,False,
group_snapshot,member_history_mean_vy_mps_mean,member_window_low_speed_fraction_mean,0.08408830960763085,0.08408830960763085,3691,below_0p80,False,
group_snapshot,group_unknown_gender_ratio,stopped_vehicle_count,0.08408565493042618,0.08408565493042618,3691,below_0p80,False,
group_snapshot,group_adult_ratio,member_window_low_speed_fraction_min,0.08404344876546609,0.08404344876546609,3691,below_0p80,False,
group_snapshot,group_female_ratio,veh3_speed_mps,0.08404306761292844,0.08404306761292844,3091,below_0p80,False,
group_snapshot,member_history_mean_speed_mps_min,veh2_history_mean_front_y_m,-0.08403811500989786,0.08403811500989786,3332,below_0p80,False,
group_snapshot,member_current_vy_mps_max,member_window_low_speed_fraction_mean,-0.08401755964411184,0.08401755964411184,3691,below_0p80,False,
group_snapshot,member_history_y_displacement_m_mean,veh2_history_front_y_change_m,-0.08397723937962266,0.08397723937962266,3332,below_0p80,False,
group_snapshot,veh1_ttc_capped_sec,veh2_lateral_x_m,-0.08396155288181428,0.08396155288181428,3332,below_0p80,False,
group_snapshot,member_distance_to_crossing_line_m_mean,veh2_closing_speed_mps,-0.08394647689635693,0.08394647689635693,3332,below_0p80,False,
group_snapshot,member_distance_to_crossing_line_m_min,veh3_history_observed_fraction,0.083871768298148,0.083871768298148,3691,below_0p80,False,
group_snapshot,member_history_y_displacement_m_max,veh1_ttc_capped_sec,-0.08372010247055356,0.08372010247055356,3691,below_0p80,False,
group_snapshot,dbscan_centroid_y_m,member_window_low_speed_fraction_mean,-0.08368164714709485,0.08368164714709485,3691,below_0p80,False,
group_snapshot,member_distance_to_crossing_line_m_min,member_current_speed_mps_mean,-0.08358543632889202,0.08358543632889202,3691,below_0p80,False,
group_snapshot,group_young_ratio,veh2_closing_speed_mps,-0.08354620136220929,0.08354620136220929,3332,below_0p80,False,
group_snapshot,dbscan_centroid_y_m,member_history_mean_speed_mps_max,0.08351863491941193,0.08351863491941193,3691,below_0p80,False,
group_snapshot,member_history_mean_vy_mps_mean,veh2_history_front_y_change_m,-0.08340156035429312,0.08340156035429312,3332,below_0p80,False,
group_snapshot,member_history_mean_speed_mps_max,veh3_ttc_capped_sec,0.08331914689131395,0.08331914689131395,3691,below_0p80,False,
group_snapshot,member_history_mean_speed_mps_max,veh2_ttc_capped_sec,0.0832426631209233,0.0832426631209233,3691,below_0p80,False,
group_snapshot,group_old_ratio,veh1_history_mean_front_y_m,0.08322269687886011,0.08322269687886011,3534,below_0p80,False,
group_snapshot,group_young_ratio,veh1_history_front_y_change_m,0.08291898745515598,0.08291898745515598,3534,below_0p80,False,
group_snapshot,member_window_low_speed_fraction_min,veh1_ttc_capped_sec,-0.08286299054726909,0.08286299054726909,3691,below_0p80,False,
group_snapshot,raw_group_size,member_window_low_speed_fraction_max,0.0827574026848795,0.0827574026848795,3691,below_0p80,False,
group_snapshot,member_history_max_unobserved_gap_sec_max,active_vehicle_count,0.0826664420026292,0.0826664420026292,3691,below_0p80,False,
group_snapshot,member_distance_to_crossing_line_m_mean,veh2_history_front_y_change_m,0.0826137053245531,0.0826137053245531,3332,below_0p80,False,
group_snapshot,member_history_y_displacement_m_min,veh2_lateral_x_m,0.08254416773399982,0.08254416773399982,3332,below_0p80,False,
group_snapshot,group_young_ratio,veh2_ttc_capped_sec,0.08245614823405188,0.08245614823405188,3691,below_0p80,False,
group_snapshot,member_history_mean_vy_mps_mean,member_window_low_speed_fraction_min,0.08229883211088282,0.08229883211088282,3691,below_0p80,False,
group_snapshot,dbscan_centroid_x_m,member_waiting_low_speed_time_sec_mean,-0.08228500955352151,0.08228500955352151,3691,below_0p80,False,
group_snapshot,member_distance_to_crossing_line_m_mean,veh3_history_observed_fraction,0.08227870384705932,0.08227870384705932,3691,below_0p80,False,
group_snapshot,member_current_vy_mps_min,member_current_speed_mps_min,-0.08219024681497737,0.08219024681497737,3691,below_0p80,False,
group_snapshot,member_history_mean_vy_mps_mean,member_waiting_band_dwell_sec_min,0.08207020248108149,0.08207020248108149,3691,below_0p80,False,
group_snapshot,member_distance_to_crossing_line_m_min,member_waiting_low_speed_time_sec_min,0.08198160048964628,0.08198160048964628,3691,below_0p80,False,
group_snapshot,member_distance_to_crossing_line_m_mean,veh1_history_mean_front_y_m,-0.0819815421322768,0.0819815421322768,3534,below_0p80,False,
group_snapshot,member_history_mean_vy_mps_mean,veh3_speed_mps,0.08196668121884534,0.08196668121884534,3091,below_0p80,False,
group_snapshot,cohort_eligible_member_count,active_vehicle_count,-0.08195398893211485,0.08195398893211485,3691,below_0p80,False,
group_snapshot,raw_waiting_band_eligible_member_count,active_vehicle_count,-0.08195398893211485,0.08195398893211485,3691,below_0p80,False,
group_snapshot,dbscan_spread_m,veh3_history_mean_front_y_m,0.08195068362957937,0.08195068362957937,3114,below_0p80,False,
group_snapshot,group_adult_ratio,active_vehicle_count,0.08184840935998253,0.08184840935998253,3691,below_0p80,False,
group_snapshot,raw_waiting_band_eligible_member_count,approaching_vehicle_count,0.08183093922627126,0.08183093922627126,3691,below_0p80,False,
group_snapshot,cohort_eligible_member_count,approaching_vehicle_count,0.08183093922627126,0.08183093922627126,3691,below_0p80,False,
group_snapshot,eligible_member_fraction_of_group,veh1_ttc_capped_sec,-0.08181405864721446,0.08181405864721446,3691,below_0p80,False,
group_snapshot,member_distance_to_crossing_line_m_mean,veh2_speed_mps,-0.0815585993524713,0.0815585993524713,3299,below_0p80,False,
group_snapshot,dbscan_centroid_y_m,member_history_y_displacement_m_max,0.08150695805302567,0.08150695805302567,3691,below_0p80,False,
group_snapshot,member_history_mean_vy_mps_mean,veh1_speed_mps,0.0814949348953655,0.0814949348953655,3504,below_0p80,False,
group_snapshot,member_current_vy_mps_min,veh2_lateral_x_m,0.08146807319737936,0.08146807319737936,3332,below_0p80,False,
group_snapshot,member_history_y_displacement_m_mean,veh3_speed_mps,0.08134699508576536,0.08134699508576536,3091,below_0p80,False,
group_snapshot,member_history_mean_vy_mps_min,veh2_lateral_x_m,0.08133463673724359,0.08133463673724359,3332,below_0p80,False,
group_snapshot,group_adult_ratio,veh3_history_observed_fraction,0.08121164568069802,0.08121164568069802,3691,below_0p80,False,
group_snapshot,member_history_mean_vy_mps_max,veh1_ttc_capped_sec,-0.08117667126671987,0.08117667126671987,3691,below_0p80,False,
group_snapshot,member_distance_to_crossing_line_m_max,veh1_closing_speed_mps,-0.08113836088228518,0.08113836088228518,3534,below_0p80,False,
group_snapshot,member_current_speed_mps_max,veh2_history_front_y_change_m,0.08104601487956502,0.08104601487956502,3332,below_0p80,False,
group_snapshot,member_history_y_displacement_m_min,veh3_history_front_y_change_m,-0.08080019968085186,0.08080019968085186,3114,below_0p80,False,
group_snapshot,group_unknown_gender_ratio,veh1_ttc_capped_sec,0.08079096161372137,0.08079096161372137,3691,below_0p80,False,
group_snapshot,dbscan_centroid_y_m,member_current_speed_mps_max,0.08079036573558922,0.08079036573558922,3691,below_0p80,False,
group_snapshot,group_female_ratio,veh1_closing_speed_mps,0.0807402388090725,0.0807402388090725,3534,below_0p80,False,
group_snapshot,dbscan_centroid_y_m,member_window_low_speed_fraction_min,-0.08072438247933195,0.08072438247933195,3691,below_0p80,False,
group_snapshot,member_history_interpolated_fraction_max,approaching_vehicle_count,0.08066494774884217,0.08066494774884217,3691,below_0p80,False,
group_snapshot,raw_group_size,member_current_vy_mps_max,0.08055825283869524,0.08055825283869524,3691,below_0p80,False,
group_snapshot,veh2_ttc_capped_sec,veh2_history_observed_fraction,-0.08051759659707737,0.08051759659707737,3691,below_0p80,False,
group_snapshot,dbscan_centroid_y_m,member_history_mean_vy_mps_max,0.08047294050636598,0.08047294050636598,3691,below_0p80,False,
group_snapshot,member_distance_to_crossing_line_m_mean,veh2_ttc_capped_sec,0.08042851651701377,0.08042851651701377,3691,below_0p80,False,
group_snapshot,veh2_lateral_x_m,veh2_front_y_m,0.08029078132414406,0.08029078132414406,3332,below_0p80,False,
group_snapshot,member_history_y_displacement_m_mean,veh1_speed_mps,0.08028856155203795,0.08028856155203795,3504,below_0p80,False,
group_snapshot,dbscan_spread_m,member_history_interpolated_fraction_max,0.08023569518572189,0.08023569518572189,3691,below_0p80,False,
group_snapshot,member_history_y_displacement_m_mean,veh3_history_front_y_change_m,-0.08018358833148166,0.08018358833148166,3114,below_0p80,False,
group_snapshot,group_young_ratio,member_waiting_band_dwell_sec_max,-0.07996627516572419,0.07996627516572419,3691,below_0p80,False,
group_snapshot,group_old_ratio,veh2_closing_speed_mps,0.07994704699487248,0.07994704699487248,3332,below_0p80,False,
group_snapshot,dbscan_centroid_y_m,veh3_history_observed_fraction,-0.07988152227428377,0.07988152227428377,3691,below_0p80,False,
group_snapshot,group_old_ratio,veh1_ttc_capped_sec,-0.07968062493141348,0.07968062493141348,3691,below_0p80,False,
group_snapshot,member_window_low_speed_fraction_min,veh1_history_mean_front_y_m,0.0796246656272353,0.0796246656272353,3534,below_0p80,False,
group_snapshot,member_history_y_displacement_m_mean,member_waiting_band_dwell_sec_min,0.07961502567240825,0.07961502567240825,3691,below_0p80,False,
group_snapshot,member_history_y_displacement_m_min,veh1_speed_mps,0.07958171984042911,0.07958171984042911,3504,below_0p80,False,
group_snapshot,member_history_mean_vy_mps_min,veh1_speed_mps,0.07955265128310929,0.07955265128310929,3504,below_0p80,False,
group_snapshot,member_history_mean_vy_mps_min,veh1_ttc_capped_sec,-0.07946055426155253,0.07946055426155253,3691,below_0p80,False,
group_snapshot,group_young_ratio,veh1_lateral_x_m,-0.07936519287148756,0.07936519287148756,3534,below_0p80,False,
group_snapshot,member_distance_to_crossing_line_m_max,member_history_interpolated_fraction_max,0.07930604682572194,0.07930604682572194,3691,below_0p80,False,
group_snapshot,member_waiting_band_dwell_sec_max,veh2_lateral_x_m,0.07927287159394668,0.07927287159394668,3332,below_0p80,False,
group_snapshot,member_history_y_displacement_m_max,member_waiting_low_speed_time_sec_min,-0.07915494370243499,0.07915494370243499,3691,below_0p80,False,
group_snapshot,member_history_mean_vy_mps_min,veh3_history_front_y_change_m,-0.0791183659913088,0.0791183659913088,3114,below_0p80,False,
group_snapshot,group_adult_ratio,veh3_history_front_y_change_m,-0.07902042795615877,0.07902042795615877,3114,below_0p80,False,
group_snapshot,member_current_speed_mps_max,veh3_speed_mps,-0.07889216515822452,0.07889216515822452,3091,below_0p80,False,
group_snapshot,member_history_y_displacement_m_mean,member_window_low_speed_fraction_mean,0.07888358884894615,0.07888358884894615,3691,below_0p80,False,
group_snapshot,member_current_vy_mps_mean,member_history_observed_fraction_mean,-0.07886966537457929,0.07886966537457929,3691,below_0p80,False,
group_snapshot,member_history_mean_vy_mps_min,veh3_closing_speed_mps,0.07883697257052438,0.07883697257052438,3114,below_0p80,False,
group_snapshot,group_unknown_gender_ratio,veh1_lateral_x_m,-0.07878943611482893,0.07878943611482893,3534,below_0p80,False,
group_snapshot,group_male_ratio,veh3_history_front_y_change_m,0.07877434629152176,0.07877434629152176,3114,below_0p80,False,
group_snapshot,member_history_mean_vy_mps_mean,veh3_history_front_y_change_m,-0.0787700093624803,0.0787700093624803,3114,below_0p80,False,
group_snapshot,member_history_mean_vy_mps_min,member_waiting_band_dwell_sec_max,0.07875659482420311,0.07875659482420311,3691,below_0p80,False,
group_snapshot,group_adult_ratio,member_history_mean_speed_mps_max,-0.07862995059722226,0.07862995059722226,3691,below_0p80,False,
group_snapshot,dbscan_spread_m,member_history_observed_fraction_min,-0.0785689526501626,0.0785689526501626,3691,below_0p80,False,
group_snapshot,member_history_y_displacement_m_min,veh2_closing_speed_mps,0.07856596321362591,0.07856596321362591,3332,below_0p80,False,
group_snapshot,member_history_y_displacement_m_min,veh1_ttc_capped_sec,-0.07853810651858045,0.07853810651858045,3691,below_0p80,False,
group_snapshot,raw_group_size,member_history_mean_vy_mps_min,-0.07840044244779734,0.07840044244779734,3691,below_0p80,False,
group_snapshot,member_history_mean_vy_mps_min,veh3_ttc_capped_sec,-0.07837337386743495,0.07837337386743495,3691,below_0p80,False,
group_snapshot,member_distance_to_crossing_line_m_min,member_window_low_speed_fraction_mean,0.07812822101457532,0.07812822101457532,3691,below_0p80,False,
group_snapshot,member_history_mean_vy_mps_mean,member_window_low_speed_fraction_max,0.07807329257385826,0.07807329257385826,3691,below_0p80,False,
group_snapshot,group_female_ratio,veh1_history_mean_front_y_m,0.07789228749700192,0.07789228749700192,3534,below_0p80,False,
group_snapshot,member_distance_to_crossing_line_m_mean,member_history_mean_speed_mps_mean,-0.07786101241377776,0.07786101241377776,3691,below_0p80,False,
group_snapshot,raw_group_size,member_current_speed_mps_min,-0.07774702779253004,0.07774702779253004,3691,below_0p80,False,
group_snapshot,member_current_speed_mps_max,active_vehicle_count,-0.07756860544185627,0.07756860544185627,3691,below_0p80,False,
group_snapshot,raw_group_size,member_history_y_displacement_m_min,-0.07752635257064536,0.07752635257064536,3691,below_0p80,False,
group_snapshot,member_current_speed_mps_max,veh2_closing_speed_mps,-0.07749104164737494,0.07749104164737494,3332,below_0p80,False,
group_snapshot,member_history_interpolated_fraction_mean,approaching_vehicle_count,0.07747253746991924,0.07747253746991924,3691,below_0p80,False,
group_snapshot,active_vehicle_count,veh2_lateral_x_m,0.07745534404929043,0.07745534404929043,3332,below_0p80,False,
group_snapshot,member_history_y_displacement_m_min,veh3_ttc_capped_sec,-0.07740822654297363,0.07740822654297363,3691,below_0p80,False,
group_snapshot,member_waiting_band_dwell_sec_max,member_history_interpolated_fraction_max,-0.07714926257353862,0.07714926257353862,3691,below_0p80,False,
group_snapshot,group_unknown_gender_ratio,veh1_speed_mps,-0.07711883816030857,0.07711883816030857,3504,below_0p80,False,
group_snapshot,group_unknown_gender_ratio,group_unknown_age_ratio,0.0771077693464246,0.0771077693464246,3691,below_0p80,False,
group_snapshot,member_history_y_displacement_m_min,veh3_closing_speed_mps,0.0770460200246136,0.0770460200246136,3114,below_0p80,False,
group_snapshot,member_current_vy_mps_mean,member_history_observed_fraction_min,-0.07689322412322512,0.07689322412322512,3691,below_0p80,False,
group_snapshot,member_waiting_band_dwell_sec_min,veh2_ttc_capped_sec,-0.0768379595014368,0.0768379595014368,3691,below_0p80,False,
group_snapshot,member_history_mean_speed_mps_mean,veh2_history_mean_front_y_m,-0.07666608281702685,0.07666608281702685,3332,below_0p80,False,
group_snapshot,member_history_mean_vy_mps_min,veh2_closing_speed_mps,0.07643500167170067,0.07643500167170067,3332,below_0p80,False,
group_snapshot,member_history_y_displacement_m_mean,member_window_low_speed_fraction_min,0.07639433943140185,0.07639433943140185,3691,below_0p80,False,
group_snapshot,member_current_speed_mps_max,veh2_ttc_capped_sec,0.07631608009168799,0.07631608009168799,3691,below_0p80,False,
group_snapshot,member_distance_to_crossing_line_m_max,member_window_low_speed_fraction_mean,0.07626942982027116,0.07626942982027116,3691,below_0p80,False,
group_snapshot,dbscan_centroid_y_m,member_history_mean_speed_mps_min,0.07600105059800197,0.07600105059800197,3691,below_0p80,False,
group_snapshot,group_adult_ratio,veh2_history_observed_fraction,0.07585970695147529,0.07585970695147529,3691,below_0p80,False,
group_snapshot,member_history_mean_vy_mps_max,member_waiting_low_speed_time_sec_min,-0.07575826901829294,0.07575826901829294,3691,below_0p80,False,
group_snapshot,dbscan_mean_speed_mps,veh1_speed_mps,-0.07569075168766648,0.07569075168766648,3504,below_0p80,False,
group_snapshot,dbscan_spread_m,member_distance_to_crossing_line_m_max,0.07562002484210535,0.07562002484210535,3691,below_0p80,False,
group_snapshot,dbscan_mean_speed_mps,veh2_history_mean_front_y_m,-0.07544190582548395,0.07544190582548395,3332,below_0p80,False,
group_snapshot,dbscan_spread_m,member_history_mean_vy_mps_min,-0.07534341427613736,0.07534341427613736,3691,below_0p80,False,
group_snapshot,member_history_y_displacement_m_min,member_waiting_band_dwell_sec_max,0.07530768489637907,0.07530768489637907,3691,below_0p80,False,
group_snapshot,stopped_vehicle_count,veh3_lateral_x_m,0.0752991674741204,0.0752991674741204,3114,below_0p80,False,
group_snapshot,member_distance_to_crossing_line_m_max,stopped_vehicle_count,0.07512906334014134,0.07512906334014134,3691,below_0p80,False,
group_snapshot,dbscan_spread_m,member_history_max_unobserved_gap_sec_max,0.07507811337481538,0.07507811337481538,3691,below_0p80,False,
group_snapshot,raw_waiting_band_eligible_member_count,veh2_history_mean_front_y_m,0.0749884251949815,0.0749884251949815,3332,below_0p80,False,
group_snapshot,cohort_eligible_member_count,veh2_history_mean_front_y_m,0.0749884251949815,0.0749884251949815,3332,below_0p80,False,
group_snapshot,dbscan_spread_m,member_waiting_low_speed_time_sec_max,-0.074874842729797,0.074874842729797,3691,below_0p80,False,
group_snapshot,dbscan_centroid_y_m,member_window_low_speed_fraction_max,-0.07468858200710544,0.07468858200710544,3691,below_0p80,False,
group_snapshot,group_adult_ratio,veh3_speed_mps,0.07450601258827926,0.07450601258827926,3091,below_0p80,False,
group_snapshot,member_current_vy_mps_mean,member_history_max_unobserved_gap_sec_mean,0.07444381444880385,0.07444381444880385,3691,below_0p80,False,
group_snapshot,member_history_mean_vy_mps_mean,veh3_closing_speed_mps,0.07436024428020645,0.07436024428020645,3114,below_0p80,False,
group_snapshot,member_waiting_band_dwell_sec_mean,veh3_history_mean_front_y_m,0.07431720226291307,0.07431720226291307,3114,below_0p80,False,
group_snapshot,member_distance_to_crossing_line_m_max,veh2_history_mean_front_y_m,-0.07431696223048675,0.07431696223048675,3332,below_0p80,False,
group_snapshot,raw_waiting_band_eligible_member_count,veh1_closing_speed_mps,0.07430880363067091,0.07430880363067091,3534,below_0p80,False,
group_snapshot,cohort_eligible_member_count,veh1_closing_speed_mps,0.07430880363067091,0.07430880363067091,3534,below_0p80,False,
group_snapshot,dbscan_spread_m,member_current_vy_mps_max,0.07429077851250088,0.07429077851250088,3691,below_0p80,False,
group_snapshot,group_adult_ratio,member_history_mean_speed_mps_mean,-0.07428147201388083,0.07428147201388083,3691,below_0p80,False,
group_snapshot,member_distance_to_crossing_line_m_mean,member_history_mean_speed_mps_max,-0.07427614941202829,0.07427614941202829,3691,below_0p80,False,
group_snapshot,cohort_eligible_member_count,group_unknown_gender_ratio,-0.07421708746200578,0.07421708746200578,3691,below_0p80,False,
group_snapshot,raw_waiting_band_eligible_member_count,group_unknown_gender_ratio,-0.07421708746200578,0.07421708746200578,3691,below_0p80,False,
group_snapshot,member_history_y_displacement_m_mean,member_window_low_speed_fraction_max,0.07410547960301717,0.07410547960301717,3691,below_0p80,False,
group_snapshot,dbscan_spread_m,member_history_y_displacement_m_min,-0.07404175427936031,0.07404175427936031,3691,below_0p80,False,
group_snapshot,dbscan_mean_speed_mps,group_adult_ratio,-0.07390876358096768,0.07390876358096768,3691,below_0p80,False,
group_snapshot,group_adult_ratio,veh3_front_y_m,0.07385044498170587,0.07385044498170587,3114,below_0p80,False,
group_snapshot,group_adult_ratio,veh1_front_y_m,0.07384227513286266,0.07384227513286266,3534,below_0p80,False,
group_snapshot,member_history_interpolated_fraction_min,veh1_closing_speed_mps,-0.07359483516582871,0.07359483516582871,3534,below_0p80,False,
group_snapshot,member_distance_to_crossing_line_m_mean,member_window_low_speed_fraction_mean,0.07354387695161223,0.07354387695161223,3691,below_0p80,False,
group_snapshot,group_female_ratio,veh3_history_front_y_change_m,-0.07349167583672925,0.07349167583672925,3114,below_0p80,False,
group_snapshot,member_waiting_low_speed_time_sec_min,veh3_history_mean_front_y_m,0.07335288456431391,0.07335288456431391,3114,below_0p80,False,
group_snapshot,member_distance_to_crossing_line_m_max,member_history_mean_vy_mps_min,-0.07325625812211986,0.07325625812211986,3691,below_0p80,False,
group_snapshot,group_female_ratio,veh1_front_y_m,0.07319869492775445,0.07319869492775445,3534,below_0p80,False,
group_snapshot,member_waiting_band_dwell_sec_max,veh1_ttc_capped_sec,-0.07313296258106626,0.07313296258106626,3691,below_0p80,False,
group_snapshot,group_adult_ratio,member_history_mean_vy_mps_mean,0.07313147977600765,0.07313147977600765,3691,below_0p80,False,
group_snapshot,member_history_y_displacement_m_mean,veh3_closing_speed_mps,0.07286876714403225,0.07286876714403225,3114,below_0p80,False,
group_snapshot,dbscan_centroid_x_m,group_unknown_age_ratio,0.07281095107555637,0.07281095107555637,3691,below_0p80,False,
group_snapshot,eligible_member_fraction_of_group,veh3_history_front_y_change_m,-0.07250188493090698,0.07250188493090698,3114,below_0p80,False,
group_snapshot,member_history_interpolated_fraction_min,veh1_history_front_y_change_m,0.07245235979570908,0.07245235979570908,3534,below_0p80,False,
group_snapshot,group_young_ratio,veh2_speed_mps,-0.07231547936390918,0.07231547936390918,3299,below_0p80,False,
group_snapshot,dbscan_mean_vx_mps,approaching_vehicle_count,-0.07231475245053696,0.07231475245053696,3691,below_0p80,False,
group_snapshot,member_waiting_band_dwell_sec_min,veh2_history_front_y_change_m,-0.07230412245315355,0.07230412245315355,3332,below_0p80,False,
group_snapshot,member_distance_to_crossing_line_m_mean,member_history_mean_speed_mps_min,-0.07224553513447558,0.07224553513447558,3691,below_0p80,False,
group_snapshot,member_distance_to_crossing_line_m_max,veh1_speed_mps,-0.07213954258981706,0.07213954258981706,3504,below_0p80,False,
group_snapshot,member_waiting_band_dwell_sec_max,veh3_history_mean_front_y_m,0.07208038160574544,0.07208038160574544,3114,below_0p80,False,
group_snapshot,raw_waiting_band_eligible_member_count,veh1_lateral_x_m,-0.0720324227954884,0.0720324227954884,3534,below_0p80,False,
group_snapshot,cohort_eligible_member_count,veh1_lateral_x_m,-0.0720324227954884,0.0720324227954884,3534,below_0p80,False,
group_snapshot,eligible_member_fraction_of_group,veh3_speed_mps,0.0718638951789047,0.0718638951789047,3091,below_0p80,False,
group_snapshot,raw_waiting_band_eligible_member_count,group_female_ratio,0.07164980601880967,0.07164980601880967,3691,below_0p80,False,
group_snapshot,cohort_eligible_member_count,group_female_ratio,0.07164980601880967,0.07164980601880967,3691,below_0p80,False,
group_snapshot,member_current_vy_mps_mean,member_history_max_unobserved_gap_sec_max,0.07164741093677597,0.07164741093677597,3691,below_0p80,False,
group_snapshot,member_waiting_low_speed_time_sec_max,veh1_lateral_x_m,0.07151260895272953,0.07151260895272953,3534,below_0p80,False,
group_snapshot,dbscan_centroid_x_m,member_waiting_low_speed_time_sec_max,-0.07145713213763945,0.07145713213763945,3691,below_0p80,False,
group_snapshot,dbscan_centroid_y_m,veh2_front_y_m,0.07136625564821109,0.07136625564821109,3332,below_0p80,False,
group_snapshot,member_current_vy_mps_min,veh3_lateral_x_m,0.07130126902004541,0.07130126902004541,3114,below_0p80,False,
group_snapshot,group_unknown_age_ratio,veh2_front_y_m,-0.07122776994091119,0.07122776994091119,3332,below_0p80,False,
group_snapshot,member_history_y_displacement_m_mean,veh3_ttc_capped_sec,-0.07120632090687258,0.07120632090687258,3691,below_0p80,False,
group_snapshot,member_distance_to_crossing_line_m_min,member_history_interpolated_fraction_min,0.07120384714354668,0.07120384714354668,3691,below_0p80,False,
group_snapshot,group_adult_ratio,member_window_low_speed_fraction_mean,0.07115194720339683,0.07115194720339683,3691,below_0p80,False,
group_snapshot,dbscan_centroid_y_m,active_vehicle_count,-0.0711248908167854,0.0711248908167854,3691,below_0p80,False,
group_snapshot,member_history_y_displacement_m_max,member_waiting_band_dwell_sec_min,-0.07108844208935343,0.07108844208935343,3691,below_0p80,False,
group_snapshot,member_distance_to_crossing_line_m_max,member_history_y_displacement_m_min,-0.07102675773015601,0.07102675773015601,3691,below_0p80,False,
group_snapshot,group_adult_ratio,member_history_y_displacement_m_mean,0.07078881335357587,0.07078881335357587,3691,below_0p80,False,
group_snapshot,member_history_mean_speed_mps_max,veh3_history_front_y_change_m,0.0707703261259745,0.0707703261259745,3114,below_0p80,False,
group_snapshot,member_history_mean_speed_mps_mean,veh1_speed_mps,-0.07074357500191451,0.07074357500191451,3504,below_0p80,False,
group_snapshot,dbscan_spread_m,stopped_vehicle_count,-0.07073200653805958,0.07073200653805958,3691,below_0p80,False,
group_snapshot,member_history_mean_vy_mps_mean,veh3_ttc_capped_sec,-0.07067594298176186,0.07067594298176186,3691,below_0p80,False,
group_snapshot,group_unknown_gender_ratio,veh1_history_observed_fraction,0.07038354325435885,0.07038354325435885,3691,below_0p80,False,
group_snapshot,member_distance_to_crossing_line_m_min,member_current_vy_mps_min,0.07032859978394852,0.07032859978394852,3691,below_0p80,False,
group_snapshot,member_waiting_band_dwell_sec_mean,veh1_ttc_capped_sec,-0.07006459231574247,0.07006459231574247,3691,below_0p80,False,
group_snapshot,member_current_speed_mps_mean,veh1_speed_mps,-0.06997831873981694,0.06997831873981694,3504,below_0p80,False,
group_snapshot,dbscan_centroid_y_m,member_current_speed_mps_mean,0.06995212929957811,0.06995212929957811,3691,below_0p80,False,
group_snapshot,member_history_mean_vy_mps_max,member_waiting_band_dwell_sec_min,-0.06978677381801394,0.06978677381801394,3691,below_0p80,False,
group_snapshot,member_distance_to_crossing_line_m_max,veh1_history_mean_front_y_m,-0.06972798101498234,0.06972798101498234,3534,below_0p80,False,
group_snapshot,member_history_mean_speed_mps_mean,active_vehicle_count,-0.06972692909732488,0.06972692909732488,3691,below_0p80,False,
group_snapshot,member_history_y_displacement_m_max,member_waiting_low_speed_time_sec_max,0.06967820916086676,0.06967820916086676,3691,below_0p80,False,
group_snapshot,dbscan_spread_m,approaching_vehicle_count,0.06964923885799713,0.06964923885799713,3691,below_0p80,False,
group_snapshot,member_distance_to_crossing_line_m_max,veh3_history_observed_fraction,0.06942366936818185,0.06942366936818185,3691,below_0p80,False,
group_snapshot,group_old_ratio,veh3_lateral_x_m,-0.06936015201501042,0.06936015201501042,3114,below_0p80,False,
group_snapshot,raw_group_size,member_history_y_displacement_m_max,0.06920510908200361,0.06920510908200361,3691,below_0p80,False,
group_snapshot,group_male_ratio,veh1_history_front_y_change_m,-0.06916974035168538,0.06916974035168538,3534,below_0p80,False,
group_snapshot,member_distance_to_crossing_line_m_min,member_history_y_displacement_m_mean,-0.06902849046564655,0.06902849046564655,3691,below_0p80,False,
group_snapshot,member_distance_to_crossing_line_m_mean,member_history_y_displacement_m_mean,-0.06890584716053866,0.06890584716053866,3691,below_0p80,False,
group_snapshot,member_window_low_speed_fraction_mean,veh1_history_mean_front_y_m,0.06886082831967862,0.06886082831967862,3534,below_0p80,False,
group_snapshot,member_history_interpolated_fraction_min,stopped_vehicle_count,0.06879879168735861,0.06879879168735861,3691,below_0p80,False,
group_snapshot,group_male_ratio,member_distance_to_crossing_line_m_max,-0.06876051524843997,0.06876051524843997,3691,below_0p80,False,
group_snapshot,dbscan_mean_vy_mps,member_history_observed_fraction_min,-0.06871645126601714,0.06871645126601714,3691,below_0p80,False,
group_snapshot,member_distance_to_crossing_line_m_mean,member_history_mean_vy_mps_mean,-0.06871538455222952,0.06871538455222952,3691,below_0p80,False,
group_snapshot,member_history_observed_fraction_max,approaching_vehicle_count,-0.06859214158084553,0.06859214158084553,3691,below_0p80,False,
group_snapshot,member_distance_to_crossing_line_m_max,member_history_interpolated_fraction_mean,0.06849198071709697,0.06849198071709697,3691,below_0p80,False,
group_snapshot,member_history_mean_vy_mps_max,member_waiting_low_speed_time_sec_max,0.06842721098891558,0.06842721098891558,3691,below_0p80,False,
group_snapshot,member_waiting_band_dwell_sec_min,veh2_closing_speed_mps,0.0684237099817421,0.0684237099817421,3332,below_0p80,False,
group_snapshot,member_history_max_unobserved_gap_sec_min,veh1_closing_speed_mps,-0.06835547034662898,0.06835547034662898,3534,below_0p80,False,
group_snapshot,member_waiting_band_dwell_sec_min,veh1_speed_mps,0.06826250616471487,0.06826250616471487,3504,below_0p80,False,
group_snapshot,member_history_max_unobserved_gap_sec_min,approaching_vehicle_count,0.06825443126227923,0.06825443126227923,3691,below_0p80,False,
group_snapshot,member_waiting_band_dwell_sec_mean,veh1_lateral_x_m,0.06823681152224657,0.06823681152224657,3534,below_0p80,False,
group_snapshot,group_female_ratio,member_window_low_speed_fraction_min,-0.06816306972187382,0.06816306972187382,3691,below_0p80,False,
group_snapshot,member_distance_to_crossing_line_m_mean,member_window_low_speed_fraction_max,0.06813596531114349,0.06813596531114349,3691,below_0p80,False,
group_snapshot,raw_group_size,member_history_mean_vy_mps_max,0.0679483682726342,0.0679483682726342,3691,below_0p80,False,
group_snapshot,member_window_low_speed_fraction_min,stopped_vehicle_count,-0.0679410461609432,0.0679410461609432,3691,below_0p80,False,
group_snapshot,member_distance_to_crossing_line_m_min,veh2_front_y_m,-0.06790396523817896,0.06790396523817896,3332,below_0p80,False,
group_snapshot,dbscan_mean_vy_mps,member_history_observed_fraction_mean,-0.06788155966446655,0.06788155966446655,3691,below_0p80,False,
group_snapshot,group_unknown_age_ratio,veh1_front_y_m,-0.06780570470469897,0.06780570470469897,3534,below_0p80,False,
group_snapshot,veh1_speed_mps,veh3_lateral_x_m,0.06753152569463149,0.06753152569463149,3094,below_0p80,False,
group_snapshot,member_distance_to_crossing_line_m_min,member_history_mean_vy_mps_mean,-0.06732225033717779,0.06732225033717779,3691,below_0p80,False,
group_snapshot,group_unknown_age_ratio,member_waiting_low_speed_time_sec_mean,0.06713960155964524,0.06713960155964524,3691,below_0p80,False,
group_snapshot,member_history_mean_speed_mps_mean,veh3_history_mean_front_y_m,-0.06706238852090984,0.06706238852090984,3114,below_0p80,False,
group_snapshot,member_history_observed_fraction_max,veh1_closing_speed_mps,0.06704871366699962,0.06704871366699962,3534,below_0p80,False,
group_snapshot,member_history_y_displacement_m_mean,veh2_closing_speed_mps,0.06697507878003262,0.06697507878003262,3332,below_0p80,False,
group_snapshot,member_waiting_band_dwell_sec_mean,veh1_closing_speed_mps,0.06693030650537933,0.06693030650537933,3534,below_0p80,False,
group_snapshot,member_history_mean_vy_mps_mean,veh2_closing_speed_mps,0.06690739360576807,0.06690739360576807,3332,below_0p80,False,
group_snapshot,member_waiting_band_dwell_sec_mean,veh2_history_mean_front_y_m,0.06668410709406941,0.06668410709406941,3332,below_0p80,False,
group_snapshot,member_waiting_low_speed_time_sec_min,veh1_history_front_y_change_m,-0.06659583580812915,0.06659583580812915,3534,below_0p80,False,
group_snapshot,group_young_ratio,veh1_closing_speed_mps,-0.06657063465655796,0.06657063465655796,3534,below_0p80,False,
group_snapshot,group_male_ratio,member_waiting_band_dwell_sec_mean,0.06655192649916314,0.06655192649916314,3691,below_0p80,False,
group_snapshot,member_distance_to_crossing_line_m_mean,member_window_low_speed_fraction_min,0.06652382013737251,0.06652382013737251,3691,below_0p80,False,
group_snapshot,member_current_speed_mps_min,veh1_history_mean_front_y_m,-0.0664966719059494,0.0664966719059494,3534,below_0p80,False,
group_snapshot,member_distance_to_crossing_line_m_max,member_history_observed_fraction_min,-0.06649622175745701,0.06649622175745701,3691,below_0p80,False,
group_snapshot,dbscan_centroid_x_m,stopped_vehicle_count,0.06635954586954555,0.06635954586954555,3691,below_0p80,False,
group_snapshot,group_old_ratio,veh2_speed_mps,0.06634415179548893,0.06634415179548893,3299,below_0p80,False,
group_snapshot,member_distance_to_crossing_line_m_max,member_history_mean_speed_mps_mean,-0.06629690126743568,0.06629690126743568,3691,below_0p80,False,
group_snapshot,member_history_max_unobserved_gap_sec_min,veh1_history_front_y_change_m,0.06625318860235307,0.06625318860235307,3534,below_0p80,False,
group_snapshot,member_distance_to_crossing_line_m_mean,member_current_speed_mps_max,-0.06616797377408745,0.06616797377408745,3691,below_0p80,False,
group_snapshot,member_history_mean_vy_mps_mean,veh1_history_front_y_change_m,-0.066058737151172,0.066058737151172,3534,below_0p80,False,
group_snapshot,dbscan_spread_m,member_waiting_band_dwell_sec_max,-0.06580686100421762,0.06580686100421762,3691,below_0p80,False,
group_snapshot,member_waiting_band_dwell_sec_mean,veh1_history_front_y_change_m,-0.06579160701076908,0.06579160701076908,3534,below_0p80,False,
group_snapshot,member_waiting_band_dwell_sec_max,veh1_closing_speed_mps,0.06577063920507806,0.06577063920507806,3534,below_0p80,False,
group_snapshot,group_female_ratio,veh2_history_mean_front_y_m,0.06568456349642054,0.06568456349642054,3332,below_0p80,False,
group_snapshot,dbscan_spread_m,member_history_interpolated_fraction_mean,0.06565158201786282,0.06565158201786282,3691,below_0p80,False,
group_snapshot,dbscan_centroid_x_m,veh3_ttc_capped_sec,0.06562377751481904,0.06562377751481904,3691,below_0p80,False,
group_snapshot,dbscan_centroid_x_m,member_history_observed_fraction_mean,0.06555679822229982,0.06555679822229982,3691,below_0p80,False,
group_snapshot,group_male_ratio,member_waiting_band_dwell_sec_max,0.06552965186457421,0.06552965186457421,3691,below_0p80,False,
group_snapshot,dbscan_centroid_x_m,active_vehicle_count,-0.06552318367002395,0.06552318367002395,3691,below_0p80,False,
group_snapshot,group_young_ratio,veh1_history_mean_front_y_m,-0.06548431656389098,0.06548431656389098,3534,below_0p80,False,
group_snapshot,eligible_member_fraction_of_group,veh3_ttc_capped_sec,-0.06546027163181983,0.06546027163181983,3691,below_0p80,False,
group_snapshot,member_history_mean_vy_mps_mean,veh1_closing_speed_mps,0.06522826738738155,0.06522826738738155,3534,below_0p80,False,
group_snapshot,member_history_observed_fraction_max,veh1_history_front_y_change_m,-0.06520200846915222,0.06520200846915222,3534,below_0p80,False,
group_snapshot,member_history_interpolated_fraction_max,veh1_lateral_x_m,-0.06509213918159527,0.06509213918159527,3534,below_0p80,False,
group_snapshot,member_history_mean_vy_mps_min,veh1_closing_speed_mps,0.06500935749428602,0.06500935749428602,3534,below_0p80,False,
group_snapshot,group_adult_ratio,veh3_closing_speed_mps,0.0649299291398707,0.0649299291398707,3114,below_0p80,False,
group_snapshot,group_old_ratio,veh2_history_front_y_change_m,-0.06484168866584261,0.06484168866584261,3332,below_0p80,False,
group_snapshot,member_history_y_displacement_m_min,veh1_closing_speed_mps,0.06479168569473479,0.06479168569473479,3534,below_0p80,False,
group_snapshot,dbscan_centroid_x_m,member_history_observed_fraction_max,0.06479120328418458,0.06479120328418458,3691,below_0p80,False,
group_snapshot,group_unknown_age_ratio,member_waiting_low_speed_time_sec_max,0.064603021704837,0.064603021704837,3691,below_0p80,False,
group_snapshot,member_history_interpolated_fraction_min,veh1_speed_mps,-0.06446575228538147,0.06446575228538147,3504,below_0p80,False,
group_snapshot,member_history_y_displacement_m_mean,veh1_history_front_y_change_m,-0.06443784624208644,0.06443784624208644,3534,below_0p80,False,
group_snapshot,member_distance_to_crossing_line_m_mean,veh2_front_y_m,-0.06437818108074032,0.06437818108074032,3332,below_0p80,False,
group_snapshot,member_waiting_band_dwell_sec_max,veh1_history_front_y_change_m,-0.06431317200595513,0.06431317200595513,3534,below_0p80,False,
group_snapshot,member_history_y_displacement_m_mean,veh1_closing_speed_mps,0.0642607628796959,0.0642607628796959,3534,below_0p80,False,
group_snapshot,member_history_interpolated_fraction_min,veh1_history_observed_fraction,0.06414048744745984,0.06414048744745984,3691,below_0p80,False,
group_snapshot,member_distance_to_crossing_line_m_min,veh3_closing_speed_mps,-0.0640097311950444,0.0640097311950444,3114,below_0p80,False,
group_snapshot,member_current_vy_mps_mean,member_current_speed_mps_max,-0.06393123843463101,0.06393123843463101,3691,below_0p80,False,
group_snapshot,dbscan_spread_m,member_history_observed_fraction_mean,-0.06369126986046235,0.06369126986046235,3691,below_0p80,False,
group_snapshot,group_male_ratio,member_distance_to_crossing_line_m_mean,-0.06358808867362695,0.06358808867362695,3691,below_0p80,False,
group_snapshot,eligible_member_fraction_of_group,veh3_closing_speed_mps,0.06351959648271807,0.06351959648271807,3114,below_0p80,False,
group_snapshot,member_current_speed_mps_mean,veh2_history_mean_front_y_m,-0.06330123342793552,0.06330123342793552,3332,below_0p80,False,
group_snapshot,dbscan_spread_m,member_window_low_speed_fraction_max,-0.06326994691830183,0.06326994691830183,3691,below_0p80,False,
group_snapshot,eligible_member_fraction_of_group,veh2_history_mean_front_y_m,0.06323045165255806,0.06323045165255806,3332,below_0p80,False,
group_snapshot,group_male_ratio,active_vehicle_count,-0.06314427810029699,0.06314427810029699,3691,below_0p80,False,
group_snapshot,member_waiting_low_speed_time_sec_min,veh1_closing_speed_mps,0.0630701022893751,0.0630701022893751,3534,below_0p80,False,
group_snapshot,dbscan_mean_vy_mps,member_history_max_unobserved_gap_sec_mean,0.06303732426719652,0.06303732426719652,3691,below_0p80,False,
group_snapshot,dbscan_centroid_x_m,veh2_history_observed_fraction,-0.0629750860392402,0.0629750860392402,3691,below_0p80,False,
group_snapshot,group_young_ratio,veh1_speed_mps,-0.06287525865293513,0.06287525865293513,3504,below_0p80,False,
group_snapshot,group_female_ratio,veh2_speed_mps,0.06277064218317778,0.06277064218317778,3299,below_0p80,False,
group_snapshot,dbscan_mean_vy_mps,member_history_max_unobserved_gap_sec_max,0.06275987460927902,0.06275987460927902,3691,below_0p80,False,
group_snapshot,dbscan_centroid_x_m,member_history_max_unobserved_gap_sec_min,-0.06272050900250552,0.06272050900250552,3691,below_0p80,False,
group_snapshot,dbscan_spread_m,member_current_speed_mps_min,0.06267022597050191,0.06267022597050191,3691,below_0p80,False,
group_snapshot,member_distance_to_crossing_line_m_max,veh1_lateral_x_m,-0.06266863138311875,0.06266863138311875,3534,below_0p80,False,
group_snapshot,member_history_mean_speed_mps_max,veh2_history_mean_front_y_m,-0.06265675661418948,0.06265675661418948,3332,below_0p80,False,
group_snapshot,member_window_low_speed_fraction_min,veh2_history_observed_fraction,0.06249595626046956,0.06249595626046956,3691,below_0p80,False,
group_snapshot,member_distance_to_crossing_line_m_max,veh2_closing_speed_mps,-0.062400826856017035,0.062400826856017035,3332,below_0p80,False,
group_snapshot,member_distance_to_crossing_line_m_max,veh2_history_front_y_change_m,0.062384406050061424,0.062384406050061424,3332,below_0p80,False,
group_snapshot,member_distance_to_crossing_line_m_max,member_history_max_unobserved_gap_sec_max,0.06232558606123103,0.06232558606123103,3691,below_0p80,False,
group_snapshot,group_young_ratio,veh3_history_front_y_change_m,0.06232521889275357,0.06232521889275357,3114,below_0p80,False,
group_snapshot,member_window_low_speed_fraction_min,veh2_front_y_m,0.06212439059442333,0.06212439059442333,3332,below_0p80,False,
group_snapshot,member_waiting_band_dwell_sec_max,veh2_history_mean_front_y_m,0.06209483838541791,0.06209483838541791,3332,below_0p80,False,
group_snapshot,dbscan_mean_vy_mps,veh1_lateral_x_m,0.06200021484786481,0.06200021484786481,3534,below_0p80,False,
group_snapshot,member_waiting_low_speed_time_sec_min,stopped_vehicle_count,-0.06192971009353439,0.06192971009353439,3691,below_0p80,False,
group_snapshot,raw_group_size,veh3_history_mean_front_y_m,0.06192717299355048,0.06192717299355048,3114,below_0p80,False,
group_snapshot,member_distance_to_crossing_line_m_max,member_history_mean_vy_mps_mean,-0.06175603796740401,0.06175603796740401,3691,below_0p80,False,
group_snapshot,member_current_vy_mps_mean,member_history_interpolated_fraction_mean,0.06174830717940349,0.06174830717940349,3691,below_0p80,False,
group_snapshot,member_history_mean_vy_mps_mean,veh3_history_mean_front_y_m,0.061701634884172185,0.061701634884172185,3114,below_0p80,False,
group_snapshot,dbscan_centroid_x_m,member_history_observed_fraction_min,0.06162886218744977,0.06162886218744977,3691,below_0p80,False,
group_snapshot,member_history_interpolated_fraction_mean,veh1_lateral_x_m,-0.061483298773757564,0.061483298773757564,3534,below_0p80,False,
group_snapshot,group_young_ratio,veh1_ttc_capped_sec,0.06145703170981622,0.06145703170981622,3691,below_0p80,False,
group_snapshot,member_history_mean_vy_mps_min,veh3_history_mean_front_y_m,0.06144174744402296,0.06144174744402296,3114,below_0p80,False,
group_snapshot,member_window_low_speed_fraction_mean,active_vehicle_count,0.06142614373841132,0.06142614373841132,3691,below_0p80,False,
group_snapshot,member_window_low_speed_fraction_max,veh2_history_observed_fraction,0.06141350334141757,0.06141350334141757,3691,below_0p80,False,
group_snapshot,veh1_lateral_x_m,veh2_history_mean_front_y_m,0.061355185262322975,0.061355185262322975,3332,below_0p80,False,
group_snapshot,member_history_y_displacement_m_min,veh3_history_mean_front_y_m,0.0613483359149221,0.0613483359149221,3114,below_0p80,False,
group_snapshot,member_history_y_displacement_m_max,veh3_history_front_y_change_m,-0.06121487515276712,0.06121487515276712,3114,below_0p80,False,
group_snapshot,member_current_vy_mps_mean,member_history_interpolated_fraction_max,0.06115031922305537,0.06115031922305537,3691,below_0p80,False,
group_snapshot,dbscan_centroid_y_m,member_waiting_band_dwell_sec_min,-0.061146622096517715,0.061146622096517715,3691,below_0p80,False,
group_snapshot,dbscan_spread_m,member_distance_to_crossing_line_m_min,-0.06112635178010901,0.06112635178010901,3691,below_0p80,False,
group_snapshot,member_distance_to_crossing_line_m_max,veh2_speed_mps,-0.06104962027621451,0.06104962027621451,3299,below_0p80,False,
group_snapshot,member_history_observed_fraction_min,veh3_ttc_capped_sec,0.060907417284933665,0.060907417284933665,3691,below_0p80,False,
group_snapshot,member_history_y_displacement_m_mean,veh3_history_mean_front_y_m,0.06085099433983325,0.06085099433983325,3114,below_0p80,False,
group_snapshot,dbscan_mean_speed_mps,veh3_history_mean_front_y_m,-0.06081576164580038,0.06081576164580038,3114,below_0p80,False,
group_snapshot,member_history_mean_speed_mps_min,veh1_history_front_y_change_m,0.06037849610330003,0.06037849610330003,3534,below_0p80,False,
group_snapshot,member_distance_to_crossing_line_m_max,member_history_y_displacement_m_mean,-0.06033833327808096,0.06033833327808096,3691,below_0p80,False,
group_snapshot,dbscan_spread_m,member_history_max_unobserved_gap_sec_mean,0.06026863852236395,0.06026863852236395,3691,below_0p80,False,
group_snapshot,dbscan_centroid_x_m,member_history_max_unobserved_gap_sec_mean,-0.06022049524774287,0.06022049524774287,3691,below_0p80,False,
group_snapshot,dbscan_mean_vx_mps,veh3_speed_mps,-0.06013855170221775,0.06013855170221775,3091,below_0p80,False,
group_snapshot,eligible_member_fraction_of_group,veh3_history_mean_front_y_m,0.06011473379288072,0.06011473379288072,3114,below_0p80,False,
group_snapshot,member_window_low_speed_fraction_mean,veh2_history_observed_fraction,0.05992244073724836,0.05992244073724836,3691,below_0p80,False,
group_snapshot,member_history_max_unobserved_gap_sec_min,stopped_vehicle_count,0.05980870119226151,0.05980870119226151,3691,below_0p80,False,
group_snapshot,member_history_mean_vy_mps_min,veh1_history_front_y_change_m,-0.059777744979678055,0.059777744979678055,3534,below_0p80,False,
group_snapshot,group_unknown_age_ratio,member_waiting_band_dwell_sec_mean,0.059676502926483695,0.059676502926483695,3691,below_0p80,False,
group_snapshot,member_current_vy_mps_mean,member_history_observed_fraction_max,-0.05935727565271258,0.05935727565271258,3691,below_0p80,False,
group_snapshot,member_current_speed_mps_mean,veh3_history_mean_front_y_m,-0.05925588293284891,0.05925588293284891,3114,below_0p80,False,
group_snapshot,member_history_observed_fraction_min,veh3_closing_speed_mps,-0.05919635030948915,0.05919635030948915,3114,below_0p80,False,
group_snapshot,member_history_observed_fraction_min,veh1_lateral_x_m,0.059137871144685925,0.059137871144685925,3534,below_0p80,False,
group_snapshot,member_history_y_displacement_m_max,veh2_ttc_capped_sec,-0.05908962652560684,0.05908962652560684,3691,below_0p80,False,
group_snapshot,member_history_max_unobserved_gap_sec_min,veh1_speed_mps,-0.059046330653845555,0.059046330653845555,3504,below_0p80,False,
group_snapshot,group_unknown_age_ratio,member_waiting_low_speed_time_sec_min,0.05901043122855489,0.05901043122855489,3691,below_0p80,False,
group_snapshot,group_unknown_gender_ratio,member_waiting_band_dwell_sec_mean,-0.058947143379114594,0.058947143379114594,3691,below_0p80,False,
group_snapshot,member_current_speed_mps_max,veh3_ttc_capped_sec,0.05879596421377373,0.05879596421377373,3691,below_0p80,False,
group_snapshot,member_history_mean_speed_mps_min,veh1_lateral_x_m,-0.05878826832644414,0.05878826832644414,3534,below_0p80,False,
group_snapshot,dbscan_spread_m,veh2_ttc_capped_sec,-0.058736240383525165,0.058736240383525165,3691,below_0p80,False,
group_snapshot,group_old_ratio,member_waiting_band_dwell_sec_max,-0.058732430858688046,0.058732430858688046,3691,below_0p80,False,
group_snapshot,group_unknown_gender_ratio,member_waiting_band_dwell_sec_max,-0.058689799679940015,0.058689799679940015,3691,below_0p80,False,
group_snapshot,dbscan_mean_vy_mps,member_history_interpolated_fraction_max,0.05868057682962866,0.05868057682962866,3691,below_0p80,False,
group_snapshot,group_young_ratio,active_vehicle_count,-0.05867379451673981,0.05867379451673981,3691,below_0p80,False,
group_snapshot,group_female_ratio,veh1_history_front_y_change_m,-0.05857662018169819,0.05857662018169819,3534,below_0p80,False,
group_snapshot,member_history_y_displacement_m_min,veh1_history_front_y_change_m,-0.05843160473940253,0.05843160473940253,3534,below_0p80,False,
group_snapshot,group_female_ratio,member_current_speed_mps_max,0.05842498018714964,0.05842498018714964,3691,below_0p80,False,
group_snapshot,dbscan_mean_vx_mps,veh3_history_front_y_change_m,0.058422840771977236,0.058422840771977236,3114,below_0p80,False,
group_snapshot,member_history_observed_fraction_max,stopped_vehicle_count,-0.05838237918148791,0.05838237918148791,3691,below_0p80,False,
group_snapshot,member_history_mean_speed_mps_min,veh1_closing_speed_mps,-0.05828912777947678,0.05828912777947678,3534,below_0p80,False,
group_snapshot,dbscan_mean_speed_mps,active_vehicle_count,-0.05821737037301473,0.05821737037301473,3691,below_0p80,False,
group_snapshot,member_distance_to_crossing_line_m_min,active_vehicle_count,0.058111788720816106,0.058111788720816106,3691,below_0p80,False,
group_snapshot,dbscan_mean_vx_mps,member_waiting_band_dwell_sec_min,0.05808393702217009,0.05808393702217009,3691,below_0p80,False,
group_snapshot,group_unknown_gender_ratio,veh3_lateral_x_m,0.058079201940615006,0.058079201940615006,3114,below_0p80,False,
group_snapshot,member_history_mean_vy_mps_max,veh2_ttc_capped_sec,-0.058016840621468,0.058016840621468,3691,below_0p80,False,
group_snapshot,member_history_observed_fraction_max,veh1_speed_mps,0.057926895672032276,0.057926895672032276,3504,below_0p80,False,
group_snapshot,group_unknown_gender_ratio,veh1_history_mean_front_y_m,-0.05774120833998154,0.05774120833998154,3534,below_0p80,False,
group_snapshot,dbscan_mean_speed_mps,veh2_history_observed_fraction,-0.057728659782945335,0.057728659782945335,3691,below_0p80,False,
group_snapshot,group_young_ratio,veh3_ttc_capped_sec,0.05766771549393214,0.05766771549393214,3691,below_0p80,False,
group_snapshot,group_male_ratio,veh2_front_y_m,-0.057582390980212964,0.057582390980212964,3332,below_0p80,False,
group_snapshot,dbscan_mean_vy_mps,member_history_interpolated_fraction_mean,0.0575743583162505,0.0575743583162505,3691,below_0p80,False,
group_snapshot,member_current_vy_mps_mean,member_history_max_unobserved_gap_sec_min,0.05749802531706508,0.05749802531706508,3691,below_0p80,False,
group_snapshot,member_history_mean_speed_mps_min,stopped_vehicle_count,0.05746637435645548,0.05746637435645548,3691,below_0p80,False,
group_snapshot,member_history_mean_speed_mps_max,veh3_closing_speed_mps,-0.0574518297207004,0.0574518297207004,3114,below_0p80,False,
group_snapshot,veh2_history_observed_fraction,veh3_lateral_x_m,0.05741336634943859,0.05741336634943859,3114,below_0p80,False,
group_snapshot,member_current_speed_mps_mean,active_vehicle_count,-0.057394492493841084,0.057394492493841084,3691,below_0p80,False,
group_snapshot,dbscan_centroid_y_m,veh1_lateral_x_m,0.05736049904566688,0.05736049904566688,3534,below_0p80,False,
group_snapshot,member_distance_to_crossing_line_m_max,member_waiting_band_dwell_sec_max,0.057212933310008096,0.057212933310008096,3691,below_0p80,False,
group_snapshot,group_old_ratio,member_waiting_band_dwell_sec_mean,-0.05720788066160092,0.05720788066160092,3691,below_0p80,False,
group_snapshot,group_adult_ratio,member_history_mean_speed_mps_min,-0.05714993184538448,0.05714993184538448,3691,below_0p80,False,
group_snapshot,group_unknown_age_ratio,stopped_vehicle_count,0.057023989855324975,0.057023989855324975,3691,below_0p80,False,
group_snapshot,dbscan_centroid_y_m,member_history_y_displacement_m_mean,0.05689302799546633,0.05689302799546633,3691,below_0p80,False,
group_snapshot,group_old_ratio,veh3_ttc_capped_sec,0.05686686414131104,0.05686686414131104,3691,below_0p80,False,
group_snapshot,member_history_mean_vy_mps_max,veh3_history_front_y_change_m,-0.056780611842908287,0.056780611842908287,3114,below_0p80,False,
group_snapshot,dbscan_centroid_y_m,member_history_mean_vy_mps_mean,0.05675352037384113,0.05675352037384113,3691,below_0p80,False,
group_snapshot,dbscan_centroid_y_m,member_waiting_low_speed_time_sec_min,-0.05671867978658866,0.05671867978658866,3691,below_0p80,False,
group_snapshot,member_history_observed_fraction_max,veh1_history_observed_fraction,-0.05667140819812974,0.05667140819812974,3691,below_0p80,False,
group_snapshot,member_current_vy_mps_mean,member_current_speed_mps_mean,-0.056623551942914165,0.056623551942914165,3691,below_0p80,False,
group_snapshot,veh1_closing_speed_mps,veh3_lateral_x_m,0.05658216080381543,0.05658216080381543,3114,below_0p80,False,
group_snapshot,member_window_low_speed_fraction_mean,veh2_front_y_m,0.056554122759944356,0.056554122759944356,3332,below_0p80,False,
group_snapshot,raw_waiting_band_eligible_member_count,member_waiting_low_speed_time_sec_min,0.05633479789754689,0.05633479789754689,3691,below_0p80,False,
group_snapshot,cohort_eligible_member_count,member_waiting_low_speed_time_sec_min,0.05633479789754689,0.05633479789754689,3691,below_0p80,False,
group_snapshot,member_waiting_low_speed_time_sec_min,active_vehicle_count,0.056303685116982895,0.056303685116982895,3691,below_0p80,False,
group_snapshot,raw_waiting_band_eligible_member_count,member_history_interpolated_fraction_mean,0.056287265217035476,0.056287265217035476,3691,below_0p80,False,
group_snapshot,cohort_eligible_member_count,member_history_interpolated_fraction_mean,0.056287265217035476,0.056287265217035476,3691,below_0p80,False,
group_snapshot,member_history_y_displacement_m_min,veh3_lateral_x_m,0.05597513103160908,0.05597513103160908,3114,below_0p80,False,
group_snapshot,dbscan_spread_m,member_history_y_displacement_m_max,0.05594751632365036,0.05594751632365036,3691,below_0p80,False,
group_snapshot,dbscan_centroid_x_m,member_history_max_unobserved_gap_sec_max,-0.05594622479328529,0.05594622479328529,3691,below_0p80,False,
group_snapshot,member_waiting_low_speed_time_sec_min,veh1_history_mean_front_y_m,0.05594042274137011,0.05594042274137011,3534,below_0p80,False,
group_snapshot,member_history_max_unobserved_gap_sec_min,veh1_history_observed_fraction,0.05587102442781035,0.05587102442781035,3691,below_0p80,False,
group_snapshot,group_female_ratio,member_history_mean_speed_mps_max,0.05578755151597673,0.05578755151597673,3691,below_0p80,False,
group_snapshot,group_female_ratio,member_window_low_speed_fraction_mean,-0.05577317566688023,0.05577317566688023,3691,below_0p80,False,
group_snapshot,dbscan_centroid_x_m,group_adult_ratio,-0.05567169210381885,0.05567169210381885,3691,below_0p80,False,
group_snapshot,dbscan_centroid_x_m,member_history_y_displacement_m_min,-0.05565717816784714,0.05565717816784714,3691,below_0p80,False,
group_snapshot,group_female_ratio,member_waiting_low_speed_time_sec_min,-0.05557946461685166,0.05557946461685166,3691,below_0p80,False,
group_snapshot,member_distance_to_crossing_line_m_mean,member_current_speed_mps_mean,-0.055578316966922676,0.055578316966922676,3691,below_0p80,False,
group_snapshot,member_distance_to_crossing_line_m_max,veh2_ttc_capped_sec,0.055562029913155356,0.055562029913155356,3691,below_0p80,False,
group_snapshot,group_adult_ratio,veh2_front_y_m,0.05555453935791577,0.05555453935791577,3332,below_0p80,False,
group_snapshot,group_male_ratio,veh1_lateral_x_m,0.05547384195622709,0.05547384195622709,3534,below_0p80,False,
group_snapshot,group_male_ratio,member_waiting_band_dwell_sec_min,0.05535218679741784,0.05535218679741784,3691,below_0p80,False,
group_snapshot,group_female_ratio,veh3_lateral_x_m,-0.055238739652014625,0.055238739652014625,3114,below_0p80,False,
group_snapshot,member_distance_to_crossing_line_m_mean,veh3_closing_speed_mps,-0.05513305226256026,0.05513305226256026,3114,below_0p80,False,
group_snapshot,member_distance_to_crossing_line_m_max,member_current_speed_mps_min,-0.05508420519380112,0.05508420519380112,3691,below_0p80,False,
group_snapshot,member_history_mean_vy_mps_mean,member_history_interpolated_fraction_min,0.055033216633832885,0.055033216633832885,3691,below_0p80,False,
group_snapshot,group_unknown_age_ratio,member_waiting_band_dwell_sec_max,0.05502733633198577,0.05502733633198577,3691,below_0p80,False,
group_snapshot,member_distance_to_crossing_line_m_min,member_history_mean_speed_mps_min,-0.05500952022323861,0.05500952022323861,3691,below_0p80,False,
group_snapshot,member_history_observed_fraction_mean,veh1_lateral_x_m,0.05487835846639311,0.05487835846639311,3534,below_0p80,False,
group_snapshot,member_distance_to_crossing_line_m_min,veh3_history_front_y_change_m,0.05475895396931064,0.05475895396931064,3114,below_0p80,False,
group_snapshot,dbscan_centroid_x_m,member_waiting_band_dwell_sec_min,-0.05472687668242762,0.05472687668242762,3691,below_0p80,False,
group_snapshot,member_distance_to_crossing_line_m_max,veh2_front_y_m,-0.05471517399656572,0.05471517399656572,3332,below_0p80,False,
group_snapshot,member_history_max_unobserved_gap_sec_max,veh3_ttc_capped_sec,-0.054549037230991665,0.054549037230991665,3691,below_0p80,False,
group_snapshot,member_history_y_displacement_m_mean,member_history_interpolated_fraction_min,0.05454280577659409,0.05454280577659409,3691,below_0p80,False,
group_snapshot,dbscan_centroid_x_m,member_history_mean_vy_mps_min,-0.054402697097632256,0.054402697097632256,3691,below_0p80,False,
group_snapshot,member_distance_to_crossing_line_m_max,member_history_observed_fraction_mean,-0.05439756375041933,0.05439756375041933,3691,below_0p80,False,
group_snapshot,member_current_vy_mps_mean,veh1_lateral_x_m,0.05434253706985141,0.05434253706985141,3534,below_0p80,False,
group_snapshot,member_history_mean_vy_mps_max,stopped_vehicle_count,-0.05427768207322366,0.05427768207322366,3691,below_0p80,False,
group_snapshot,member_history_mean_vy_mps_min,veh3_lateral_x_m,0.054262376453632105,0.054262376453632105,3114,below_0p80,False,
group_snapshot,group_female_ratio,veh2_front_y_m,0.05426235471239518,0.05426235471239518,3332,below_0p80,False,
group_snapshot,member_history_interpolated_fraction_min,approaching_vehicle_count,0.05406023582217298,0.05406023582217298,3691,below_0p80,False,
group_snapshot,member_history_y_displacement_m_max,veh3_speed_mps,0.05401756815383355,0.05401756815383355,3091,below_0p80,False,
group_snapshot,member_history_max_unobserved_gap_sec_max,veh3_closing_speed_mps,0.05382737350545666,0.05382737350545666,3114,below_0p80,False,
group_snapshot,member_history_y_displacement_m_max,stopped_vehicle_count,-0.05382574949159447,0.05382574949159447,3691,below_0p80,False,
group_snapshot,member_history_mean_vy_mps_mean,member_history_mean_speed_mps_min,-0.053778991526884486,0.053778991526884486,3691,below_0p80,False,
group_snapshot,member_current_speed_mps_max,member_history_y_displacement_m_max,0.05376181291235072,0.05376181291235072,3691,below_0p80,False,
group_snapshot,member_history_y_displacement_m_max,veh3_ttc_capped_sec,-0.053753573541446935,0.053753573541446935,3691,below_0p80,False,
group_snapshot,eligible_member_fraction_of_group,member_window_low_speed_fraction_min,0.05327392273340205,0.05327392273340205,3691,below_0p80,False,
group_snapshot,member_distance_to_crossing_line_m_min,member_history_observed_fraction_max,-0.05326960562676725,0.05326960562676725,3691,below_0p80,False,
group_snapshot,dbscan_centroid_y_m,veh1_history_observed_fraction,-0.053250528349134685,0.053250528349134685,3691,below_0p80,False,
group_snapshot,member_history_mean_speed_mps_mean,veh2_history_observed_fraction,-0.05315240125653471,0.05315240125653471,3691,below_0p80,False,
group_snapshot,member_current_speed_mps_mean,veh2_history_observed_fraction,-0.053142162295368243,0.053142162295368243,3691,below_0p80,False,
group_snapshot,dbscan_centroid_x_m,group_young_ratio,0.0530479792305004,0.0530479792305004,3691,below_0p80,False,
group_snapshot,member_waiting_band_dwell_sec_max,veh1_lateral_x_m,0.052971419541499185,0.052971419541499185,3534,below_0p80,False,
group_snapshot,member_distance_to_crossing_line_m_min,member_history_max_unobserved_gap_sec_min,0.052912047525774344,0.052912047525774344,3691,below_0p80,False,
group_snapshot,group_adult_ratio,member_window_low_speed_fraction_max,0.05289085819635855,0.05289085819635855,3691,below_0p80,False,
group_snapshot,member_history_observed_fraction_max,veh3_lateral_x_m,0.05269574041572491,0.05269574041572491,3114,below_0p80,False,
group_snapshot,group_adult_ratio,member_current_vy_mps_min,0.05265472442585366,0.05265472442585366,3691,below_0p80,False,
group_snapshot,raw_group_size,member_waiting_low_speed_time_sec_max,0.052649858957499095,0.052649858957499095,3691,below_0p80,False,
group_snapshot,member_history_y_displacement_m_max,veh1_speed_mps,0.05263403920679049,0.05263403920679049,3504,below_0p80,False,
group_snapshot,raw_group_size,active_vehicle_count,0.052601594795619495,0.052601594795619495,3691,below_0p80,False,
group_snapshot,member_history_mean_vy_mps_mean,stopped_vehicle_count,-0.052461876615497754,0.052461876615497754,3691,below_0p80,False,
group_snapshot,member_window_low_speed_fraction_max,veh1_lateral_x_m,0.05241643334574315,0.05241643334574315,3534,below_0p80,False,
group_snapshot,dbscan_spread_m,member_history_mean_vy_mps_max,0.052371003567445985,0.052371003567445985,3691,below_0p80,False,
group_snapshot,group_female_ratio,veh1_ttc_capped_sec,-0.05231232455120288,0.05231232455120288,3691,below_0p80,False,
group_snapshot,member_history_max_unobserved_gap_sec_max,veh1_lateral_x_m,-0.052216351229340166,0.052216351229340166,3534,below_0p80,False,
group_snapshot,dbscan_mean_vy_mps,veh2_lateral_x_m,0.05218185516305066,0.05218185516305066,3332,below_0p80,False,
group_snapshot,member_window_low_speed_fraction_min,veh1_front_y_m,0.05215993495519033,0.05215993495519033,3534,below_0p80,False,
group_snapshot,member_history_interpolated_fraction_min,veh3_lateral_x_m,-0.05210255333677465,0.05210255333677465,3114,below_0p80,False,
group_snapshot,member_distance_to_crossing_line_m_max,member_waiting_low_speed_time_sec_max,0.0520979997006322,0.0520979997006322,3691,below_0p80,False,
group_snapshot,group_unknown_gender_ratio,member_waiting_band_dwell_sec_min,-0.051912836562696976,0.051912836562696976,3691,below_0p80,False,
group_snapshot,member_history_interpolated_fraction_min,veh2_history_front_y_change_m,0.05181054011794613,0.05181054011794613,3332,below_0p80,False,
group_snapshot,member_current_speed_mps_max,veh3_history_front_y_change_m,0.05177516175253545,0.05177516175253545,3114,below_0p80,False,
group_snapshot,group_female_ratio,member_history_max_unobserved_gap_sec_max,0.0517615206317367,0.0517615206317367,3691,below_0p80,False,
group_snapshot,dbscan_spread_m,veh1_ttc_capped_sec,-0.051683543856120735,0.051683543856120735,3691,below_0p80,False,
group_snapshot,group_female_ratio,member_history_observed_fraction_min,-0.05166515159567192,0.05166515159567192,3691,below_0p80,False,
group_snapshot,member_history_interpolated_fraction_mean,veh2_lateral_x_m,-0.051645357337489116,0.051645357337489116,3332,below_0p80,False,
group_snapshot,dbscan_mean_vy_mps,member_current_speed_mps_max,-0.051617544908478225,0.051617544908478225,3691,below_0p80,False,
group_snapshot,member_history_mean_vy_mps_max,veh1_speed_mps,0.05161612778669243,0.05161612778669243,3504,below_0p80,False,
group_snapshot,member_history_mean_vy_mps_max,veh3_speed_mps,0.05159851766089423,0.05159851766089423,3091,below_0p80,False,
group_snapshot,group_male_ratio,member_distance_to_crossing_line_m_min,-0.051236894635308075,0.051236894635308075,3691,below_0p80,False,
group_snapshot,member_window_low_speed_fraction_max,veh1_history_mean_front_y_m,0.051196531006870646,0.051196531006870646,3534,below_0p80,False,
group_snapshot,member_history_observed_fraction_mean,veh3_ttc_capped_sec,0.05117458497343488,0.05117458497343488,3691,below_0p80,False,
group_snapshot,member_history_max_unobserved_gap_sec_min,veh3_lateral_x_m,-0.05111898054782149,0.05111898054782149,3114,below_0p80,False,
group_snapshot,group_old_ratio,member_current_vy_mps_min,-0.05109718887959379,0.05109718887959379,3691,below_0p80,False,
group_snapshot,member_current_speed_mps_max,veh2_history_observed_fraction,-0.05106450639985643,0.05106450639985643,3691,below_0p80,False,
group_snapshot,raw_group_size,dbscan_centroid_y_m,-0.051016102456560505,0.051016102456560505,3691,below_0p80,False,
group_snapshot,member_distance_to_crossing_line_m_max,member_history_max_unobserved_gap_sec_mean,0.05101263282957758,0.05101263282957758,3691,below_0p80,False,
group_snapshot,group_young_ratio,veh3_closing_speed_mps,-0.05096417348048253,0.05096417348048253,3114,below_0p80,False,
group_snapshot,group_young_ratio,member_distance_to_crossing_line_m_max,0.050961769448391175,0.050961769448391175,3691,below_0p80,False,
group_snapshot,member_history_y_displacement_m_max,veh3_closing_speed_mps,0.050947086358846844,0.050947086358846844,3114,below_0p80,False,
group_snapshot,member_history_mean_vy_mps_max,veh3_ttc_capped_sec,-0.05084466593693474,0.05084466593693474,3691,below_0p80,False,
group_snapshot,member_current_vy_mps_mean,veh2_lateral_x_m,0.050829592637204636,0.050829592637204636,3332,below_0p80,False,
group_snapshot,group_male_ratio,member_waiting_low_speed_time_sec_max,0.05081032319052396,0.05081032319052396,3691,below_0p80,False,
group_snapshot,dbscan_spread_m,veh3_front_y_m,0.0507434301464498,0.0507434301464498,3114,below_0p80,False,
group_snapshot,member_current_speed_mps_max,member_history_mean_vy_mps_max,0.05065297170717142,0.05065297170717142,3691,below_0p80,False,
group_snapshot,group_male_ratio,member_history_y_displacement_m_min,-0.050638471136112966,0.050638471136112966,3691,below_0p80,False,
group_snapshot,cohort_eligible_member_count,member_history_mean_speed_mps_max,0.050498230212596765,0.050498230212596765,3691,below_0p80,False,
group_snapshot,raw_waiting_band_eligible_member_count,member_history_mean_speed_mps_max,0.050498230212596765,0.050498230212596765,3691,below_0p80,False,
group_snapshot,member_waiting_band_dwell_sec_min,stopped_vehicle_count,-0.05037164052024236,0.05037164052024236,3691,below_0p80,False,
group_snapshot,member_history_interpolated_fraction_max,veh2_lateral_x_m,-0.050344148252611215,0.050344148252611215,3332,below_0p80,False,
group_snapshot,member_distance_to_crossing_line_m_mean,active_vehicle_count,0.05025235877176249,0.05025235877176249,3691,below_0p80,False,
group_snapshot,member_distance_to_crossing_line_m_min,member_window_low_speed_fraction_max,0.05014535917641365,0.05014535917641365,3691,below_0p80,False,
group_snapshot,group_male_ratio,member_waiting_low_speed_time_sec_mean,0.050029022317312544,0.050029022317312544,3691,below_0p80,False,
group_snapshot,group_unknown_gender_ratio,veh2_history_front_y_change_m,0.05002265231581168,0.05002265231581168,3332,below_0p80,False,
group_snapshot,group_young_ratio,veh3_speed_mps,-0.04983829599989813,0.04983829599989813,3091,below_0p80,False,
group_snapshot,dbscan_centroid_x_m,member_history_interpolated_fraction_min,-0.049822199879955995,0.049822199879955995,3691,below_0p80,False,
group_snapshot,member_current_vy_mps_min,active_vehicle_count,0.049815234408859974,0.049815234408859974,3691,below_0p80,False,
group_snapshot,member_history_mean_speed_mps_min,veh2_history_observed_fraction,-0.04981094711238233,0.04981094711238233,3691,below_0p80,False,
group_snapshot,approaching_vehicle_count,stopped_vehicle_count,-0.04973175703774776,0.04973175703774776,3691,below_0p80,False,
group_snapshot,member_history_observed_fraction_mean,veh3_closing_speed_mps,-0.049709060178417065,0.049709060178417065,3114,below_0p80,False,
group_snapshot,group_female_ratio,veh2_closing_speed_mps,0.04967189795159833,0.04967189795159833,3332,below_0p80,False,
group_snapshot,member_history_y_displacement_m_mean,stopped_vehicle_count,-0.04966099692582489,0.04966099692582489,3691,below_0p80,False,
group_snapshot,member_distance_to_crossing_line_m_mean,veh1_lateral_x_m,-0.04952149062873134,0.04952149062873134,3534,below_0p80,False,
group_snapshot,member_history_max_unobserved_gap_sec_mean,veh1_lateral_x_m,-0.04939161961573319,0.04939161961573319,3534,below_0p80,False,
group_snapshot,group_female_ratio,member_waiting_band_dwell_sec_min,-0.049376707424676015,0.049376707424676015,3691,below_0p80,False,
group_snapshot,group_old_ratio,veh2_history_mean_front_y_m,0.04936364247487329,0.04936364247487329,3332,below_0p80,False,
group_snapshot,member_history_y_displacement_m_min,active_vehicle_count,0.049264908334615186,0.049264908334615186,3691,below_0p80,False,
group_snapshot,group_male_ratio,veh3_history_mean_front_y_m,-0.04923522782292094,0.04923522782292094,3114,below_0p80,False,
group_snapshot,member_history_y_displacement_m_max,veh1_history_front_y_change_m,-0.04921949781027487,0.04921949781027487,3534,below_0p80,False,
group_snapshot,cohort_eligible_member_count,member_history_observed_fraction_mean,-0.049202376889721476,0.049202376889721476,3691,below_0p80,False,
group_snapshot,raw_waiting_band_eligible_member_count,member_history_observed_fraction_mean,-0.049202376889721476,0.049202376889721476,3691,below_0p80,False,
group_snapshot,member_history_mean_vy_mps_max,veh1_history_front_y_change_m,-0.04918425404439263,0.04918425404439263,3534,below_0p80,False,
group_snapshot,member_current_speed_mps_min,veh1_lateral_x_m,-0.04911068831984374,0.04911068831984374,3534,below_0p80,False,
group_snapshot,member_history_y_displacement_m_max,approaching_vehicle_count,0.04903594353688347,0.04903594353688347,3691,below_0p80,False,
group_snapshot,member_history_mean_vy_mps_max,veh3_closing_speed_mps,0.04902164675878171,0.04902164675878171,3114,below_0p80,False,
group_snapshot,group_unknown_gender_ratio,veh3_speed_mps,0.04898663318574014,0.04898663318574014,3091,below_0p80,False,
group_snapshot,dbscan_centroid_y_m,veh1_front_y_m,0.04892189094848694,0.04892189094848694,3534,below_0p80,False,
group_snapshot,member_history_interpolated_fraction_max,veh3_ttc_capped_sec,-0.048898430641919025,0.048898430641919025,3691,below_0p80,False,
group_snapshot,member_history_max_unobserved_gap_sec_min,veh3_history_observed_fraction,0.048813923760509144,0.048813923760509144,3691,below_0p80,False,
group_snapshot,member_window_low_speed_fraction_max,veh2_front_y_m,0.04877482243758081,0.04877482243758081,3332,below_0p80,False,
group_snapshot,raw_waiting_band_eligible_member_count,group_young_ratio,0.048764882997909424,0.048764882997909424,3691,below_0p80,False,
group_snapshot,cohort_eligible_member_count,group_young_ratio,0.048764882997909424,0.048764882997909424,3691,below_0p80,False,
group_snapshot,group_female_ratio,member_waiting_low_speed_time_sec_mean,-0.04873979731168625,0.04873979731168625,3691,below_0p80,False,
group_snapshot,member_current_speed_mps_min,veh2_front_y_m,-0.04867348968509838,0.04867348968509838,3332,below_0p80,False,
group_snapshot,group_male_ratio,member_history_mean_vy_mps_min,-0.04863764985398486,0.04863764985398486,3691,below_0p80,False,
group_snapshot,member_history_observed_fraction_max,veh3_history_observed_fraction,-0.0485445287282082,0.0485445287282082,3691,below_0p80,False,
group_snapshot,member_history_y_displacement_m_max,veh2_history_front_y_change_m,-0.0485416223941366,0.0485416223941366,3332,below_0p80,False,
group_snapshot,member_history_interpolated_fraction_min,veh2_history_mean_front_y_m,-0.04849940694040626,0.04849940694040626,3332,below_0p80,False,
group_snapshot,group_unknown_gender_ratio,veh3_front_y_m,0.04839994106521601,0.04839994106521601,3114,below_0p80,False,
group_snapshot,dbscan_mean_vx_mps,veh2_lateral_x_m,-0.048242906705691875,0.048242906705691875,3332,below_0p80,False,
group_snapshot,member_history_y_displacement_m_max,member_waiting_band_dwell_sec_mean,0.04814537388510472,0.04814537388510472,3691,below_0p80,False,
group_snapshot,member_history_interpolated_fraction_mean,veh1_closing_speed_mps,-0.04811203719534577,0.04811203719534577,3534,below_0p80,False,
group_snapshot,member_history_mean_speed_mps_min,member_history_y_displacement_m_mean,-0.048090287521900414,0.048090287521900414,3691,below_0p80,False,
group_snapshot,group_female_ratio,member_history_interpolated_fraction_max,0.04805919507068369,0.04805919507068369,3691,below_0p80,False,
group_snapshot,member_history_mean_vy_mps_min,active_vehicle_count,0.04790390902407682,0.04790390902407682,3691,below_0p80,False,
group_snapshot,raw_group_size,member_window_low_speed_fraction_min,-0.04786140910097179,0.04786140910097179,3691,below_0p80,False,
group_snapshot,member_history_mean_speed_mps_max,veh2_history_observed_fraction,-0.047846678678684224,0.047846678678684224,3691,below_0p80,False,
group_snapshot,member_current_vy_mps_max,member_waiting_band_dwell_sec_max,0.047735521290318786,0.047735521290318786,3691,below_0p80,False,
group_snapshot,dbscan_spread_m,group_unknown_age_ratio,0.0477039393581433,0.0477039393581433,3691,below_0p80,False,
group_snapshot,group_young_ratio,veh1_front_y_m,-0.047688029492334416,0.047688029492334416,3534,below_0p80,False,
group_snapshot,veh1_history_front_y_change_m,veh3_lateral_x_m,-0.04764742393241623,0.04764742393241623,3114,below_0p80,False,
group_snapshot,member_waiting_low_speed_time_sec_max,veh2_history_observed_fraction,0.0475825786792619,0.0475825786792619,3691,below_0p80,False,
group_snapshot,member_history_interpolated_fraction_mean,veh1_history_front_y_change_m,0.047561251590213814,0.047561251590213814,3534,below_0p80,False,
group_snapshot,dbscan_centroid_y_m,veh3_closing_speed_mps,0.04755180561100246,0.04755180561100246,3114,below_0p80,False,
group_snapshot,group_unknown_age_ratio,member_waiting_band_dwell_sec_min,0.047507813568407616,0.047507813568407616,3691,below_0p80,False,
group_snapshot,dbscan_mean_vy_mps,member_distance_to_crossing_line_m_min,-0.04743270189770011,0.04743270189770011,3691,below_0p80,False,
group_snapshot,member_distance_to_crossing_line_m_min,veh3_speed_mps,-0.04736127823263902,0.04736127823263902,3091,below_0p80,False,
group_snapshot,member_history_y_displacement_m_min,veh1_history_mean_front_y_m,0.047260273009188086,0.047260273009188086,3534,below_0p80,False,
group_snapshot,member_history_mean_speed_mps_mean,veh2_front_y_m,-0.047253197447845056,0.047253197447845056,3332,below_0p80,False,
group_snapshot,group_unknown_age_ratio,member_window_low_speed_fraction_min,0.0472372347782563,0.0472372347782563,3691,below_0p80,False,
group_snapshot,member_history_interpolated_fraction_min,veh3_history_observed_fraction,0.047208623751558966,0.047208623751558966,3691,below_0p80,False,
group_snapshot,group_unknown_age_ratio,member_current_speed_mps_mean,-0.047172459803557984,0.047172459803557984,3691,below_0p80,False,
group_snapshot,member_distance_to_crossing_line_m_mean,member_waiting_band_dwell_sec_min,0.0471648412504223,0.0471648412504223,3691,below_0p80,False,
group_snapshot,group_adult_ratio,member_current_vy_mps_mean,0.04692180920830824,0.04692180920830824,3691,below_0p80,False,
group_snapshot,dbscan_centroid_y_m,member_history_interpolated_fraction_min,-0.046918212415257066,0.046918212415257066,3691,below_0p80,False,
group_snapshot,dbscan_mean_vx_mps,veh1_ttc_capped_sec,0.04690598736737451,0.04690598736737451,3691,below_0p80,False,
group_snapshot,veh1_lateral_x_m,veh3_history_front_y_change_m,0.046895444344133126,0.046895444344133126,3114,below_0p80,False,
group_snapshot,group_unknown_age_ratio,member_window_low_speed_fraction_mean,0.046892443213058264,0.046892443213058264,3691,below_0p80,False,
group_snapshot,raw_group_size,member_distance_to_crossing_line_m_min,-0.046881776117183964,0.046881776117183964,3691,below_0p80,False,
group_snapshot,member_history_observed_fraction_mean,veh3_lateral_x_m,0.046804332036720776,0.046804332036720776,3114,below_0p80,False,
group_snapshot,member_waiting_low_speed_time_sec_min,veh2_front_y_m,0.04677746039759125,0.04677746039759125,3332,below_0p80,False,
group_snapshot,member_waiting_low_speed_time_sec_min,veh1_ttc_capped_sec,-0.04677389717217709,0.04677389717217709,3691,below_0p80,False,
group_snapshot,member_history_mean_vy_mps_max,approaching_vehicle_count,0.04675214258002,0.04675214258002,3691,below_0p80,False,
group_snapshot,member_history_mean_speed_mps_min,veh2_front_y_m,-0.04664465055218645,0.04664465055218645,3332,below_0p80,False,
group_snapshot,raw_group_size,member_current_speed_mps_mean,0.04664457871252669,0.04664457871252669,3691,below_0p80,False,
group_snapshot,member_history_mean_speed_mps_max,veh1_speed_mps,-0.04657319958200631,0.04657319958200631,3504,below_0p80,False,
group_snapshot,group_unknown_gender_ratio,member_current_speed_mps_max,-0.04646340527911114,0.04646340527911114,3691,below_0p80,False,
group_snapshot,member_current_vy_mps_min,member_history_interpolated_fraction_max,-0.046395763444676864,0.046395763444676864,3691,below_0p80,False,
group_snapshot,group_unknown_age_ratio,member_current_speed_mps_max,-0.04637091115836431,0.04637091115836431,3691,below_0p80,False,
group_snapshot,group_old_ratio,veh1_lateral_x_m,0.046359405437519915,0.046359405437519915,3534,below_0p80,False,
group_snapshot,group_female_ratio,veh2_lateral_x_m,-0.046322863474335035,0.046322863474335035,3332,below_0p80,False,
group_snapshot,member_history_mean_vy_mps_max,member_waiting_band_dwell_sec_mean,0.04622941727522046,0.04622941727522046,3691,below_0p80,False,
group_snapshot,member_history_mean_vy_mps_max,veh2_history_front_y_change_m,-0.04622557991900572,0.04622557991900572,3332,below_0p80,False,
group_snapshot,member_history_interpolated_fraction_max,veh3_closing_speed_mps,0.04612738185893533,0.04612738185893533,3114,below_0p80,False,
group_snapshot,member_waiting_low_speed_time_sec_mean,veh1_history_mean_front_y_m,0.04611158326570481,0.04611158326570481,3534,below_0p80,False,
group_snapshot,group_female_ratio,member_history_y_displacement_m_max,0.04604007544685063,0.04604007544685063,3691,below_0p80,False,
group_snapshot,member_history_max_unobserved_gap_sec_mean,veh3_ttc_capped_sec,-0.04602674097154553,0.04602674097154553,3691,below_0p80,False,
group_snapshot,dbscan_mean_speed_mps,group_old_ratio,0.04602160147357697,0.04602160147357697,3691,below_0p80,False,
group_snapshot,member_history_mean_vy_mps_min,veh1_history_mean_front_y_m,0.04601788072766718,0.04601788072766718,3534,below_0p80,False,
group_snapshot,veh2_front_y_m,veh3_lateral_x_m,-0.0460159643474832,0.0460159643474832,3114,below_0p80,False,
group_snapshot,group_adult_ratio,member_current_speed_mps_min,-0.04596382150703159,0.04596382150703159,3691,below_0p80,False,
group_snapshot,group_female_ratio,member_history_mean_speed_mps_mean,0.0458720583963862,0.0458720583963862,3691,below_0p80,False,
group_snapshot,member_history_y_displacement_m_max,veh2_speed_mps,0.04579881514942553,0.04579881514942553,3299,below_0p80,False,
group_snapshot,member_history_observed_fraction_mean,veh2_lateral_x_m,0.04578636847883513,0.04578636847883513,3332,below_0p80,False,
group_snapshot,group_adult_ratio,member_current_speed_mps_mean,-0.04576976120221069,0.04576976120221069,3691,below_0p80,False,
group_snapshot,dbscan_mean_vy_mps,member_distance_to_crossing_line_m_mean,-0.04575884637181553,0.04575884637181553,3691,below_0p80,False,
group_snapshot,group_old_ratio,veh3_closing_speed_mps,0.04574331185375312,0.04574331185375312,3114,below_0p80,False,
group_snapshot,dbscan_mean_vy_mps,member_current_speed_mps_mean,-0.04564053695828423,0.04564053695828423,3691,below_0p80,False,
group_snapshot,group_male_ratio,veh3_front_y_m,-0.04558614321324161,0.04558614321324161,3114,below_0p80,False,
group_snapshot,member_history_mean_vy_mps_max,veh2_speed_mps,0.04548201714533786,0.04548201714533786,3299,below_0p80,False,
group_snapshot,member_current_vy_mps_min,stopped_vehicle_count,0.0454371673328301,0.0454371673328301,3691,below_0p80,False,
group_snapshot,member_history_max_unobserved_gap_sec_mean,veh3_lateral_x_m,-0.04540523659338868,0.04540523659338868,3114,below_0p80,False,
group_snapshot,member_waiting_band_dwell_sec_min,veh2_history_mean_front_y_m,0.04526908666043769,0.04526908666043769,3332,below_0p80,False,
group_snapshot,group_unknown_gender_ratio,group_young_ratio,-0.04526771641587693,0.04526771641587693,3691,below_0p80,False,
group_snapshot,dbscan_mean_vy_mps,group_adult_ratio,0.045258981629097694,0.045258981629097694,3691,below_0p80,False,
group_snapshot,group_adult_ratio,member_waiting_low_speed_time_sec_min,0.04524351166072689,0.04524351166072689,3691,below_0p80,False,
group_snapshot,eligible_member_fraction_of_group,veh3_lateral_x_m,0.045172730589475144,0.045172730589475144,3114,below_0p80,False,
group_snapshot,member_distance_to_crossing_line_m_max,member_waiting_low_speed_time_sec_mean,0.04515100643591741,0.04515100643591741,3691,below_0p80,False,
group_snapshot,member_history_mean_vy_mps_mean,veh2_lateral_x_m,0.04512910510080592,0.04512910510080592,3332,below_0p80,False,
group_snapshot,member_waiting_low_speed_time_sec_min,veh1_front_y_m,0.04511355981001062,0.04511355981001062,3534,below_0p80,False,
group_snapshot,member_history_y_displacement_m_mean,veh2_lateral_x_m,0.045004797724374344,0.045004797724374344,3332,below_0p80,False,
group_snapshot,group_female_ratio,member_current_speed_mps_mean,0.04497371979484594,0.04497371979484594,3691,below_0p80,False,
group_snapshot,member_distance_to_crossing_line_m_mean,veh1_history_observed_fraction,0.04493059070470369,0.04493059070470369,3691,below_0p80,False,
group_snapshot,member_waiting_low_speed_time_sec_mean,veh2_history_observed_fraction,0.04491865764357238,0.04491865764357238,3691,below_0p80,False,
group_snapshot,dbscan_centroid_x_m,member_history_interpolated_fraction_mean,-0.044901906870389564,0.044901906870389564,3691,below_0p80,False,
group_snapshot,member_history_mean_speed_mps_mean,veh1_history_front_y_change_m,0.044772246701659274,0.044772246701659274,3534,below_0p80,False,
group_snapshot,group_unknown_gender_ratio,veh2_closing_speed_mps,-0.04475117913760042,0.04475117913760042,3332,below_0p80,False,
group_snapshot,veh2_lateral_x_m,veh3_ttc_capped_sec,0.04465102031221416,0.04465102031221416,3332,below_0p80,False,
group_snapshot,group_adult_ratio,member_current_speed_mps_max,-0.04453635521706382,0.04453635521706382,3691,below_0p80,False,
group_snapshot,member_distance_to_crossing_line_m_max,member_waiting_band_dwell_sec_mean,0.0445341113273898,0.0445341113273898,3691,below_0p80,False,
group_snapshot,member_history_interpolated_fraction_min,veh1_lateral_x_m,-0.04450985384426673,0.04450985384426673,3534,below_0p80,False,
group_snapshot,member_distance_to_crossing_line_m_min,veh1_history_observed_fraction,0.04449960689734238,0.04449960689734238,3691,below_0p80,False,
group_snapshot,member_history_mean_speed_mps_max,veh2_front_y_m,-0.04449135962101435,0.04449135962101435,3332,below_0p80,False,
group_snapshot,member_history_max_unobserved_gap_sec_mean,veh2_lateral_x_m,-0.044433690428188066,0.044433690428188066,3332,below_0p80,False,
group_snapshot,member_history_max_unobserved_gap_sec_mean,veh3_closing_speed_mps,0.04441343664922757,0.04441343664922757,3114,below_0p80,False,
group_snapshot,member_history_interpolated_fraction_min,veh2_lateral_x_m,-0.04433857705587294,0.04433857705587294,3332,below_0p80,False,
group_snapshot,member_window_low_speed_fraction_mean,veh3_front_y_m,0.044117825062091394,0.044117825062091394,3114,below_0p80,False,
group_snapshot,member_history_observed_fraction_min,veh2_lateral_x_m,0.043997516568068766,0.043997516568068766,3332,below_0p80,False,
group_snapshot,group_old_ratio,member_current_vy_mps_mean,-0.04392841839374372,0.04392841839374372,3691,below_0p80,False,
group_snapshot,raw_waiting_band_eligible_member_count,member_waiting_band_dwell_sec_min,0.04383986899508207,0.04383986899508207,3691,below_0p80,False,
group_snapshot,cohort_eligible_member_count,member_waiting_band_dwell_sec_min,0.04383986899508207,0.04383986899508207,3691,below_0p80,False,
group_snapshot,member_current_speed_mps_max,veh3_closing_speed_mps,-0.043788762270880965,0.043788762270880965,3114,below_0p80,False,
group_snapshot,raw_waiting_band_eligible_member_count,member_history_max_unobserved_gap_sec_mean,0.0437703802682897,0.0437703802682897,3691,below_0p80,False,
group_snapshot,cohort_eligible_member_count,member_history_max_unobserved_gap_sec_mean,0.0437703802682897,0.0437703802682897,3691,below_0p80,False,
group_snapshot,member_history_y_displacement_m_max,veh1_closing_speed_mps,0.043699111616291926,0.043699111616291926,3534,below_0p80,False,
group_snapshot,dbscan_centroid_y_m,member_waiting_band_dwell_sec_mean,-0.043685019913484245,0.043685019913484245,3691,below_0p80,False,
group_snapshot,dbscan_mean_speed_mps,veh1_history_front_y_change_m,0.04364694303550429,0.04364694303550429,3534,below_0p80,False,
group_snapshot,group_female_ratio,member_history_mean_vy_mps_max,0.04364287252517066,0.04364287252517066,3691,below_0p80,False,
group_snapshot,group_female_ratio,member_history_observed_fraction_mean,-0.043409606123432,0.043409606123432,3691,below_0p80,False,
group_snapshot,dbscan_mean_vx_mps,veh2_speed_mps,-0.04340394912684179,0.04340394912684179,3299,below_0p80,False,
group_snapshot,dbscan_centroid_y_m,dbscan_mean_vy_mps,0.04338124850809977,0.04338124850809977,3691,below_0p80,False,
group_snapshot,dbscan_mean_vx_mps,veh3_closing_speed_mps,-0.04332559399421305,0.04332559399421305,3114,below_0p80,False,
group_snapshot,group_female_ratio,veh3_history_mean_front_y_m,0.043293804758058704,0.043293804758058704,3114,below_0p80,False,
group_snapshot,member_history_mean_speed_mps_mean,veh1_closing_speed_mps,-0.0432860203103112,0.0432860203103112,3534,below_0p80,False,
group_snapshot,dbscan_centroid_y_m,member_current_vy_mps_max,0.04322883327860686,0.04322883327860686,3691,below_0p80,False,
group_snapshot,member_history_interpolated_fraction_max,veh1_closing_speed_mps,-0.04317017567855721,0.04317017567855721,3534,below_0p80,False,
group_snapshot,member_window_low_speed_fraction_max,active_vehicle_count,0.04303818666780659,0.04303818666780659,3691,below_0p80,False,
group_snapshot,member_current_vy_mps_mean,approaching_vehicle_count,0.04280118491761151,0.04280118491761151,3691,below_0p80,False,
group_snapshot,group_male_ratio,member_history_mean_vy_mps_mean,-0.042754126346753275,0.042754126346753275,3691,below_0p80,False,
group_snapshot,member_history_max_unobserved_gap_sec_max,veh2_lateral_x_m,-0.042732616800734674,0.042732616800734674,3332,below_0p80,False,
group_snapshot,group_female_ratio,member_history_max_unobserved_gap_sec_mean,0.04267306378345104,0.04267306378345104,3691,below_0p80,False,
group_snapshot,dbscan_mean_vy_mps,member_history_observed_fraction_max,-0.04265475964727661,0.04265475964727661,3691,below_0p80,False,
group_snapshot,raw_group_size,member_history_mean_speed_mps_mean,0.04261115075943039,0.04261115075943039,3691,below_0p80,False,
group_snapshot,approaching_vehicle_count,veh3_front_y_m,0.042575128806085244,0.042575128806085244,3114,below_0p80,False,
group_snapshot,member_history_mean_vy_mps_mean,veh1_history_mean_front_y_m,0.04249677674183128,0.04249677674183128,3534,below_0p80,False,
group_snapshot,member_window_low_speed_fraction_min,veh3_front_y_m,0.04248650638324055,0.04248650638324055,3114,below_0p80,False,
group_snapshot,dbscan_mean_speed_mps,veh2_front_y_m,-0.04240479570638308,0.04240479570638308,3332,below_0p80,False,
group_snapshot,member_distance_to_crossing_line_m_mean,veh3_history_front_y_change_m,0.0422775292991798,0.0422775292991798,3114,below_0p80,False,
group_snapshot,member_current_speed_mps_mean,veh1_history_front_y_change_m,0.04220719522831224,0.04220719522831224,3534,below_0p80,False,
group_snapshot,member_distance_to_crossing_line_m_mean,member_current_vy_mps_max,-0.04218845255336101,0.04218845255336101,3691,below_0p80,False,
group_snapshot,group_unknown_age_ratio,veh3_speed_mps,-0.042124027381730114,0.042124027381730114,3091,below_0p80,False,
group_snapshot,member_history_y_displacement_m_mean,veh1_history_mean_front_y_m,0.04210719418794053,0.04210719418794053,3534,below_0p80,False,
group_snapshot,dbscan_mean_speed_mps,veh1_closing_speed_mps,-0.04196294363339718,0.04196294363339718,3534,below_0p80,False,
group_snapshot,group_female_ratio,group_young_ratio,0.04187652509235956,0.04187652509235956,3691,below_0p80,False,
group_snapshot,veh1_lateral_x_m,veh3_closing_speed_mps,-0.041868323836955566,0.041868323836955566,3114,below_0p80,False,
group_snapshot,cohort_eligible_member_count,dbscan_centroid_x_m,0.04185423228126356,0.04185423228126356,3691,below_0p80,False,
group_snapshot,raw_waiting_band_eligible_member_count,dbscan_centroid_x_m,0.04185423228126356,0.04185423228126356,3691,below_0p80,False,
group_snapshot,dbscan_spread_m,veh3_lateral_x_m,-0.04180292774537533,0.04180292774537533,3114,below_0p80,False,
group_snapshot,raw_group_size,veh2_lateral_x_m,-0.041731773458578494,0.041731773458578494,3332,below_0p80,False,
group_snapshot,member_history_mean_vy_mps_max,veh1_closing_speed_mps,0.04164634474631458,0.04164634474631458,3534,below_0p80,False,
group_snapshot,group_adult_ratio,stopped_vehicle_count,-0.041638008884850565,0.041638008884850565,3691,below_0p80,False,
group_snapshot,raw_group_size,member_history_mean_speed_mps_min,-0.04155175317525203,0.04155175317525203,3691,below_0p80,False,
group_snapshot,member_current_vy_mps_max,member_history_mean_speed_mps_min,0.04152580040270183,0.04152580040270183,3691,below_0p80,False,
group_snapshot,dbscan_mean_speed_mps,group_female_ratio,0.041521103071122986,0.041521103071122986,3691,below_0p80,False,
group_snapshot,member_history_interpolated_fraction_mean,veh3_lateral_x_m,-0.04148317735815484,0.04148317735815484,3114,below_0p80,False,
group_snapshot,group_unknown_age_ratio,member_history_mean_speed_mps_min,-0.04140198540773389,0.04140198540773389,3691,below_0p80,False,
group_snapshot,group_unknown_gender_ratio,member_current_speed_mps_mean,-0.041396104295930915,0.041396104295930915,3691,below_0p80,False,
group_snapshot,member_history_interpolated_fraction_max,veh1_history_front_y_change_m,0.04133730866059433,0.04133730866059433,3534,below_0p80,False,
group_snapshot,raw_waiting_band_eligible_member_count,dbscan_centroid_y_m,0.041305358801001404,0.041305358801001404,3691,below_0p80,False,
group_snapshot,cohort_eligible_member_count,dbscan_centroid_y_m,0.041305358801001404,0.041305358801001404,3691,below_0p80,False,
group_snapshot,veh3_lateral_x_m,veh3_ttc_capped_sec,-0.04124527481450326,0.04124527481450326,3114,below_0p80,False,
group_snapshot,group_female_ratio,member_waiting_band_dwell_sec_mean,-0.04124395521474322,0.04124395521474322,3691,below_0p80,False,
group_snapshot,member_waiting_band_dwell_sec_min,veh3_history_mean_front_y_m,0.04119255393368258,0.04119255393368258,3114,below_0p80,False,
group_snapshot,dbscan_mean_vx_mps,veh1_history_observed_fraction,0.04115668942603757,0.04115668942603757,3691,below_0p80,False,
group_snapshot,group_female_ratio,member_waiting_low_speed_time_sec_max,-0.04111666161775918,0.04111666161775918,3691,below_0p80,False,
group_snapshot,group_unknown_age_ratio,approaching_vehicle_count,-0.041114334992617046,0.041114334992617046,3691,below_0p80,False,
group_snapshot,raw_group_size,veh2_speed_mps,0.04103099769421899,0.04103099769421899,3299,below_0p80,False,
group_snapshot,eligible_member_fraction_of_group,member_distance_to_crossing_line_m_mean,-0.04097134618044094,0.04097134618044094,3691,below_0p80,False,
group_snapshot,member_history_interpolated_fraction_mean,veh3_ttc_capped_sec,-0.0409673088199008,0.0409673088199008,3691,below_0p80,False,
group_snapshot,dbscan_centroid_y_m,member_waiting_low_speed_time_sec_mean,-0.040895072940652095,0.040895072940652095,3691,below_0p80,False,
group_snapshot,group_male_ratio,member_history_y_displacement_m_mean,-0.040822909713714974,0.040822909713714974,3691,below_0p80,False,
group_snapshot,dbscan_centroid_x_m,member_history_interpolated_fraction_max,-0.04081025842262725,0.04081025842262725,3691,below_0p80,False,
group_snapshot,member_history_max_unobserved_gap_sec_min,veh2_history_front_y_change_m,0.040723233912722916,0.040723233912722916,3332,below_0p80,False,
group_snapshot,eligible_member_fraction_of_group,veh1_lateral_x_m,0.04071118232718697,0.04071118232718697,3534,below_0p80,False,
group_snapshot,raw_waiting_band_eligible_member_count,group_old_ratio,-0.04069870469776635,0.04069870469776635,3691,below_0p80,False,
group_snapshot,cohort_eligible_member_count,group_old_ratio,-0.04069870469776635,0.04069870469776635,3691,below_0p80,False,
group_snapshot,member_current_vy_mps_mean,member_history_interpolated_fraction_min,0.04068958316995928,0.04068958316995928,3691,below_0p80,False,
group_snapshot,dbscan_mean_vy_mps,member_history_max_unobserved_gap_sec_min,0.04066253906119829,0.04066253906119829,3691,below_0p80,False,
group_snapshot,dbscan_mean_vx_mps,veh2_closing_speed_mps,-0.04054262704641864,0.04054262704641864,3332,below_0p80,False,
group_snapshot,group_unknown_age_ratio,veh3_ttc_capped_sec,0.04051506649764849,0.04051506649764849,3691,below_0p80,False,
group_snapshot,group_female_ratio,member_history_interpolated_fraction_mean,0.04049887138729717,0.04049887138729717,3691,below_0p80,False,
group_snapshot,member_window_low_speed_fraction_max,veh3_front_y_m,0.04048402726480957,0.04048402726480957,3114,below_0p80,False,
group_snapshot,member_history_y_displacement_m_min,veh2_history_mean_front_y_m,0.04046526407449844,0.04046526407449844,3332,below_0p80,False,
group_snapshot,group_young_ratio,member_history_mean_vy_mps_max,-0.04046431818347097,0.04046431818347097,3691,below_0p80,False,
group_snapshot,group_female_ratio,member_window_low_speed_fraction_max,-0.040463805822701024,0.040463805822701024,3691,below_0p80,False,
group_snapshot,member_current_vy_mps_min,member_history_max_unobserved_gap_sec_max,-0.04031135233776985,0.04031135233776985,3691,below_0p80,False,
group_snapshot,member_history_interpolated_fraction_mean,veh2_history_mean_front_y_m,-0.040302158573689635,0.040302158573689635,3332,below_0p80,False,
group_snapshot,dbscan_mean_vx_mps,veh3_ttc_capped_sec,0.04025092385991499,0.04025092385991499,3691,below_0p80,False,
group_snapshot,member_history_y_displacement_m_max,member_waiting_low_speed_time_sec_mean,0.040207261740285556,0.040207261740285556,3691,below_0p80,False,
group_snapshot,member_history_observed_fraction_min,veh3_lateral_x_m,0.04020226893514962,0.04020226893514962,3114,below_0p80,False,
group_snapshot,member_history_mean_vy_mps_max,member_history_max_unobserved_gap_sec_min,0.0401064744956394,0.0401064744956394,3691,below_0p80,False,
group_snapshot,member_history_mean_vy_mps_max,member_history_observed_fraction_max,-0.04008551754080884,0.04008551754080884,3691,below_0p80,False,
group_snapshot,active_vehicle_count,veh3_ttc_capped_sec,-0.04006071097281368,0.04006071097281368,3691,below_0p80,False,
group_snapshot,member_distance_to_crossing_line_m_mean,member_history_interpolated_fraction_min,0.040045640337700264,0.040045640337700264,3691,below_0p80,False,
group_snapshot,dbscan_mean_vx_mps,veh1_speed_mps,-0.03997496141008441,0.03997496141008441,3504,below_0p80,False,
group_snapshot,eligible_member_fraction_of_group,member_distance_to_crossing_line_m_max,0.03996216637591053,0.03996216637591053,3691,below_0p80,False,
group_snapshot,member_history_interpolated_fraction_min,veh1_history_mean_front_y_m,-0.03995023653340036,0.03995023653340036,3534,below_0p80,False,
group_snapshot,cohort_eligible_member_count,group_male_ratio,0.03988741030124478,0.03988741030124478,3691,below_0p80,False,
group_snapshot,raw_waiting_band_eligible_member_count,group_male_ratio,0.03988741030124478,0.03988741030124478,3691,below_0p80,False,
group_snapshot,member_history_interpolated_fraction_min,veh1_ttc_capped_sec,0.039827728385778624,0.039827728385778624,3691,below_0p80,False,
group_snapshot,member_current_speed_mps_min,veh3_front_y_m,-0.0398090842526089,0.0398090842526089,3114,below_0p80,False,
group_snapshot,member_history_mean_vy_mps_max,member_waiting_low_speed_time_sec_mean,0.03970211139588568,0.03970211139588568,3691,below_0p80,False,
group_snapshot,group_male_ratio,veh1_ttc_capped_sec,-0.03961362968976963,0.03961362968976963,3691,below_0p80,False,
group_snapshot,member_history_mean_vy_mps_min,veh2_history_mean_front_y_m,0.03960211224188089,0.03960211224188089,3332,below_0p80,False,
group_snapshot,member_history_mean_speed_mps_max,veh3_history_mean_front_y_m,-0.039596766399824145,0.039596766399824145,3114,below_0p80,False,
group_snapshot,member_distance_to_crossing_line_m_mean,member_history_interpolated_fraction_mean,0.03958992916564397,0.03958992916564397,3691,below_0p80,False,
group_snapshot,member_distance_to_crossing_line_m_mean,member_waiting_low_speed_time_sec_min,0.03946382326130839,0.03946382326130839,3691,below_0p80,False,
group_snapshot,member_current_speed_mps_mean,veh1_closing_speed_mps,-0.03944245426252977,0.03944245426252977,3534,below_0p80,False,
group_snapshot,member_distance_to_crossing_line_m_max,veh1_history_observed_fraction,0.039429106669590125,0.039429106669590125,3691,below_0p80,False,
group_snapshot,member_current_speed_mps_max,veh1_speed_mps,-0.039426131750373114,0.039426131750373114,3504,below_0p80,False,
group_snapshot,group_old_ratio,veh1_front_y_m,0.039419052533133554,0.039419052533133554,3534,below_0p80,False,
group_snapshot,member_history_observed_fraction_max,veh2_history_front_y_change_m,-0.039335208953270105,0.039335208953270105,3332,below_0p80,False,
group_snapshot,group_unknown_age_ratio,member_window_low_speed_fraction_max,0.03931247851514692,0.03931247851514692,3691,below_0p80,False,
group_snapshot,member_history_y_displacement_m_max,veh3_history_mean_front_y_m,0.03928049079305518,0.03928049079305518,3114,below_0p80,False,
group_snapshot,member_current_vy_mps_mean,veh3_lateral_x_m,0.03920878694197893,0.03920878694197893,3114,below_0p80,False,
group_snapshot,member_distance_to_crossing_line_m_min,veh1_front_y_m,-0.03918238542381483,0.03918238542381483,3534,below_0p80,False,
group_snapshot,group_old_ratio,member_waiting_low_speed_time_sec_max,-0.03914067167575279,0.03914067167575279,3691,below_0p80,False,
group_snapshot,dbscan_mean_speed_mps,member_distance_to_crossing_line_m_min,-0.03910321841900637,0.03910321841900637,3691,below_0p80,False,
group_snapshot,group_young_ratio,veh2_history_mean_front_y_m,-0.03899859116500568,0.03899859116500568,3332,below_0p80,False,
group_snapshot,member_distance_to_crossing_line_m_mean,veh1_front_y_m,-0.03898436967866519,0.03898436967866519,3534,below_0p80,False,
group_snapshot,member_history_mean_speed_mps_min,veh1_ttc_capped_sec,0.038949665468818874,0.038949665468818874,3691,below_0p80,False,
group_snapshot,eligible_member_fraction_of_group,veh1_history_observed_fraction,-0.03878436064685958,0.03878436064685958,3691,below_0p80,False,
group_snapshot,dbscan_mean_vx_mps,veh2_history_front_y_change_m,0.0387426527901706,0.0387426527901706,3332,below_0p80,False,
group_snapshot,group_adult_ratio,member_history_y_displacement_m_max,0.038685206398464005,0.038685206398464005,3691,below_0p80,False,
group_snapshot,member_history_interpolated_fraction_mean,veh3_closing_speed_mps,0.03863154738960504,0.03863154738960504,3114,below_0p80,False,
group_snapshot,member_distance_to_crossing_line_m_min,veh2_lateral_x_m,0.03854662514785996,0.03854662514785996,3332,below_0p80,False,
group_snapshot,group_adult_ratio,member_history_mean_vy_mps_max,0.03847620597812761,0.03847620597812761,3691,below_0p80,False,
group_snapshot,group_female_ratio,veh2_history_front_y_change_m,-0.038391619365129255,0.038391619365129255,3332,below_0p80,False,
group_snapshot,group_unknown_gender_ratio,veh3_closing_speed_mps,0.03834290941111495,0.03834290941111495,3114,below_0p80,False,
group_snapshot,dbscan_mean_vy_mps,member_distance_to_crossing_line_m_max,-0.038262981567257645,0.038262981567257645,3691,below_0p80,False,
group_snapshot,member_distance_to_crossing_line_m_max,member_history_mean_vy_mps_max,-0.038226882956155867,0.038226882956155867,3691,below_0p80,False,
group_snapshot,group_young_ratio,member_history_y_displacement_m_max,-0.03815142826487847,0.03815142826487847,3691,below_0p80,False,
group_snapshot,member_history_max_unobserved_gap_sec_max,veh3_lateral_x_m,-0.038141723203751185,0.038141723203751185,3114,below_0p80,False,
group_snapshot,member_current_vy_mps_min,member_history_mean_speed_mps_min,-0.03814072654747937,0.03814072654747937,3691,below_0p80,False,
group_snapshot,member_distance_to_crossing_line_m_mean,member_history_mean_vy_mps_min,-0.03799455265750079,0.03799455265750079,3691,below_0p80,False,
group_snapshot,dbscan_centroid_y_m,member_history_interpolated_fraction_mean,-0.03775924558263238,0.03775924558263238,3691,below_0p80,False,
group_snapshot,member_history_max_unobserved_gap_sec_min,veh1_ttc_capped_sec,0.03766086158774473,0.03766086158774473,3691,below_0p80,False,
group_snapshot,dbscan_centroid_y_m,dbscan_spread_m,-0.037639704721193004,0.037639704721193004,3691,below_0p80,False,
group_snapshot,member_history_interpolated_fraction_max,veh2_history_mean_front_y_m,-0.03760690166151028,0.03760690166151028,3332,below_0p80,False,
group_snapshot,member_current_vy_mps_min,member_history_observed_fraction_min,0.037606891578752445,0.037606891578752445,3691,below_0p80,False,
group_snapshot,dbscan_mean_vx_mps,veh1_closing_speed_mps,-0.037595248362378535,0.037595248362378535,3534,below_0p80,False,
group_snapshot,dbscan_centroid_y_m,member_current_vy_mps_min,-0.0375476063275677,0.0375476063275677,3691,below_0p80,False,
group_snapshot,member_waiting_low_speed_time_sec_min,veh2_history_observed_fraction,0.03754369712805301,0.03754369712805301,3691,below_0p80,False,
group_snapshot,group_unknown_gender_ratio,member_waiting_low_speed_time_sec_max,-0.03745809810781716,0.03745809810781716,3691,below_0p80,False,
group_snapshot,group_old_ratio,member_waiting_low_speed_time_sec_mean,-0.037400151149633604,0.037400151149633604,3691,below_0p80,False,
group_snapshot,member_distance_to_crossing_line_m_mean,veh3_speed_mps,-0.03737932904648226,0.03737932904648226,3091,below_0p80,False,
group_snapshot,member_distance_to_crossing_line_m_max,member_history_y_displacement_m_max,-0.037368373076673185,0.037368373076673185,3691,below_0p80,False,
group_snapshot,member_current_speed_mps_min,veh2_history_observed_fraction,-0.03715466989683382,0.03715466989683382,3691,below_0p80,False,
group_snapshot,dbscan_centroid_x_m,member_history_mean_vy_mps_mean,-0.03714557251653216,0.03714557251653216,3691,below_0p80,False,
group_snapshot,raw_group_size,veh2_closing_speed_mps,0.03710239967531226,0.03710239967531226,3332,below_0p80,False,
group_snapshot,dbscan_mean_vy_mps,member_waiting_band_dwell_sec_mean,0.037101350032412356,0.037101350032412356,3691,below_0p80,False,
group_snapshot,member_history_mean_vy_mps_max,veh3_history_mean_front_y_m,0.03709274469669763,0.03709274469669763,3114,below_0p80,False,
group_snapshot,member_current_vy_mps_max,veh1_ttc_capped_sec,-0.03708731446553529,0.03708731446553529,3691,below_0p80,False,
group_snapshot,raw_group_size,veh1_front_y_m,-0.03701855394549811,0.03701855394549811,3534,below_0p80,False,
group_snapshot,group_unknown_gender_ratio,veh2_front_y_m,0.03694446022986529,0.03694446022986529,3332,below_0p80,False,
group_snapshot,member_waiting_low_speed_time_sec_max,veh1_history_mean_front_y_m,0.03688162883015218,0.03688162883015218,3534,below_0p80,False,
group_snapshot,member_history_y_displacement_m_max,member_history_observed_fraction_max,-0.03684308402814246,0.03684308402814246,3691,below_0p80,False,
group_snapshot,group_unknown_gender_ratio,veh3_history_front_y_change_m,-0.0368122752410781,0.0368122752410781,3114,below_0p80,False,
group_snapshot,dbscan_mean_speed_mps,member_current_vy_mps_mean,-0.03675373416361484,0.03675373416361484,3691,below_0p80,False,
group_snapshot,dbscan_mean_vy_mps,member_waiting_band_dwell_sec_max,0.03671676067275936,0.03671676067275936,3691,below_0p80,False,
group_snapshot,member_current_vy_mps_max,veh3_ttc_capped_sec,-0.03670910442582428,0.03670910442582428,3691,below_0p80,False,
group_snapshot,group_male_ratio,veh1_closing_speed_mps,0.036708502406053146,0.036708502406053146,3534,below_0p80,False,
group_snapshot,member_history_y_displacement_m_max,member_history_max_unobserved_gap_sec_min,0.03663384438231095,0.03663384438231095,3691,below_0p80,False,
group_snapshot,member_history_observed_fraction_min,veh3_history_front_y_change_m,0.03660823677135508,0.03660823677135508,3114,below_0p80,False,
group_snapshot,member_distance_to_crossing_line_m_mean,member_history_interpolated_fraction_max,0.03660063852894176,0.03660063852894176,3691,below_0p80,False,
group_snapshot,group_unknown_age_ratio,member_history_mean_speed_mps_mean,-0.03656851728497799,0.03656851728497799,3691,below_0p80,False,
group_snapshot,dbscan_mean_vy_mps,approaching_vehicle_count,0.03656849245127452,0.03656849245127452,3691,below_0p80,False,
group_snapshot,dbscan_mean_vx_mps,veh2_history_mean_front_y_m,-0.036559708228962075,0.036559708228962075,3332,below_0p80,False,
group_snapshot,member_history_y_displacement_m_mean,veh2_history_mean_front_y_m,0.036497688340549006,0.036497688340549006,3332,below_0p80,False,
group_snapshot,member_history_interpolated_fraction_min,veh2_closing_speed_mps,-0.03648165223187467,0.03648165223187467,3332,below_0p80,False,
group_snapshot,member_current_vy_mps_min,member_waiting_band_dwell_sec_mean,0.036473709002552215,0.036473709002552215,3691,below_0p80,False,
group_snapshot,member_distance_to_crossing_line_m_mean,member_history_y_displacement_m_min,-0.0364409560324502,0.0364409560324502,3691,below_0p80,False,
group_snapshot,member_history_y_displacement_m_max,veh1_lateral_x_m,0.0364356061467759,0.0364356061467759,3534,below_0p80,False,
group_snapshot,member_current_vy_mps_max,stopped_vehicle_count,-0.03642831131971548,0.03642831131971548,3691,below_0p80,False,
group_snapshot,group_adult_ratio,member_history_max_unobserved_gap_sec_mean,0.03641263092917686,0.03641263092917686,3691,below_0p80,False,
group_snapshot,member_history_interpolated_fraction_mean,stopped_vehicle_count,0.03640146298926329,0.03640146298926329,3691,below_0p80,False,
group_snapshot,member_history_observed_fraction_max,veh1_ttc_capped_sec,-0.03639701648716457,0.03639701648716457,3691,below_0p80,False,
group_snapshot,member_history_mean_vy_mps_mean,veh2_history_mean_front_y_m,0.036351777127052225,0.036351777127052225,3332,below_0p80,False,
group_snapshot,veh1_history_observed_fraction,veh3_lateral_x_m,0.036290140521010886,0.036290140521010886,3114,below_0p80,False,
group_snapshot,member_history_mean_vy_mps_max,veh1_lateral_x_m,0.03624696179746403,0.03624696179746403,3534,below_0p80,False,
group_snapshot,member_history_interpolated_fraction_mean,veh1_speed_mps,-0.03621426455529391,0.03621426455529391,3504,below_0p80,False,
group_snapshot,group_unknown_gender_ratio,member_history_y_displacement_m_min,0.03617209516544415,0.03617209516544415,3691,below_0p80,False,
group_snapshot,eligible_member_fraction_of_group,veh1_history_mean_front_y_m,0.03608613590722642,0.03608613590722642,3534,below_0p80,False,
group_snapshot,dbscan_mean_vx_mps,veh1_lateral_x_m,-0.03605454569901378,0.03605454569901378,3534,below_0p80,False,
group_snapshot,member_distance_to_crossing_line_m_min,member_waiting_band_dwell_sec_mean,0.03604004325424607,0.03604004325424607,3691,below_0p80,False,
group_snapshot,dbscan_centroid_x_m,member_history_y_displacement_m_mean,-0.03602433003135139,0.03602433003135139,3691,below_0p80,False,
group_snapshot,member_history_interpolated_fraction_max,veh3_lateral_x_m,-0.035814121377583455,0.035814121377583455,3114,below_0p80,False,
group_snapshot,group_adult_ratio,member_history_observed_fraction_mean,-0.03571330142205468,0.03571330142205468,3691,below_0p80,False,
group_snapshot,member_history_observed_fraction_mean,veh1_history_observed_fraction,-0.03563620494668208,0.03563620494668208,3691,below_0p80,False,
group_snapshot,dbscan_mean_speed_mps,veh1_history_mean_front_y_m,-0.035578046364090926,0.035578046364090926,3534,below_0p80,False,
group_snapshot,member_history_mean_speed_mps_max,veh1_front_y_m,-0.035527514098196794,0.035527514098196794,3534,below_0p80,False,
group_snapshot,dbscan_mean_vx_mps,veh2_ttc_capped_sec,0.03543025591861955,0.03543025591861955,3691,below_0p80,False,
group_snapshot,group_unknown_age_ratio,veh3_closing_speed_mps,-0.03540692250265396,0.03540692250265396,3114,below_0p80,False,
group_snapshot,member_current_vy_mps_min,approaching_vehicle_count,0.03537464150991073,0.03537464150991073,3691,below_0p80,False,
group_snapshot,member_history_observed_fraction_min,veh3_speed_mps,-0.03534448697215616,0.03534448697215616,3091,below_0p80,False,
group_snapshot,member_history_interpolated_fraction_mean,veh2_history_front_y_change_m,0.03519174845789316,0.03519174845789316,3332,below_0p80,False,
group_snapshot,group_unknown_age_ratio,member_current_vy_mps_min,0.03511289594207989,0.03511289594207989,3691,below_0p80,False,
group_snapshot,member_current_vy_mps_max,veh3_history_front_y_change_m,-0.03505699177500618,0.03505699177500618,3114,below_0p80,False,
group_snapshot,group_unknown_gender_ratio,member_history_mean_vy_mps_min,0.03500582254156913,0.03500582254156913,3691,below_0p80,False,
group_snapshot,group_unknown_gender_ratio,member_window_low_speed_fraction_min,0.03490480242918308,0.03490480242918308,3691,below_0p80,False,
group_snapshot,group_old_ratio,member_current_vy_mps_max,-0.03481405473049635,0.03481405473049635,3691,below_0p80,False,
group_snapshot,group_young_ratio,member_distance_to_crossing_line_m_mean,0.034764570442499934,0.034764570442499934,3691,below_0p80,False,
group_snapshot,dbscan_mean_vy_mps,group_old_ratio,-0.03476398467614152,0.03476398467614152,3691,below_0p80,False,
group_snapshot,group_unknown_gender_ratio,member_history_mean_speed_mps_max,-0.034754885515237144,0.034754885515237144,3691,below_0p80,False,
group_snapshot,group_female_ratio,veh3_ttc_capped_sec,-0.03471011042291917,0.03471011042291917,3691,below_0p80,False,
group_snapshot,member_distance_to_crossing_line_m_max,veh1_front_y_m,-0.034677777064173174,0.034677777064173174,3534,below_0p80,False,
group_snapshot,group_adult_ratio,member_history_max_unobserved_gap_sec_max,0.034665563748959176,0.034665563748959176,3691,below_0p80,False,
group_snapshot,group_old_ratio,member_waiting_band_dwell_sec_min,-0.03462567842328671,0.03462567842328671,3691,below_0p80,False,
group_snapshot,group_adult_ratio,member_waiting_low_speed_time_sec_mean,0.034595800013670804,0.034595800013670804,3691,below_0p80,False,
group_snapshot,dbscan_centroid_y_m,group_young_ratio,-0.03452242364966383,0.03452242364966383,3691,below_0p80,False,
group_snapshot,dbscan_mean_speed_mps,veh1_front_y_m,-0.03448242849409436,0.03448242849409436,3534,below_0p80,False,
group_snapshot,member_distance_to_crossing_line_m_mean,member_waiting_band_dwell_sec_mean,0.034466839354073034,0.034466839354073034,3691,below_0p80,False,
group_snapshot,dbscan_centroid_y_m,approaching_vehicle_count,-0.034464349007170915,0.034464349007170915,3691,below_0p80,False,
group_snapshot,veh3_lateral_x_m,veh3_speed_mps,0.03436543498518205,0.03436543498518205,3091,below_0p80,False,
group_snapshot,raw_group_size,member_history_interpolated_fraction_min,0.03432465380142269,0.03432465380142269,3691,below_0p80,False,
group_snapshot,member_waiting_band_dwell_sec_min,veh1_closing_speed_mps,0.034210346696749085,0.034210346696749085,3534,below_0p80,False,
group_snapshot,dbscan_spread_m,veh1_history_front_y_change_m,-0.03406503398163112,0.03406503398163112,3534,below_0p80,False,
group_snapshot,member_distance_to_crossing_line_m_min,veh1_lateral_x_m,-0.03402669897408035,0.03402669897408035,3534,below_0p80,False,
group_snapshot,member_window_low_speed_fraction_min,veh3_history_observed_fraction,0.03395689904789959,0.03395689904789959,3691,below_0p80,False,
group_snapshot,dbscan_spread_m,veh2_history_mean_front_y_m,0.033926355349500774,0.033926355349500774,3332,below_0p80,False,
group_snapshot,group_adult_ratio,member_history_observed_fraction_min,-0.033919492397070865,0.033919492397070865,3691,below_0p80,False,
group_snapshot,member_history_observed_fraction_max,veh1_lateral_x_m,0.03389084395915779,0.03389084395915779,3534,below_0p80,False,
group_snapshot,group_female_ratio,member_waiting_band_dwell_sec_max,-0.033885191595283366,0.033885191595283366,3691,below_0p80,False,
group_snapshot,group_unknown_gender_ratio,member_history_mean_speed_mps_mean,-0.033836911438074095,0.033836911438074095,3691,below_0p80,False,
group_snapshot,eligible_member_fraction_of_group,member_history_mean_speed_mps_max,-0.033648979380958004,0.033648979380958004,3691,below_0p80,False,
group_snapshot,member_waiting_band_dwell_sec_min,veh1_front_y_m,0.03364790690731625,0.03364790690731625,3534,below_0p80,False,
group_snapshot,group_adult_ratio,member_waiting_low_speed_time_sec_max,0.03363235035836065,0.03363235035836065,3691,below_0p80,False,
group_snapshot,group_unknown_gender_ratio,member_waiting_low_speed_time_sec_mean,-0.03362041321590327,0.03362041321590327,3691,below_0p80,False,
group_snapshot,dbscan_mean_vx_mps,member_waiting_band_dwell_sec_mean,0.03358181846928489,0.03358181846928489,3691,below_0p80,False,
group_snapshot,dbscan_mean_vx_mps,group_young_ratio,0.03357056797472942,0.03357056797472942,3691,below_0p80,False,
group_snapshot,group_female_ratio,member_current_vy_mps_min,-0.033439079173975754,0.033439079173975754,3691,below_0p80,False,
group_snapshot,group_unknown_age_ratio,veh3_history_front_y_change_m,0.03341698232227528,0.03341698232227528,3114,below_0p80,False,
group_snapshot,dbscan_centroid_y_m,veh3_history_front_y_change_m,-0.0334010671356256,0.0334010671356256,3114,below_0p80,False,
group_snapshot,member_current_speed_mps_max,veh2_history_mean_front_y_m,-0.03327960415373955,0.03327960415373955,3332,below_0p80,False,
group_snapshot,group_old_ratio,member_history_mean_speed_mps_min,0.03324062061371822,0.03324062061371822,3691,below_0p80,False,
group_snapshot,member_history_y_displacement_m_max,member_window_low_speed_fraction_mean,-0.0331960088086823,0.0331960088086823,3691,below_0p80,False,
group_snapshot,member_history_max_unobserved_gap_sec_mean,veh1_history_observed_fraction,0.033159025551897724,0.033159025551897724,3691,below_0p80,False,
group_snapshot,dbscan_centroid_y_m,member_history_interpolated_fraction_max,-0.03315544339058534,0.03315544339058534,3691,below_0p80,False,
group_snapshot,group_male_ratio,veh1_front_y_m,-0.03311918849857696,0.03311918849857696,3534,below_0p80,False,
group_snapshot,group_young_ratio,veh3_history_mean_front_y_m,-0.033024501453840505,0.033024501453840505,3114,below_0p80,False,
group_snapshot,member_history_y_displacement_m_mean,veh3_lateral_x_m,0.032927027301436936,0.032927027301436936,3114,below_0p80,False,
group_snapshot,group_unknown_age_ratio,member_current_speed_mps_min,-0.03290891281054951,0.03290891281054951,3691,below_0p80,False,
group_snapshot,member_waiting_band_dwell_sec_min,veh1_history_front_y_change_m,-0.03284794140787538,0.03284794140787538,3534,below_0p80,False,
group_snapshot,member_current_vy_mps_min,member_waiting_low_speed_time_sec_mean,0.0328317930877012,0.0328317930877012,3691,below_0p80,False,
group_snapshot,member_history_y_displacement_m_max,veh2_closing_speed_mps,0.03282494474352349,0.03282494474352349,3332,below_0p80,False,
group_snapshot,member_history_interpolated_fraction_mean,veh1_history_observed_fraction,0.03282003142442235,0.03282003142442235,3691,below_0p80,False,
group_snapshot,raw_group_size,veh2_history_front_y_change_m,-0.03281318145999647,0.03281318145999647,3332,below_0p80,False,
group_snapshot,member_current_speed_mps_mean,veh1_history_mean_front_y_m,-0.032760895413541706,0.032760895413541706,3534,below_0p80,False,
group_snapshot,group_young_ratio,member_current_vy_mps_max,-0.032693785637666846,0.032693785637666846,3691,below_0p80,False,
group_snapshot,member_history_max_unobserved_gap_sec_min,veh2_history_mean_front_y_m,-0.032647551838258744,0.032647551838258744,3332,below_0p80,False,
group_snapshot,cohort_eligible_member_count,veh3_lateral_x_m,0.03263810564855537,0.03263810564855537,3114,below_0p80,False,
group_snapshot,raw_waiting_band_eligible_member_count,veh3_lateral_x_m,0.03263810564855537,0.03263810564855537,3114,below_0p80,False,
group_snapshot,group_adult_ratio,member_history_max_unobserved_gap_sec_min,0.03263695141648345,0.03263695141648345,3691,below_0p80,False,
group_snapshot,veh1_lateral_x_m,veh3_front_y_m,-0.03261300326311854,0.03261300326311854,3114,below_0p80,False,
group_snapshot,member_waiting_band_dwell_sec_min,veh1_history_mean_front_y_m,0.032544071978350166,0.032544071978350166,3534,below_0p80,False,
group_snapshot,veh2_lateral_x_m,veh3_front_y_m,-0.03250294294346259,0.03250294294346259,3114,below_0p80,False,
group_snapshot,member_history_observed_fraction_max,veh2_lateral_x_m,0.03248905973755739,0.03248905973755739,3332,below_0p80,False,
group_snapshot,member_history_mean_vy_mps_mean,member_history_mean_speed_mps_mean,-0.032442715795521104,0.032442715795521104,3691,below_0p80,False,
group_snapshot,group_adult_ratio,member_history_observed_fraction_max,-0.03238944603199986,0.03238944603199986,3691,below_0p80,False,
group_snapshot,group_male_ratio,veh2_history_mean_front_y_m,-0.03215706600024625,0.03215706600024625,3332,below_0p80,False,
group_snapshot,member_history_max_unobserved_gap_sec_min,veh1_lateral_x_m,-0.032138026287413836,0.032138026287413836,3534,below_0p80,False,
group_snapshot,member_waiting_low_speed_time_sec_mean,veh2_front_y_m,0.03211747589616354,0.03211747589616354,3332,below_0p80,False,
group_snapshot,raw_group_size,veh1_history_observed_fraction,0.031934141084804746,0.031934141084804746,3691,below_0p80,False,
group_snapshot,member_history_max_unobserved_gap_sec_min,veh1_history_mean_front_y_m,-0.03191251895447283,0.03191251895447283,3534,below_0p80,False,
group_snapshot,member_history_mean_speed_mps_min,active_vehicle_count,-0.03190337641635974,0.03190337641635974,3691,below_0p80,False,
group_snapshot,member_history_mean_vy_mps_max,veh2_closing_speed_mps,0.03187531763966606,0.03187531763966606,3332,below_0p80,False,
group_snapshot,member_history_observed_fraction_max,veh2_history_mean_front_y_m,0.03185403451348727,0.03185403451348727,3332,below_0p80,False,
group_snapshot,member_current_vy_mps_max,veh3_closing_speed_mps,0.031746900988679515,0.031746900988679515,3114,below_0p80,False,
group_snapshot,group_unknown_gender_ratio,member_current_vy_mps_min,0.03174445416106136,0.03174445416106136,3691,below_0p80,False,
group_snapshot,member_history_observed_fraction_mean,veh1_closing_speed_mps,0.03171178225609302,0.03171178225609302,3534,below_0p80,False,
group_snapshot,member_current_vy_mps_mean,member_current_speed_mps_min,-0.031642275470862895,0.031642275470862895,3691,below_0p80,False,
group_snapshot,dbscan_centroid_y_m,veh2_lateral_x_m,-0.031636616605605725,0.031636616605605725,3332,below_0p80,False,
group_snapshot,group_female_ratio,member_history_mean_speed_mps_min,0.03162571672514601,0.03162571672514601,3691,below_0p80,False,
group_snapshot,member_history_max_unobserved_gap_sec_mean,veh1_closing_speed_mps,-0.03158621649038566,0.03158621649038566,3534,below_0p80,False,
group_snapshot,member_history_mean_vy_mps_mean,veh3_lateral_x_m,0.03151987720785888,0.03151987720785888,3114,below_0p80,False,
group_snapshot,member_history_max_unobserved_gap_sec_min,veh2_lateral_x_m,-0.031380436091156046,0.031380436091156046,3332,below_0p80,False,
group_snapshot,member_history_observed_fraction_min,veh1_history_observed_fraction,-0.03130972352542351,0.03130972352542351,3691,below_0p80,False,
group_snapshot,dbscan_mean_vy_mps,member_waiting_band_dwell_sec_min,0.03128716170170206,0.03128716170170206,3691,below_0p80,False,
group_snapshot,dbscan_mean_vx_mps,group_male_ratio,0.03128636156750487,0.03128636156750487,3691,below_0p80,False,
group_snapshot,group_old_ratio,veh3_history_front_y_change_m,-0.03124779888100781,0.03124779888100781,3114,below_0p80,False,
group_snapshot,group_unknown_gender_ratio,veh3_history_mean_front_y_m,0.03124752544569595,0.03124752544569595,3114,below_0p80,False,
group_snapshot,dbscan_mean_vy_mps,veh3_lateral_x_m,0.03116840805060548,0.03116840805060548,3114,below_0p80,False,
group_snapshot,dbscan_centroid_x_m,dbscan_mean_vx_mps,0.031164654758971882,0.031164654758971882,3691,below_0p80,False,
group_snapshot,dbscan_spread_m,member_history_interpolated_fraction_min,0.03115207747627641,0.03115207747627641,3691,below_0p80,False,
group_snapshot,veh2_ttc_capped_sec,veh3_history_observed_fraction,0.03110756866937371,0.03110756866937371,3691,below_0p80,False,
group_snapshot,member_distance_to_crossing_line_m_max,veh3_closing_speed_mps,-0.0310260826900641,0.0310260826900641,3114,below_0p80,False,
group_snapshot,dbscan_centroid_y_m,member_waiting_low_speed_time_sec_max,-0.03096534388675812,0.03096534388675812,3691,below_0p80,False,
group_snapshot,member_history_max_unobserved_gap_sec_max,veh3_history_front_y_change_m,-0.030933975483333574,0.030933975483333574,3114,below_0p80,False,
group_snapshot,member_history_interpolated_fraction_max,veh2_history_front_y_change_m,0.030842141089760043,0.030842141089760043,3332,below_0p80,False,
group_snapshot,member_history_observed_fraction_max,veh1_history_mean_front_y_m,0.030755061737864083,0.030755061737864083,3534,below_0p80,False,
group_snapshot,dbscan_mean_vx_mps,stopped_vehicle_count,0.0307434392428573,0.0307434392428573,3691,below_0p80,False,
group_snapshot,veh2_lateral_x_m,veh3_speed_mps,0.030730621221775965,0.030730621221775965,3091,below_0p80,False,
group_snapshot,group_unknown_age_ratio,member_history_mean_speed_mps_max,-0.030676008140955464,0.030676008140955464,3691,below_0p80,False,
group_snapshot,member_history_interpolated_fraction_max,veh3_speed_mps,0.03054717286890644,0.03054717286890644,3091,below_0p80,False,
group_snapshot,dbscan_mean_vy_mps,dbscan_mean_speed_mps,-0.030245016886323098,0.030245016886323098,3691,below_0p80,False,
group_snapshot,dbscan_centroid_y_m,veh3_speed_mps,0.030203320539742288,0.030203320539742288,3091,below_0p80,False,
group_snapshot,member_history_mean_speed_mps_mean,veh1_history_mean_front_y_m,-0.030152549045468078,0.030152549045468078,3534,below_0p80,False,
group_snapshot,member_history_interpolated_fraction_min,veh2_front_y_m,-0.030068542449978038,0.030068542449978038,3332,below_0p80,False,
group_snapshot,dbscan_mean_vx_mps,group_adult_ratio,-0.029924194313828915,0.029924194313828915,3691,below_0p80,False,
group_snapshot,group_adult_ratio,member_current_vy_mps_max,0.029910558846877645,0.029910558846877645,3691,below_0p80,False,
group_snapshot,member_current_vy_mps_max,veh3_speed_mps,0.029898595979201113,0.029898595979201113,3091,below_0p80,False,
group_snapshot,raw_group_size,member_waiting_low_speed_time_sec_mean,0.029847166043760604,0.029847166043760604,3691,below_0p80,False,
group_snapshot,group_adult_ratio,member_waiting_band_dwell_sec_max,0.029806490398178096,0.029806490398178096,3691,below_0p80,False,
group_snapshot,member_history_max_unobserved_gap_sec_min,veh2_closing_speed_mps,-0.02978472236100205,0.02978472236100205,3332,below_0p80,False,
group_snapshot,dbscan_centroid_y_m,member_waiting_band_dwell_sec_max,-0.029767299567778394,0.029767299567778394,3691,below_0p80,False,
group_snapshot,member_history_interpolated_fraction_max,veh2_front_y_m,-0.029765835299227553,0.029765835299227553,3332,below_0p80,False,
group_snapshot,member_history_interpolated_fraction_max,veh1_speed_mps,-0.029555942060392075,0.029555942060392075,3504,below_0p80,False,
group_snapshot,member_waiting_band_dwell_sec_mean,veh3_history_observed_fraction,-0.029524717679453784,0.029524717679453784,3691,below_0p80,False,
group_snapshot,group_male_ratio,veh3_lateral_x_m,-0.029449451070940408,0.029449451070940408,3114,below_0p80,False,
group_snapshot,dbscan_centroid_x_m,veh3_history_observed_fraction,-0.029406861121036,0.029406861121036,3691,below_0p80,False,
group_snapshot,member_history_observed_fraction_mean,veh1_history_front_y_change_m,-0.02938383444451729,0.02938383444451729,3534,below_0p80,False,
group_snapshot,group_female_ratio,member_current_vy_mps_max,0.029333859575135304,0.029333859575135304,3691,below_0p80,False,
group_snapshot,dbscan_mean_vy_mps,member_history_interpolated_fraction_min,0.029271817125035772,0.029271817125035772,3691,below_0p80,False,
group_snapshot,eligible_member_fraction_of_group,member_history_max_unobserved_gap_sec_max,0.02924989986485329,0.02924989986485329,3691,below_0p80,False,
group_snapshot,member_current_vy_mps_min,veh3_closing_speed_mps,-0.029232055056188443,0.029232055056188443,3114,below_0p80,False,
group_snapshot,member_history_mean_vy_mps_min,stopped_vehicle_count,-0.02920996365132808,0.02920996365132808,3691,below_0p80,False,
group_snapshot,member_history_max_unobserved_gap_sec_min,veh3_history_front_y_change_m,0.02918641788199969,0.02918641788199969,3114,below_0p80,False,
group_snapshot,member_history_interpolated_fraction_mean,veh2_front_y_m,-0.02913286422287824,0.02913286422287824,3332,below_0p80,False,
group_snapshot,member_distance_to_crossing_line_m_mean,member_waiting_low_speed_time_sec_mean,0.02911122776709734,0.02911122776709734,3691,below_0p80,False,
group_snapshot,member_history_max_unobserved_gap_sec_mean,veh1_history_front_y_change_m,0.02909731951320711,0.02909731951320711,3534,below_0p80,False,
group_snapshot,dbscan_spread_m,member_history_observed_fraction_max,-0.029081018251693385,0.029081018251693385,3691,below_0p80,False,
group_snapshot,member_history_max_unobserved_gap_sec_max,veh3_speed_mps,0.029066523933894643,0.029066523933894643,3091,below_0p80,False,
group_snapshot,dbscan_spread_m,veh1_history_mean_front_y_m,0.02905595281505794,0.02905595281505794,3534,below_0p80,False,
group_snapshot,dbscan_mean_speed_mps,group_unknown_age_ratio,-0.029052892096092024,0.029052892096092024,3691,below_0p80,False,
group_snapshot,group_young_ratio,member_history_observed_fraction_max,0.028977263367416926,0.028977263367416926,3691,below_0p80,False,
group_snapshot,member_distance_to_crossing_line_m_mean,veh2_lateral_x_m,0.028887354456867725,0.028887354456867725,3332,below_0p80,False,
group_snapshot,member_window_low_speed_fraction_mean,veh1_front_y_m,0.028878327707346885,0.028878327707346885,3534,below_0p80,False,
group_snapshot,cohort_eligible_member_count,member_current_vy_mps_mean,-0.028844616630674873,0.028844616630674873,3691,below_0p80,False,
group_snapshot,raw_waiting_band_eligible_member_count,member_current_vy_mps_mean,-0.028844616630674873,0.028844616630674873,3691,below_0p80,False,
group_snapshot,member_current_vy_mps_max,member_waiting_low_speed_time_sec_mean,-0.02882741764761677,0.02882741764761677,3691,below_0p80,False,
group_snapshot,group_adult_ratio,member_waiting_band_dwell_sec_min,0.02880033072830319,0.02880033072830319,3691,below_0p80,False,
group_snapshot,group_male_ratio,veh2_history_front_y_change_m,-0.028783815356857007,0.028783815356857007,3332,below_0p80,False,
group_snapshot,dbscan_spread_m,member_history_max_unobserved_gap_sec_min,0.028764386164211075,0.028764386164211075,3691,below_0p80,False,
group_snapshot,member_distance_to_crossing_line_m_max,member_current_speed_mps_mean,-0.028735374292510045,0.028735374292510045,3691,below_0p80,False,
group_snapshot,group_female_ratio,member_history_y_displacement_m_mean,0.028731269964319087,0.028731269964319087,3691,below_0p80,False,
group_snapshot,member_history_interpolated_fraction_max,veh1_history_observed_fraction,0.02869881936542987,0.02869881936542987,3691,below_0p80,False,
group_snapshot,eligible_member_fraction_of_group,dbscan_mean_vx_mps,0.028659125160163907,0.028659125160163907,3691,below_0p80,False,
group_snapshot,group_old_ratio,member_window_low_speed_fraction_min,-0.0286320075057122,0.0286320075057122,3691,below_0p80,False,
group_snapshot,dbscan_spread_m,veh2_history_front_y_change_m,-0.02853846167428677,0.02853846167428677,3332,below_0p80,False,
group_snapshot,member_history_observed_fraction_max,veh2_closing_speed_mps,0.028464308733489218,0.028464308733489218,3332,below_0p80,False,
group_snapshot,group_young_ratio,member_history_max_unobserved_gap_sec_min,-0.028398292019279275,0.028398292019279275,3691,below_0p80,False,
group_snapshot,eligible_member_fraction_of_group,member_history_max_unobserved_gap_sec_mean,-0.02839185067188565,0.02839185067188565,3691,below_0p80,False,
group_snapshot,group_young_ratio,group_old_ratio,0.02835095521466621,0.02835095521466621,3691,below_0p80,False,
group_snapshot,member_history_interpolated_fraction_max,veh3_history_front_y_change_m,-0.0282913628566563,0.0282913628566563,3114,below_0p80,False,
group_snapshot,member_history_max_unobserved_gap_sec_max,veh1_history_observed_fraction,0.02824898284213918,0.02824898284213918,3691,below_0p80,False,
group_snapshot,member_history_mean_speed_mps_min,veh3_front_y_m,-0.028220971847622796,0.028220971847622796,3114,below_0p80,False,
group_snapshot,member_distance_to_crossing_line_m_max,active_vehicle_count,0.028199628573432292,0.028199628573432292,3691,below_0p80,False,
group_snapshot,member_current_vy_mps_min,veh3_history_front_y_change_m,0.028124630128720778,0.028124630128720778,3114,below_0p80,False,
group_snapshot,member_current_vy_mps_min,veh3_ttc_capped_sec,0.02809004040937609,0.02809004040937609,3691,below_0p80,False,
group_snapshot,dbscan_centroid_y_m,member_history_observed_fraction_max,0.02808429104631447,0.02808429104631447,3691,below_0p80,False,
group_snapshot,member_history_y_displacement_m_min,stopped_vehicle_count,-0.028062988622174944,0.028062988622174944,3691,below_0p80,False,
group_snapshot,member_history_max_unobserved_gap_sec_mean,stopped_vehicle_count,0.02797690548030864,0.02797690548030864,3691,below_0p80,False,
group_snapshot,dbscan_mean_speed_mps,veh3_history_observed_fraction,-0.027970662551104777,0.027970662551104777,3691,below_0p80,False,
group_snapshot,member_current_vy_mps_max,veh2_ttc_capped_sec,-0.02792447112041062,0.02792447112041062,3691,below_0p80,False,
group_snapshot,member_distance_to_crossing_line_m_min,veh3_history_mean_front_y_m,-0.027920767303637985,0.027920767303637985,3114,below_0p80,False,
group_snapshot,group_unknown_age_ratio,veh3_history_observed_fraction,-0.027878875283344245,0.027878875283344245,3691,below_0p80,False,
group_snapshot,member_current_speed_mps_max,veh1_front_y_m,-0.027854114013709262,0.027854114013709262,3534,below_0p80,False,
group_snapshot,dbscan_spread_m,veh2_speed_mps,0.027841179931977968,0.027841179931977968,3299,below_0p80,False,
group_snapshot,group_adult_ratio,member_waiting_band_dwell_sec_mean,0.027794319464892463,0.027794319464892463,3691,below_0p80,False,
group_snapshot,dbscan_centroid_y_m,member_history_max_unobserved_gap_sec_min,-0.027781078110187273,0.027781078110187273,3691,below_0p80,False,
group_snapshot,eligible_member_fraction_of_group,member_history_observed_fraction_min,-0.02777844357586869,0.02777844357586869,3691,below_0p80,False,
group_snapshot,eligible_member_fraction_of_group,member_history_observed_fraction_mean,0.02776534006869518,0.02776534006869518,3691,below_0p80,False,
group_snapshot,member_waiting_band_dwell_sec_min,veh2_front_y_m,0.027754327287238135,0.027754327287238135,3332,below_0p80,False,
group_snapshot,raw_group_size,member_waiting_band_dwell_sec_max,0.027749030402793636,0.027749030402793636,3691,below_0p80,False,
group_snapshot,group_female_ratio,veh2_ttc_capped_sec,-0.027704881437530162,0.027704881437530162,3691,below_0p80,False,
group_snapshot,raw_group_size,veh1_ttc_capped_sec,-0.02769984984574361,0.02769984984574361,3691,below_0p80,False,
group_snapshot,veh1_front_y_m,veh3_ttc_capped_sec,-0.027647980409822723,0.027647980409822723,3534,below_0p80,False,
group_snapshot,dbscan_mean_vx_mps,member_waiting_band_dwell_sec_max,0.027641814907316434,0.027641814907316434,3691,below_0p80,False,
group_snapshot,member_history_interpolated_fraction_max,stopped_vehicle_count,0.02757957850711551,0.02757957850711551,3691,below_0p80,False,
group_snapshot,eligible_member_fraction_of_group,member_history_interpolated_fraction_mean,-0.027567680595166795,0.027567680595166795,3691,below_0p80,False,
group_snapshot,member_current_vy_mps_max,member_current_speed_mps_min,0.02750386645889806,0.02750386645889806,3691,below_0p80,False,
group_snapshot,member_history_interpolated_fraction_mean,veh1_history_mean_front_y_m,-0.02747096918566661,0.02747096918566661,3534,below_0p80,False,
group_snapshot,member_history_interpolated_fraction_min,veh2_speed_mps,-0.02741720481494724,0.02741720481494724,3299,below_0p80,False,
group_snapshot,member_current_vy_mps_min,member_window_low_speed_fraction_max,0.027414341489586328,0.027414341489586328,3691,below_0p80,False,
group_snapshot,member_history_observed_fraction_mean,stopped_vehicle_count,-0.02736492952375658,0.02736492952375658,3691,below_0p80,False,
group_snapshot,member_waiting_band_dwell_sec_max,veh2_history_observed_fraction,0.02736120373939289,0.02736120373939289,3691,below_0p80,False,
group_snapshot,eligible_member_fraction_of_group,dbscan_mean_vy_mps,-0.02732454888457113,0.02732454888457113,3691,below_0p80,False,
group_snapshot,dbscan_mean_vx_mps,member_waiting_low_speed_time_sec_min,0.0272503882032357,0.0272503882032357,3691,below_0p80,False,
group_snapshot,member_history_y_displacement_m_min,member_history_observed_fraction_mean,-0.027246649781686713,0.027246649781686713,3691,below_0p80,False,
group_snapshot,member_current_vy_mps_mean,active_vehicle_count,0.02722128764266374,0.02722128764266374,3691,below_0p80,False,
group_snapshot,approaching_vehicle_count,veh2_front_y_m,-0.02719445049581471,0.02719445049581471,3332,below_0p80,False,
group_snapshot,group_old_ratio,member_history_mean_speed_mps_mean,0.027185765067971983,0.027185765067971983,3691,below_0p80,False,
group_snapshot,member_history_mean_speed_mps_max,veh1_history_mean_front_y_m,-0.027179222729211867,0.027179222729211867,3534,below_0p80,False,
group_snapshot,member_history_mean_vy_mps_max,member_window_low_speed_fraction_mean,-0.027166097993595883,0.027166097993595883,3691,below_0p80,False,
group_snapshot,member_history_mean_vy_mps_max,member_window_low_speed_fraction_max,0.027163812805476403,0.027163812805476403,3691,below_0p80,False,
group_snapshot,dbscan_centroid_x_m,dbscan_spread_m,0.027103386103828994,0.027103386103828994,3691,below_0p80,False,
group_snapshot,group_female_ratio,member_history_mean_vy_mps_mean,0.027097035874364774,0.027097035874364774,3691,below_0p80,False,
group_snapshot,member_history_interpolated_fraction_mean,veh2_closing_speed_mps,-0.027024401249792763,0.027024401249792763,3332,below_0p80,False,
group_snapshot,member_distance_to_crossing_line_m_max,member_current_vy_mps_min,-0.02692069110331516,0.02692069110331516,3691,below_0p80,False,
group_snapshot,member_waiting_low_speed_time_sec_mean,active_vehicle_count,0.0268687769578031,0.0268687769578031,3691,below_0p80,False,
group_snapshot,dbscan_mean_vy_mps,group_unknown_gender_ratio,0.02678796750143125,0.02678796750143125,3691,below_0p80,False,
group_snapshot,member_history_mean_speed_mps_mean,veh1_front_y_m,-0.026767821991580898,0.026767821991580898,3534,below_0p80,False,
group_snapshot,member_distance_to_crossing_line_m_max,member_window_low_speed_fraction_min,0.026750871530261875,0.026750871530261875,3691,below_0p80,False,
group_snapshot,group_unknown_age_ratio,member_current_vy_mps_mean,0.026712006865680826,0.026712006865680826,3691,below_0p80,False,
group_snapshot,dbscan_spread_m,veh2_closing_speed_mps,0.02669798706512568,0.02669798706512568,3332,below_0p80,False,
group_snapshot,group_young_ratio,member_history_interpolated_fraction_min,-0.02668829834902745,0.02668829834902745,3691,below_0p80,False,
group_snapshot,group_old_ratio,member_waiting_low_speed_time_sec_min,-0.026645040200247685,0.026645040200247685,3691,below_0p80,False,
group_snapshot,member_history_observed_fraction_min,veh2_ttc_capped_sec,0.026635559219964626,0.026635559219964626,3691,below_0p80,False,
group_snapshot,member_current_speed_mps_mean,veh1_front_y_m,-0.026597738199276435,0.026597738199276435,3534,below_0p80,False,
group_snapshot,member_current_vy_mps_min,veh2_history_observed_fraction,0.026558674690211923,0.026558674690211923,3691,below_0p80,False,
group_snapshot,dbscan_mean_vy_mps,veh1_speed_mps,0.02654756979356307,0.02654756979356307,3504,below_0p80,False,
group_snapshot,member_history_mean_speed_mps_max,veh1_history_front_y_change_m,0.026356984730089576,0.026356984730089576,3534,below_0p80,False,
group_snapshot,member_current_vy_mps_max,member_window_low_speed_fraction_max,-0.02635008252795494,0.02635008252795494,3691,below_0p80,False,
group_snapshot,group_female_ratio,approaching_vehicle_count,-0.026347322411634993,0.026347322411634993,3691,below_0p80,False,
group_snapshot,raw_group_size,dbscan_centroid_x_m,0.02628871377924878,0.02628871377924878,3691,below_0p80,False,
group_snapshot,dbscan_spread_m,active_vehicle_count,-0.026286776302023543,0.026286776302023543,3691,below_0p80,False,
group_snapshot,member_history_max_unobserved_gap_sec_mean,veh1_speed_mps,-0.02627389724378252,0.02627389724378252,3504,below_0p80,False,
group_snapshot,dbscan_centroid_y_m,member_current_speed_mps_min,0.02610044050205266,0.02610044050205266,3691,below_0p80,False,
group_snapshot,member_waiting_low_speed_time_sec_max,veh2_front_y_m,0.026087194171473455,0.026087194171473455,3332,below_0p80,False,
group_snapshot,group_unknown_gender_ratio,member_window_low_speed_fraction_mean,0.02608369159450525,0.02608369159450525,3691,below_0p80,False,
group_snapshot,dbscan_mean_vy_mps,veh1_ttc_capped_sec,-0.026078978975963438,0.026078978975963438,3691,below_0p80,False,
group_snapshot,member_waiting_band_dwell_sec_max,veh3_history_observed_fraction,-0.02604871240876467,0.02604871240876467,3691,below_0p80,False,
group_snapshot,dbscan_mean_vy_mps,active_vehicle_count,0.026009885949670665,0.026009885949670665,3691,below_0p80,False,
group_snapshot,group_male_ratio,member_history_mean_vy_mps_max,-0.025933689563597595,0.025933689563597595,3691,below_0p80,False,
group_snapshot,member_history_mean_speed_mps_max,veh1_closing_speed_mps,-0.025881395423560834,0.025881395423560834,3534,below_0p80,False,
group_snapshot,member_current_vy_mps_max,veh3_history_mean_front_y_m,0.025853549584595417,0.025853549584595417,3114,below_0p80,False,
group_snapshot,member_distance_to_crossing_line_m_min,member_waiting_low_speed_time_sec_mean,0.025769718235574394,0.025769718235574394,3691,below_0p80,False,
group_snapshot,member_current_vy_mps_mean,member_waiting_band_dwell_sec_max,0.02574540354484586,0.02574540354484586,3691,below_0p80,False,
group_snapshot,member_history_observed_fraction_mean,veh1_speed_mps,0.025705168087391338,0.025705168087391338,3504,below_0p80,False,
group_snapshot,member_distance_to_crossing_line_m_mean,member_history_observed_fraction_mean,-0.02569362130405622,0.02569362130405622,3691,below_0p80,False,
group_snapshot,member_history_observed_fraction_max,veh3_history_front_y_change_m,-0.02563491129721326,0.02563491129721326,3114,below_0p80,False,
group_snapshot,dbscan_mean_vy_mps,group_unknown_age_ratio,0.025606178262487043,0.025606178262487043,3691,below_0p80,False,
group_snapshot,approaching_vehicle_count,veh1_history_mean_front_y_m,-0.02556817679766196,0.02556817679766196,3534,below_0p80,False,
group_snapshot,dbscan_mean_vx_mps,veh3_history_mean_front_y_m,-0.025524793503239135,0.025524793503239135,3114,below_0p80,False,
group_snapshot,member_history_mean_vy_mps_min,member_history_observed_fraction_mean,-0.02550506536669221,0.02550506536669221,3691,below_0p80,False,
group_snapshot,member_current_vy_mps_mean,member_waiting_band_dwell_sec_mean,0.025477425579855696,0.025477425579855696,3691,below_0p80,False,
group_snapshot,member_current_speed_mps_min,veh1_front_y_m,-0.025453167299432984,0.025453167299432984,3534,below_0p80,False,
group_snapshot,member_history_y_displacement_m_min,veh1_front_y_m,0.025422751427913663,0.025422751427913663,3534,below_0p80,False,
group_snapshot,member_distance_to_crossing_line_m_max,approaching_vehicle_count,0.02540863463884871,0.02540863463884871,3691,below_0p80,False,
group_snapshot,member_waiting_band_dwell_sec_mean,veh1_history_mean_front_y_m,0.025375959341681475,0.025375959341681475,3534,below_0p80,False,
group_snapshot,member_window_low_speed_fraction_min,veh1_history_observed_fraction,0.025351598616226653,0.025351598616226653,3691,below_0p80,False,
group_snapshot,member_distance_to_crossing_line_m_max,member_history_mean_speed_mps_max,-0.025277616972072054,0.025277616972072054,3691,below_0p80,False,
group_snapshot,member_history_interpolated_fraction_mean,veh1_ttc_capped_sec,0.025272143197892567,0.025272143197892567,3691,below_0p80,False,
group_snapshot,member_waiting_band_dwell_sec_min,veh3_history_observed_fraction,-0.025186803676181452,0.025186803676181452,3691,below_0p80,False,
group_snapshot,member_history_interpolated_fraction_min,veh3_history_mean_front_y_m,-0.025115666531313693,0.025115666531313693,3114,below_0p80,False,
group_snapshot,member_history_max_unobserved_gap_sec_mean,veh3_history_observed_fraction,0.025061833860438316,0.025061833860438316,3691,below_0p80,False,
group_snapshot,member_history_observed_fraction_mean,veh3_history_observed_fraction,-0.02505588878647647,0.02505588878647647,3691,below_0p80,False,
group_snapshot,member_history_interpolated_fraction_max,veh1_history_mean_front_y_m,-0.02505122061005756,0.02505122061005756,3534,below_0p80,False,
group_snapshot,dbscan_mean_vy_mps,member_current_speed_mps_min,-0.024969621620493827,0.024969621620493827,3691,below_0p80,False,
group_snapshot,dbscan_spread_m,veh3_history_observed_fraction,-0.024936981534436783,0.024936981534436783,3691,below_0p80,False,
group_snapshot,raw_waiting_band_eligible_member_count,veh1_front_y_m,-0.02490262904512133,0.02490262904512133,3534,below_0p80,False,
group_snapshot,cohort_eligible_member_count,veh1_front_y_m,-0.02490262904512133,0.02490262904512133,3534,below_0p80,False,
group_snapshot,dbscan_centroid_y_m,member_history_mean_vy_mps_min,0.02489667254690777,0.02489667254690777,3691,below_0p80,False,
group_snapshot,member_current_speed_mps_max,veh3_history_observed_fraction,-0.02486963846505846,0.02486963846505846,3691,below_0p80,False,
group_snapshot,member_history_mean_vy_mps_min,veh3_front_y_m,0.024860774038134067,0.024860774038134067,3114,below_0p80,False,
group_snapshot,veh1_lateral_x_m,veh2_front_y_m,0.024831655268547137,0.024831655268547137,3332,below_0p80,False,
group_snapshot,member_history_observed_fraction_mean,veh3_history_front_y_change_m,0.02480164910639936,0.02480164910639936,3114,below_0p80,False,
group_snapshot,veh1_lateral_x_m,veh2_ttc_capped_sec,-0.024794813745600303,0.024794813745600303,3534,below_0p80,False,
group_snapshot,member_history_observed_fraction_min,veh1_closing_speed_mps,0.02479002416681973,0.02479002416681973,3534,below_0p80,False,
group_snapshot,raw_group_size,stopped_vehicle_count,-0.0247819585288013,0.0247819585288013,3691,below_0p80,False,
group_snapshot,member_waiting_band_dwell_sec_mean,veh2_history_observed_fraction,0.024780110142570904,0.024780110142570904,3691,below_0p80,False,
group_snapshot,member_history_max_unobserved_gap_sec_min,veh2_history_observed_fraction,0.02470526288528128,0.02470526288528128,3691,below_0p80,False,
group_snapshot,group_old_ratio,member_window_low_speed_fraction_mean,-0.02464700488900119,0.02464700488900119,3691,below_0p80,False,
group_snapshot,dbscan_mean_vy_mps,member_waiting_low_speed_time_sec_max,0.02463997053060978,0.02463997053060978,3691,below_0p80,False,
group_snapshot,member_history_observed_fraction_mean,veh3_speed_mps,-0.024576985589255,0.024576985589255,3091,below_0p80,False,
group_snapshot,member_distance_to_crossing_line_m_mean,member_current_vy_mps_min,0.024550889119001856,0.024550889119001856,3691,below_0p80,False,
group_snapshot,member_current_speed_mps_max,veh3_history_mean_front_y_m,-0.0245375360192064,0.0245375360192064,3114,below_0p80,False,
group_snapshot,member_history_y_displacement_m_min,veh3_front_y_m,0.02453650636634755,0.02453650636634755,3114,below_0p80,False,
group_snapshot,member_current_vy_mps_min,veh1_history_front_y_change_m,0.02449438705117612,0.02449438705117612,3534,below_0p80,False,
group_snapshot,raw_group_size,member_history_observed_fraction_max,-0.024478178035675327,0.024478178035675327,3691,below_0p80,False,
group_snapshot,member_history_mean_speed_mps_mean,member_history_y_displacement_m_mean,-0.02446709848305176,0.02446709848305176,3691,below_0p80,False,
group_snapshot,raw_group_size,member_window_low_speed_fraction_mean,0.024425796485684693,0.024425796485684693,3691,below_0p80,False,
group_snapshot,member_distance_to_crossing_line_m_min,veh3_ttc_capped_sec,0.024424743830350645,0.024424743830350645,3691,below_0p80,False,
group_snapshot,eligible_member_fraction_of_group,veh3_history_observed_fraction,-0.02428220194738441,0.02428220194738441,3691,below_0p80,False,
group_snapshot,dbscan_spread_m,veh2_history_observed_fraction,-0.024276288195441045,0.024276288195441045,3691,below_0p80,False,
group_snapshot,member_current_vy_mps_min,veh1_ttc_capped_sec,0.024221992469434232,0.024221992469434232,3691,below_0p80,False,
group_snapshot,group_unknown_age_ratio,veh3_lateral_x_m,-0.02410933161371679,0.02410933161371679,3114,below_0p80,False,
group_snapshot,member_current_vy_mps_max,approaching_vehicle_count,0.024090399840780038,0.024090399840780038,3691,below_0p80,False,
group_snapshot,member_history_y_displacement_m_min,veh2_history_observed_fraction,0.02407965300189503,0.02407965300189503,3691,below_0p80,False,
group_snapshot,member_history_max_unobserved_gap_sec_max,veh1_closing_speed_mps,-0.02407740264120782,0.02407740264120782,3534,below_0p80,False,
group_snapshot,group_male_ratio,member_history_y_displacement_m_max,-0.02406785445170315,0.02406785445170315,3691,below_0p80,False,
group_snapshot,member_history_mean_vy_mps_min,veh1_front_y_m,0.023974043915218946,0.023974043915218946,3534,below_0p80,False,
group_snapshot,member_history_mean_speed_mps_max,veh3_history_observed_fraction,-0.023924734341478297,0.023924734341478297,3691,below_0p80,False,
group_snapshot,member_history_max_unobserved_gap_sec_min,veh3_history_mean_front_y_m,-0.023888452225593666,0.023888452225593666,3114,below_0p80,False,
group_snapshot,member_history_mean_speed_mps_min,veh1_history_mean_front_y_m,-0.023838205584804074,0.023838205584804074,3534,below_0p80,False,
group_snapshot,member_distance_to_crossing_line_m_mean,member_waiting_band_dwell_sec_max,0.023800704614173985,0.023800704614173985,3691,below_0p80,False,
group_snapshot,member_distance_to_crossing_line_m_mean,member_history_max_unobserved_gap_sec_mean,0.02374409197262758,0.02374409197262758,3691,below_0p80,False,
group_snapshot,member_history_interpolated_fraction_min,veh1_front_y_m,-0.023733054062328278,0.023733054062328278,3534,below_0p80,False,
group_snapshot,raw_group_size,member_history_max_unobserved_gap_sec_min,0.023730723407901687,0.023730723407901687,3691,below_0p80,False,
group_snapshot,member_history_max_unobserved_gap_sec_min,veh3_speed_mps,-0.023729002546956035,0.023729002546956035,3091,below_0p80,False,
group_snapshot,member_history_y_displacement_m_min,member_history_max_unobserved_gap_sec_mean,0.023727416233700935,0.023727416233700935,3691,below_0p80,False,
group_snapshot,member_current_vy_mps_mean,veh2_history_observed_fraction,0.023718092296651328,0.023718092296651328,3691,below_0p80,False,
group_snapshot,group_unknown_gender_ratio,veh2_speed_mps,-0.023698437423047895,0.023698437423047895,3299,below_0p80,False,
group_snapshot,member_current_vy_mps_min,member_history_interpolated_fraction_mean,-0.023682503574744447,0.023682503574744447,3691,below_0p80,False,
group_snapshot,member_history_observed_fraction_max,veh2_history_observed_fraction,-0.023674333753867717,0.023674333753867717,3691,below_0p80,False,
group_snapshot,dbscan_centroid_y_m,member_history_y_displacement_m_min,0.02363918040037883,0.02363918040037883,3691,below_0p80,False,
group_snapshot,dbscan_mean_vy_mps,member_waiting_low_speed_time_sec_mean,0.02363741876753714,0.02363741876753714,3691,below_0p80,False,
group_snapshot,group_unknown_gender_ratio,member_history_mean_speed_mps_min,-0.023562305795041573,0.023562305795041573,3691,below_0p80,False,
group_snapshot,eligible_member_fraction_of_group,approaching_vehicle_count,-0.023296290027136415,0.023296290027136415,3691,below_0p80,False,
group_snapshot,veh2_lateral_x_m,veh3_history_mean_front_y_m,-0.02328342658416731,0.02328342658416731,3114,below_0p80,False,
group_snapshot,raw_waiting_band_eligible_member_count,member_distance_to_crossing_line_m_mean,-0.023216760915446152,0.023216760915446152,3691,below_0p80,False,
group_snapshot,cohort_eligible_member_count,member_distance_to_crossing_line_m_mean,-0.023216760915446152,0.023216760915446152,3691,below_0p80,False,
group_snapshot,raw_group_size,veh2_history_mean_front_y_m,0.02321082067147923,0.02321082067147923,3332,below_0p80,False,
group_snapshot,group_male_ratio,member_waiting_low_speed_time_sec_min,0.02320305432442774,0.02320305432442774,3691,below_0p80,False,
group_snapshot,group_young_ratio,member_distance_to_crossing_line_m_min,0.02318320322549584,0.02318320322549584,3691,below_0p80,False,
group_snapshot,group_adult_ratio,veh1_history_observed_fraction,0.023144911491492566,0.023144911491492566,3691,below_0p80,False,
group_snapshot,member_history_mean_vy_mps_mean,veh3_front_y_m,0.023125846456535176,0.023125846456535176,3114,below_0p80,False,
group_snapshot,dbscan_centroid_y_m,member_history_observed_fraction_mean,0.0230481597919084,0.0230481597919084,3691,below_0p80,False,
group_snapshot,member_current_speed_mps_mean,veh2_front_y_m,-0.02301355117025262,0.02301355117025262,3332,below_0p80,False,
group_snapshot,member_distance_to_crossing_line_m_mean,member_history_observed_fraction_min,-0.022933991414157445,0.022933991414157445,3691,below_0p80,False,
group_snapshot,member_history_mean_speed_mps_mean,veh3_front_y_m,-0.022818879297415263,0.022818879297415263,3114,below_0p80,False,
group_snapshot,member_history_y_displacement_m_max,member_window_low_speed_fraction_max,0.022783515492603396,0.022783515492603396,3691,below_0p80,False,
group_snapshot,eligible_member_fraction_of_group,member_history_interpolated_fraction_max,0.022696225108568228,0.022696225108568228,3691,below_0p80,False,
group_snapshot,group_unknown_gender_ratio,member_window_low_speed_fraction_max,0.022656406212120665,0.022656406212120665,3691,below_0p80,False,
group_snapshot,dbscan_mean_vy_mps,veh2_speed_mps,0.02260618313006168,0.02260618313006168,3299,below_0p80,False,
group_snapshot,member_distance_to_crossing_line_m_mean,member_history_observed_fraction_max,-0.022464645214779515,0.022464645214779515,3691,below_0p80,False,
group_snapshot,member_waiting_band_dwell_sec_max,veh3_front_y_m,-0.022450704267891454,0.022450704267891454,3114,below_0p80,False,
group_snapshot,member_waiting_band_dwell_sec_min,veh1_history_observed_fraction,-0.022338548318464997,0.022338548318464997,3691,below_0p80,False,
group_snapshot,member_history_interpolated_fraction_max,veh2_closing_speed_mps,-0.022329006144253545,0.022329006144253545,3332,below_0p80,False,
group_snapshot,member_current_speed_mps_max,veh1_ttc_capped_sec,-0.02230258837538033,0.02230258837538033,3691,below_0p80,False,
group_snapshot,member_history_observed_fraction_min,veh2_history_observed_fraction,-0.02230155665246035,0.02230155665246035,3691,below_0p80,False,
group_snapshot,dbscan_mean_vx_mps,veh1_history_front_y_change_m,0.022265086075915846,0.022265086075915846,3534,below_0p80,False,
group_snapshot,member_history_interpolated_fraction_min,veh3_history_front_y_change_m,0.022237210428646487,0.022237210428646487,3114,below_0p80,False,
group_snapshot,member_current_speed_mps_mean,stopped_vehicle_count,0.022230331933234287,0.022230331933234287,3691,below_0p80,False,
group_snapshot,member_history_mean_vy_mps_min,member_history_max_unobserved_gap_sec_mean,0.02220983024089644,0.02220983024089644,3691,below_0p80,False,
group_snapshot,member_distance_to_crossing_line_m_mean,member_history_max_unobserved_gap_sec_min,0.02218565100181148,0.02218565100181148,3691,below_0p80,False,
group_snapshot,member_history_max_unobserved_gap_sec_max,veh2_ttc_capped_sec,-0.022166505770540697,0.022166505770540697,3691,below_0p80,False,
group_snapshot,member_history_observed_fraction_mean,veh2_history_observed_fraction,-0.02213045594292045,0.02213045594292045,3691,below_0p80,False,
group_snapshot,member_history_max_unobserved_gap_sec_max,veh2_history_observed_fraction,0.022078102844494338,0.022078102844494338,3691,below_0p80,False,
group_snapshot,dbscan_centroid_y_m,veh3_history_mean_front_y_m,0.022058122182173193,0.022058122182173193,3114,below_0p80,False,
group_snapshot,veh1_lateral_x_m,veh3_history_mean_front_y_m,-0.02201646650074789,0.02201646650074789,3114,below_0p80,False,
group_snapshot,raw_group_size,veh3_history_observed_fraction,0.021933398045518318,0.021933398045518318,3691,below_0p80,False,
group_snapshot,member_history_observed_fraction_max,veh3_history_mean_front_y_m,0.021845307169615618,0.021845307169615618,3114,below_0p80,False,
group_snapshot,dbscan_mean_vx_mps,veh3_lateral_x_m,-0.021835171594580673,0.021835171594580673,3114,below_0p80,False,
group_snapshot,dbscan_mean_vx_mps,group_female_ratio,-0.021755687655536763,0.021755687655536763,3691,below_0p80,False,
group_snapshot,cohort_eligible_member_count,veh2_lateral_x_m,-0.02174922277499592,0.02174922277499592,3332,below_0p80,False,
group_snapshot,raw_waiting_band_eligible_member_count,veh2_lateral_x_m,-0.02174922277499592,0.02174922277499592,3332,below_0p80,False,
group_snapshot,member_current_speed_mps_max,stopped_vehicle_count,-0.021702245985470898,0.021702245985470898,3691,below_0p80,False,
group_snapshot,member_history_mean_vy_mps_min,veh2_history_observed_fraction,0.02164651222839302,0.02164651222839302,3691,below_0p80,False,
group_snapshot,member_history_y_displacement_m_mean,active_vehicle_count,0.02163702150863003,0.02163702150863003,3691,below_0p80,False,
group_snapshot,member_history_max_unobserved_gap_sec_mean,veh2_history_observed_fraction,0.021568957115436514,0.021568957115436514,3691,below_0p80,False,
group_snapshot,raw_waiting_band_eligible_member_count,veh1_history_mean_front_y_m,0.02145211158362304,0.02145211158362304,3534,below_0p80,False,
group_snapshot,cohort_eligible_member_count,veh1_history_mean_front_y_m,0.02145211158362304,0.02145211158362304,3534,below_0p80,False,
group_snapshot,group_male_ratio,veh1_history_observed_fraction,0.02138664851642458,0.02138664851642458,3691,below_0p80,False,
group_snapshot,member_distance_to_crossing_line_m_mean,member_waiting_low_speed_time_sec_max,0.02136470677606682,0.02136470677606682,3691,below_0p80,False,
group_snapshot,group_male_ratio,member_current_speed_mps_max,0.021271232164987667,0.021271232164987667,3691,below_0p80,False,
group_snapshot,veh1_front_y_m,veh3_lateral_x_m,0.021248842151026237,0.021248842151026237,3114,below_0p80,False,
group_snapshot,member_history_observed_fraction_min,veh1_history_front_y_change_m,-0.021188072204657283,0.021188072204657283,3534,below_0p80,False,
group_snapshot,member_history_y_displacement_m_mean,veh3_front_y_m,0.02111659953787038,0.02111659953787038,3114,below_0p80,False,
group_snapshot,dbscan_centroid_y_m,member_history_max_unobserved_gap_sec_mean,-0.021107094138636588,0.021107094138636588,3691,below_0p80,False,
group_snapshot,member_distance_to_crossing_line_m_max,veh3_front_y_m,0.02109995532734941,0.02109995532734941,3114,below_0p80,False,
group_snapshot,member_history_interpolated_fraction_mean,veh3_speed_mps,0.021090480604921427,0.021090480604921427,3091,below_0p80,False,
group_snapshot,member_current_vy_mps_max,veh2_speed_mps,0.021021828562823662,0.021021828562823662,3299,below_0p80,False,
group_snapshot,member_waiting_low_speed_time_sec_max,active_vehicle_count,0.020975604633241107,0.020975604633241107,3691,below_0p80,False,
group_snapshot,member_history_interpolated_fraction_mean,veh3_history_observed_fraction,0.020953300476939312,0.020953300476939312,3691,below_0p80,False,
group_snapshot,member_history_max_unobserved_gap_sec_min,veh2_speed_mps,-0.020928752033222198,0.020928752033222198,3299,below_0p80,False,
group_snapshot,raw_waiting_band_eligible_member_count,dbscan_mean_vx_mps,0.020921700647768667,0.020921700647768667,3691,below_0p80,False,
group_snapshot,cohort_eligible_member_count,dbscan_mean_vx_mps,0.020921700647768667,0.020921700647768667,3691,below_0p80,False,
group_snapshot,group_unknown_gender_ratio,member_history_mean_vy_mps_mean,0.02091059563661994,0.02091059563661994,3691,below_0p80,False,
group_snapshot,group_old_ratio,veh3_speed_mps,0.020899622546609903,0.020899622546609903,3091,below_0p80,False,
group_snapshot,raw_group_size,veh1_closing_speed_mps,-0.02084912627976463,0.02084912627976463,3534,below_0p80,False,
group_snapshot,group_unknown_age_ratio,veh1_history_observed_fraction,0.020826518929306835,0.020826518929306835,3691,below_0p80,False,
group_snapshot,group_old_ratio,member_history_mean_speed_mps_max,0.02082096531547963,0.02082096531547963,3691,below_0p80,False,
group_snapshot,dbscan_mean_vx_mps,veh2_history_observed_fraction,0.020726954895440044,0.020726954895440044,3691,below_0p80,False,
group_snapshot,group_unknown_gender_ratio,member_current_vy_mps_mean,0.02068097592099085,0.02068097592099085,3691,below_0p80,False,
group_snapshot,dbscan_mean_vy_mps,veh3_speed_mps,0.02060315137270966,0.02060315137270966,3091,below_0p80,False,
group_snapshot,dbscan_mean_speed_mps,member_distance_to_crossing_line_m_mean,-0.02049661222782843,0.02049661222782843,3691,below_0p80,False,
group_snapshot,member_history_interpolated_fraction_max,veh1_ttc_capped_sec,0.02048917568559883,0.02048917568559883,3691,below_0p80,False,
group_snapshot,eligible_member_fraction_of_group,veh2_front_y_m,0.020443466157072817,0.020443466157072817,3332,below_0p80,False,
group_snapshot,member_history_observed_fraction_mean,veh2_history_mean_front_y_m,0.020410697060465544,0.020410697060465544,3332,below_0p80,False,
group_snapshot,raw_waiting_band_eligible_member_count,group_adult_ratio,0.02035959095694961,0.02035959095694961,3691,below_0p80,False,
group_snapshot,cohort_eligible_member_count,group_adult_ratio,0.02035959095694961,0.02035959095694961,3691,below_0p80,False,
group_snapshot,member_history_max_unobserved_gap_sec_max,veh1_history_front_y_change_m,0.02035127984823554,0.02035127984823554,3534,below_0p80,False,
group_snapshot,group_young_ratio,stopped_vehicle_count,0.020347889898443487,0.020347889898443487,3691,below_0p80,False,
group_snapshot,member_history_observed_fraction_max,veh3_speed_mps,0.02033327644394182,0.02033327644394182,3091,below_0p80,False,
group_snapshot,member_history_mean_speed_mps_max,veh1_ttc_capped_sec,-0.020306248340803936,0.020306248340803936,3691,below_0p80,False,
group_snapshot,eligible_member_fraction_of_group,member_current_vy_mps_mean,-0.020256381496699002,0.020256381496699002,3691,below_0p80,False,
group_snapshot,member_distance_to_crossing_line_m_max,member_history_max_unobserved_gap_sec_min,-0.020248067988087076,0.020248067988087076,3691,below_0p80,False,
group_snapshot,dbscan_mean_vx_mps,member_distance_to_crossing_line_m_max,0.020215989017935296,0.020215989017935296,3691,below_0p80,False,
group_snapshot,member_history_mean_speed_mps_mean,stopped_vehicle_count,0.020213186688685523,0.020213186688685523,3691,below_0p80,False,
group_snapshot,member_distance_to_crossing_line_m_max,member_history_observed_fraction_max,0.020175941068140833,0.020175941068140833,3691,below_0p80,False,
group_snapshot,member_distance_to_crossing_line_m_mean,member_history_max_unobserved_gap_sec_max,0.020091966538658263,0.020091966538658263,3691,below_0p80,False,
group_snapshot,raw_group_size,veh3_front_y_m,0.02007115903276731,0.02007115903276731,3114,below_0p80,False,
group_snapshot,member_history_y_displacement_m_mean,veh2_history_observed_fraction,0.020043129707924028,0.020043129707924028,3691,below_0p80,False,
group_snapshot,group_adult_ratio,member_history_interpolated_fraction_mean,0.019997666727146184,0.019997666727146184,3691,below_0p80,False,
group_snapshot,dbscan_mean_vx_mps,veh2_front_y_m,-0.019877402822128278,0.019877402822128278,3332,below_0p80,False,
group_snapshot,member_history_interpolated_fraction_min,veh2_history_observed_fraction,0.019729722378910863,0.019729722378910863,3691,below_0p80,False,
group_snapshot,member_history_max_unobserved_gap_sec_mean,veh2_history_front_y_change_m,0.019723073974888698,0.019723073974888698,3332,below_0p80,False,
group_snapshot,member_waiting_band_dwell_sec_max,veh1_front_y_m,-0.019580615656915545,0.019580615656915545,3534,below_0p80,False,
group_snapshot,group_old_ratio,member_window_low_speed_fraction_max,-0.019563494285418502,0.019563494285418502,3691,below_0p80,False,
group_snapshot,member_history_mean_vy_mps_mean,active_vehicle_count,0.01942954140605742,0.01942954140605742,3691,below_0p80,False,
group_snapshot,member_window_low_speed_fraction_mean,veh3_history_observed_fraction,0.019391317038659164,0.019391317038659164,3691,below_0p80,False,
group_snapshot,raw_waiting_band_eligible_member_count,member_window_low_speed_fraction_min,0.019373720903046798,0.019373720903046798,3691,below_0p80,False,
group_snapshot,cohort_eligible_member_count,member_window_low_speed_fraction_min,0.019373720903046798,0.019373720903046798,3691,below_0p80,False,
group_snapshot,member_waiting_band_dwell_sec_mean,veh3_front_y_m,-0.01928217192780474,0.01928217192780474,3114,below_0p80,False,
group_snapshot,group_old_ratio,veh2_lateral_x_m,-0.01927281197826184,0.01927281197826184,3332,below_0p80,False,
group_snapshot,member_history_max_unobserved_gap_sec_mean,veh3_history_front_y_change_m,-0.019159088507725207,0.019159088507725207,3114,below_0p80,False,
group_snapshot,dbscan_spread_m,dbscan_mean_vx_mps,-0.019138622405158626,0.019138622405158626,3691,below_0p80,False,
group_snapshot,group_male_ratio,member_current_speed_mps_mean,0.01911464376455289,0.01911464376455289,3691,below_0p80,False,
group_snapshot,member_waiting_band_dwell_sec_min,veh3_front_y_m,-0.019077975753669627,0.019077975753669627,3114,below_0p80,False,
group_snapshot,member_current_vy_mps_max,member_history_interpolated_fraction_min,-0.019070474511124716,0.019070474511124716,3691,below_0p80,False,
group_snapshot,dbscan_mean_speed_mps,stopped_vehicle_count,0.019069064581672304,0.019069064581672304,3691,below_0p80,False,
group_snapshot,member_window_low_speed_fraction_max,veh1_history_observed_fraction,0.019003667358205995,0.019003667358205995,3691,below_0p80,False,
group_snapshot,member_current_vy_mps_mean,veh2_speed_mps,0.01896046191041604,0.01896046191041604,3299,below_0p80,False,
group_snapshot,member_waiting_band_dwell_sec_mean,veh2_front_y_m,0.018949909728194003,0.018949909728194003,3332,below_0p80,False,
group_snapshot,member_distance_to_crossing_line_m_mean,approaching_vehicle_count,0.01894682507147522,0.01894682507147522,3691,below_0p80,False,
group_snapshot,member_current_speed_mps_max,veh1_history_mean_front_y_m,-0.018924996812006552,0.018924996812006552,3534,below_0p80,False,
group_snapshot,member_history_observed_fraction_max,veh2_speed_mps,0.018924148890032876,0.018924148890032876,3299,below_0p80,False,
group_snapshot,member_history_max_unobserved_gap_sec_mean,veh2_history_mean_front_y_m,-0.018920874507699494,0.018920874507699494,3332,below_0p80,False,
group_snapshot,member_history_mean_speed_mps_mean,veh3_history_observed_fraction,-0.01890076969878161,0.01890076969878161,3691,below_0p80,False,
group_snapshot,member_current_vy_mps_min,veh3_history_observed_fraction,0.01878464149732477,0.01878464149732477,3691,below_0p80,False,
group_snapshot,member_history_max_unobserved_gap_sec_min,veh2_front_y_m,-0.01876402048516651,0.01876402048516651,3332,below_0p80,False,
group_snapshot,member_window_low_speed_fraction_mean,veh1_history_observed_fraction,0.018741030920437853,0.018741030920437853,3691,below_0p80,False,
group_snapshot,group_adult_ratio,member_history_interpolated_fraction_max,0.018719517448449675,0.018719517448449675,3691,below_0p80,False,
group_snapshot,member_current_vy_mps_max,veh1_front_y_m,-0.01870550036905932,0.01870550036905932,3534,below_0p80,False,
group_snapshot,dbscan_centroid_y_m,member_history_observed_fraction_min,0.01867770328991854,0.01867770328991854,3691,below_0p80,False,
group_snapshot,group_old_ratio,veh3_history_mean_front_y_m,0.01866423083215631,0.01866423083215631,3114,below_0p80,False,
group_snapshot,member_history_interpolated_fraction_mean,veh3_history_front_y_change_m,-0.01864754519464455,0.01864754519464455,3114,below_0p80,False,
group_snapshot,group_male_ratio,member_current_vy_mps_min,-0.018629109346985535,0.018629109346985535,3691,below_0p80,False,
group_snapshot,dbscan_centroid_y_m,dbscan_mean_vx_mps,-0.018592629806332677,0.018592629806332677,3691,below_0p80,False,
group_snapshot,member_distance_to_crossing_line_m_mean,member_current_speed_mps_min,-0.01850482365339653,0.01850482365339653,3691,below_0p80,False,
group_snapshot,member_history_observed_fraction_min,veh3_history_observed_fraction,-0.018407230566043577,0.018407230566043577,3691,below_0p80,False,
group_snapshot,member_history_max_unobserved_gap_sec_max,veh3_history_observed_fraction,0.018397834576815708,0.018397834576815708,3691,below_0p80,False,
group_snapshot,member_history_observed_fraction_max,veh2_front_y_m,0.018367639488153488,0.018367639488153488,3332,below_0p80,False,
group_snapshot,dbscan_mean_vx_mps,member_distance_to_crossing_line_m_mean,0.01836064506980424,0.01836064506980424,3691,below_0p80,False,
group_snapshot,member_history_max_unobserved_gap_sec_mean,veh3_speed_mps,0.01832462516452123,0.01832462516452123,3091,below_0p80,False,
group_snapshot,member_history_y_displacement_m_max,veh1_history_mean_front_y_m,0.01827346841393241,0.01827346841393241,3534,below_0p80,False,
group_snapshot,member_current_vy_mps_mean,veh2_ttc_capped_sec,-0.018220877255147233,0.018220877255147233,3691,below_0p80,False,
group_snapshot,group_unknown_gender_ratio,member_history_y_displacement_m_mean,0.018195322862760703,0.018195322862760703,3691,below_0p80,False,
group_snapshot,member_history_max_unobserved_gap_sec_max,veh1_speed_mps,-0.01813335478965229,0.01813335478965229,3504,below_0p80,False,
group_snapshot,member_current_vy_mps_mean,member_window_low_speed_fraction_min,0.018116843448661924,0.018116843448661924,3691,below_0p80,False,
group_snapshot,eligible_member_fraction_of_group,veh2_lateral_x_m,0.018031848805540762,0.018031848805540762,3332,below_0p80,False,
group_snapshot,member_history_observed_fraction_mean,veh2_ttc_capped_sec,0.018022005396233966,0.018022005396233966,3691,below_0p80,False,
group_snapshot,veh3_lateral_x_m,veh3_history_mean_front_y_m,0.018004594440579794,0.018004594440579794,3114,below_0p80,False,
group_snapshot,dbscan_mean_vx_mps,active_vehicle_count,-0.017994494062512082,0.017994494062512082,3691,below_0p80,False,
group_snapshot,raw_group_size,veh1_speed_mps,-0.01798002276563998,0.01798002276563998,3504,below_0p80,False,
group_snapshot,member_current_vy_mps_mean,member_waiting_band_dwell_sec_min,0.01795115530114888,0.01795115530114888,3691,below_0p80,False,
group_snapshot,raw_group_size,veh1_history_mean_front_y_m,-0.017933448720027778,0.017933448720027778,3534,below_0p80,False,
group_snapshot,eligible_member_fraction_of_group,member_current_speed_mps_max,0.01791465451314964,0.01791465451314964,3691,below_0p80,False,
group_snapshot,raw_group_size,member_current_vy_mps_mean,-0.01789734658208108,0.01789734658208108,3691,below_0p80,False,
group_snapshot,member_history_observed_fraction_min,veh1_speed_mps,0.017893509462799294,0.017893509462799294,3504,below_0p80,False,
group_snapshot,member_history_max_unobserved_gap_sec_max,stopped_vehicle_count,0.017866950309295915,0.017866950309295915,3691,below_0p80,False,
group_snapshot,member_history_observed_fraction_mean,veh2_history_front_y_change_m,-0.017793941496822167,0.017793941496822167,3332,below_0p80,False,
group_snapshot,veh1_lateral_x_m,veh3_speed_mps,-0.01767341318516126,0.01767341318516126,3091,below_0p80,False,
group_snapshot,raw_group_size,veh2_history_observed_fraction,0.017666512614019258,0.017666512614019258,3691,below_0p80,False,
group_snapshot,dbscan_mean_vy_mps,member_waiting_low_speed_time_sec_min,0.017645634845959244,0.017645634845959244,3691,below_0p80,False,
group_snapshot,member_history_mean_vy_mps_max,veh1_history_mean_front_y_m,0.017635662210029258,0.017635662210029258,3534,below_0p80,False,
group_snapshot,member_current_vy_mps_min,veh1_closing_speed_mps,-0.017490876358771956,0.017490876358771956,3534,below_0p80,False,
group_snapshot,member_history_interpolated_fraction_min,veh3_speed_mps,-0.01732480851645525,0.01732480851645525,3091,below_0p80,False,
group_snapshot,raw_group_size,dbscan_mean_vx_mps,-0.017255669342264166,0.017255669342264166,3691,below_0p80,False,
group_snapshot,member_history_observed_fraction_min,stopped_vehicle_count,-0.01722980065406369,0.01722980065406369,3691,below_0p80,False,
group_snapshot,dbscan_centroid_x_m,member_waiting_band_dwell_sec_mean,-0.017223050100041278,0.017223050100041278,3691,below_0p80,False,
group_snapshot,dbscan_mean_speed_mps,veh1_history_observed_fraction,-0.01715210373234527,0.01715210373234527,3691,below_0p80,False,
group_snapshot,dbscan_mean_vx_mps,veh1_history_mean_front_y_m,-0.017063205817189248,0.017063205817189248,3534,below_0p80,False,
group_snapshot,member_waiting_low_speed_time_sec_max,veh3_front_y_m,-0.017055727040275394,0.017055727040275394,3114,below_0p80,False,
group_snapshot,group_male_ratio,veh2_ttc_capped_sec,0.01699323693934955,0.01699323693934955,3691,below_0p80,False,
group_snapshot,member_current_vy_mps_mean,veh1_ttc_capped_sec,-0.016915359413518752,0.016915359413518752,3691,below_0p80,False,
group_snapshot,dbscan_mean_vx_mps,member_distance_to_crossing_line_m_min,0.016892032882682793,0.016892032882682793,3691,below_0p80,False,
group_snapshot,dbscan_mean_vy_mps,veh2_ttc_capped_sec,-0.016828286469188877,0.016828286469188877,3691,below_0p80,False,
group_snapshot,raw_waiting_band_eligible_member_count,dbscan_mean_vy_mps,-0.016795028027961338,0.016795028027961338,3691,below_0p80,False,
group_snapshot,cohort_eligible_member_count,dbscan_mean_vy_mps,-0.016795028027961338,0.016795028027961338,3691,below_0p80,False,
group_snapshot,member_history_interpolated_fraction_mean,veh2_history_observed_fraction,0.016736691634818127,0.016736691634818127,3691,below_0p80,False,
group_snapshot,cohort_eligible_member_count,veh3_front_y_m,0.01666296486903722,0.01666296486903722,3114,below_0p80,False,
group_snapshot,raw_waiting_band_eligible_member_count,veh3_front_y_m,0.01666296486903722,0.01666296486903722,3114,below_0p80,False,
group_snapshot,group_unknown_age_ratio,veh2_history_observed_fraction,-0.016660230673292434,0.016660230673292434,3691,below_0p80,False,
group_snapshot,group_old_ratio,member_history_interpolated_fraction_mean,-0.016619439444703205,0.016619439444703205,3691,below_0p80,False,
group_snapshot,member_current_speed_mps_mean,veh3_history_observed_fraction,-0.016576585779738303,0.016576585779738303,3691,below_0p80,False,
group_snapshot,group_male_ratio,veh2_closing_speed_mps,0.016541081820578556,0.016541081820578556,3332,below_0p80,False,
group_snapshot,group_unknown_age_ratio,member_history_interpolated_fraction_min,0.016539257043372942,0.016539257043372942,3691,below_0p80,False,
group_snapshot,member_distance_to_crossing_line_m_mean,member_current_vy_mps_mean,-0.016531116235624085,0.016531116235624085,3691,below_0p80,False,
group_snapshot,dbscan_mean_speed_mps,veh3_front_y_m,-0.016526454504987097,0.016526454504987097,3114,below_0p80,False,
group_snapshot,member_distance_to_crossing_line_m_max,veh2_lateral_x_m,0.016506940153577458,0.016506940153577458,3332,below_0p80,False,
group_snapshot,group_male_ratio,veh2_speed_mps,-0.016404204551344826,0.016404204551344826,3299,below_0p80,False,
group_snapshot,member_history_interpolated_fraction_max,veh2_history_observed_fraction,0.016395588902747893,0.016395588902747893,3691,below_0p80,False,
group_snapshot,member_current_speed_mps_mean,veh3_front_y_m,-0.016383207793734762,0.016383207793734762,3114,below_0p80,False,
group_snapshot,dbscan_mean_vx_mps,group_unknown_gender_ratio,-0.01637138261554226,0.01637138261554226,3691,below_0p80,False,
group_snapshot,member_history_observed_fraction_min,veh2_history_mean_front_y_m,0.01636293610384178,0.01636293610384178,3332,below_0p80,False,
group_snapshot,veh1_ttc_capped_sec,veh3_lateral_x_m,-0.016346611100929023,0.016346611100929023,3114,below_0p80,False,
group_snapshot,dbscan_centroid_x_m,dbscan_mean_vy_mps,-0.01630983368886879,0.01630983368886879,3691,below_0p80,False,
group_snapshot,member_history_mean_vy_mps_mean,veh2_history_observed_fraction,0.016203233232093044,0.016203233232093044,3691,below_0p80,False,
group_snapshot,group_old_ratio,member_history_interpolated_fraction_max,-0.016164081003456825,0.016164081003456825,3691,below_0p80,False,
group_snapshot,dbscan_mean_vy_mps,member_window_low_speed_fraction_min,0.016117432289792098,0.016117432289792098,3691,below_0p80,False,
group_snapshot,raw_waiting_band_eligible_member_count,veh3_history_observed_fraction,-0.015936994913280544,0.015936994913280544,3691,below_0p80,False,
group_snapshot,cohort_eligible_member_count,veh3_history_observed_fraction,-0.015936994913280544,0.015936994913280544,3691,below_0p80,False,
group_snapshot,dbscan_mean_speed_mps,veh1_ttc_capped_sec,0.015876478140568695,0.015876478140568695,3691,below_0p80,False,
group_snapshot,group_male_ratio,member_current_vy_mps_mean,-0.015837756732271144,0.015837756732271144,3691,below_0p80,False,
group_snapshot,dbscan_mean_vy_mps,group_female_ratio,-0.015829366159261508,0.015829366159261508,3691,below_0p80,False,
group_snapshot,member_distance_to_crossing_line_m_min,member_current_vy_mps_mean,-0.01568887669631657,0.01568887669631657,3691,below_0p80,False,
group_snapshot,dbscan_centroid_y_m,member_history_max_unobserved_gap_sec_max,-0.015682614922384864,0.015682614922384864,3691,below_0p80,False,
group_snapshot,dbscan_spread_m,veh1_history_observed_fraction,-0.015529737687057777,0.015529737687057777,3691,below_0p80,False,
group_snapshot,member_history_max_unobserved_gap_sec_mean,veh2_ttc_capped_sec,-0.015489249316382101,0.015489249316382101,3691,below_0p80,False,
group_snapshot,dbscan_mean_vy_mps,veh3_closing_speed_mps,0.015439512049269652,0.015439512049269652,3114,below_0p80,False,
group_snapshot,dbscan_mean_vx_mps,group_unknown_age_ratio,0.01539175937294425,0.01539175937294425,3691,below_0p80,False,
group_snapshot,member_current_vy_mps_mean,veh3_history_observed_fraction,0.015267657174658255,0.015267657174658255,3691,below_0p80,False,
group_snapshot,dbscan_mean_vx_mps,member_history_max_unobserved_gap_sec_max,0.015251775024865516,0.015251775024865516,3691,below_0p80,False,
group_snapshot,group_young_ratio,member_history_interpolated_fraction_mean,-0.015122277760034494,0.015122277760034494,3691,below_0p80,False,
group_snapshot,member_history_y_displacement_m_max,veh2_history_mean_front_y_m,0.015069081209992313,0.015069081209992313,3332,below_0p80,False,
group_snapshot,member_distance_to_crossing_line_m_mean,veh3_history_mean_front_y_m,-0.015056700249585869,0.015056700249585869,3114,below_0p80,False,
group_snapshot,dbscan_spread_m,veh1_closing_speed_mps,0.015049760846468148,0.015049760846468148,3534,below_0p80,False,
group_snapshot,member_history_interpolated_fraction_max,veh3_history_observed_fraction,0.015027841302592989,0.015027841302592989,3691,below_0p80,False,
group_snapshot,group_young_ratio,veh2_history_observed_fraction,-0.015027360654081555,0.015027360654081555,3691,below_0p80,False,
group_snapshot,member_distance_to_crossing_line_m_min,member_history_max_unobserved_gap_sec_max,-0.01501140092358191,0.01501140092358191,3691,below_0p80,False,
group_snapshot,member_current_vy_mps_max,veh2_history_front_y_change_m,-0.014936334612359568,0.014936334612359568,3332,below_0p80,False,
group_snapshot,dbscan_spread_m,member_history_mean_vy_mps_mean,-0.014879492124012718,0.014879492124012718,3691,below_0p80,False,
group_snapshot,member_history_max_unobserved_gap_sec_max,veh3_front_y_m,0.014867462936248042,0.014867462936248042,3114,below_0p80,False,
group_snapshot,dbscan_mean_vx_mps,member_history_max_unobserved_gap_sec_min,0.014866373219664742,0.014866373219664742,3691,below_0p80,False,
group_snapshot,dbscan_mean_vy_mps,member_window_low_speed_fraction_max,0.014820797957654126,0.014820797957654126,3691,below_0p80,False,
group_snapshot,dbscan_mean_vx_mps,member_history_max_unobserved_gap_sec_mean,0.014783898249653737,0.014783898249653737,3691,below_0p80,False,
group_snapshot,member_distance_to_crossing_line_m_max,veh3_history_front_y_change_m,0.014780680990497914,0.014780680990497914,3114,below_0p80,False,
group_snapshot,member_history_mean_vy_mps_max,veh1_front_y_m,-0.014773168489148452,0.014773168489148452,3534,below_0p80,False,
group_snapshot,group_unknown_age_ratio,member_history_interpolated_fraction_max,0.014692632826830377,0.014692632826830377,3691,below_0p80,False,
group_snapshot,member_current_vy_mps_min,veh2_history_mean_front_y_m,-0.01462882570319008,0.01462882570319008,3332,below_0p80,False,
group_snapshot,member_window_low_speed_fraction_max,veh3_history_observed_fraction,0.01461610445031311,0.01461610445031311,3691,below_0p80,False,
group_snapshot,member_history_y_displacement_m_max,veh1_front_y_m,-0.014599558440150128,0.014599558440150128,3534,below_0p80,False,
group_snapshot,member_distance_to_crossing_line_m_max,member_current_vy_mps_mean,-0.014510866708466467,0.014510866708466467,3691,below_0p80,False,
group_snapshot,dbscan_mean_vy_mps,member_window_low_speed_fraction_mean,0.01446606736233364,0.01446606736233364,3691,below_0p80,False,
group_snapshot,raw_waiting_band_eligible_member_count,veh2_history_observed_fraction,0.014427284682606718,0.014427284682606718,3691,below_0p80,False,
group_snapshot,cohort_eligible_member_count,veh2_history_observed_fraction,0.014427284682606718,0.014427284682606718,3691,below_0p80,False,
group_snapshot,member_history_observed_fraction_min,veh3_history_mean_front_y_m,-0.01438983034424555,0.01438983034424555,3114,below_0p80,False,
group_snapshot,member_history_max_unobserved_gap_sec_max,veh2_history_mean_front_y_m,-0.014359669167158038,0.014359669167158038,3332,below_0p80,False,
group_snapshot,group_unknown_age_ratio,member_history_interpolated_fraction_mean,0.014358851623771037,0.014358851623771037,3691,below_0p80,False,
group_snapshot,member_history_mean_vy_mps_max,veh2_lateral_x_m,-0.014313137723477774,0.014313137723477774,3332,below_0p80,False,
group_snapshot,dbscan_mean_vy_mps,veh3_history_front_y_change_m,-0.014281581990320884,0.014281581990320884,3114,below_0p80,False,
group_snapshot,dbscan_mean_vx_mps,member_waiting_low_speed_time_sec_mean,0.014249346374568905,0.014249346374568905,3691,below_0p80,False,
group_snapshot,member_current_vy_mps_min,veh1_history_observed_fraction,0.014242326196927136,0.014242326196927136,3691,below_0p80,False,
group_snapshot,group_old_ratio,member_history_observed_fraction_mean,0.014233411614708787,0.014233411614708787,3691,below_0p80,False,
group_snapshot,member_history_mean_speed_mps_max,veh3_front_y_m,-0.014224783991236903,0.014224783991236903,3114,below_0p80,False,
group_snapshot,member_history_max_unobserved_gap_sec_max,veh2_history_front_y_change_m,0.014193506229628311,0.014193506229628311,3332,below_0p80,False,
group_snapshot,member_current_speed_mps_min,veh3_history_observed_fraction,0.01415091050730057,0.01415091050730057,3691,below_0p80,False,
group_snapshot,raw_waiting_band_eligible_member_count,member_history_mean_vy_mps_mean,-0.01411021998747883,0.01411021998747883,3691,below_0p80,False,
group_snapshot,cohort_eligible_member_count,member_history_mean_vy_mps_mean,-0.01411021998747883,0.01411021998747883,3691,below_0p80,False,
group_snapshot,member_history_y_displacement_m_max,veh2_lateral_x_m,-0.014079776876270845,0.014079776876270845,3332,below_0p80,False,
group_snapshot,dbscan_centroid_x_m,member_current_vy_mps_max,0.014047512331417673,0.014047512331417673,3691,below_0p80,False,
group_snapshot,member_current_speed_mps_mean,veh1_ttc_capped_sec,0.013993974153519051,0.013993974153519051,3691,below_0p80,False,
group_snapshot,group_young_ratio,member_history_observed_fraction_mean,0.013979923029473611,0.013979923029473611,3691,below_0p80,False,
group_snapshot,member_history_max_unobserved_gap_sec_mean,veh2_closing_speed_mps,-0.013971805515179153,0.013971805515179153,3332,below_0p80,False,
group_snapshot,member_current_vy_mps_max,veh1_speed_mps,0.013923647537798019,0.013923647537798019,3504,below_0p80,False,
group_snapshot,member_history_mean_speed_mps_max,veh1_history_observed_fraction,-0.013919897806471643,0.013919897806471643,3691,below_0p80,False,
group_snapshot,group_old_ratio,member_history_observed_fraction_max,0.01390778463126358,0.01390778463126358,3691,below_0p80,False,
group_snapshot,member_history_mean_speed_mps_min,member_history_y_displacement_m_max,0.013878186476080624,0.013878186476080624,3691,below_0p80,False,
group_snapshot,dbscan_mean_vx_mps,member_current_speed_mps_max,0.013865627521583185,0.013865627521583185,3691,below_0p80,False,
group_snapshot,member_history_max_unobserved_gap_sec_mean,veh1_history_mean_front_y_m,-0.013860691999930846,0.013860691999930846,3534,below_0p80,False,
group_snapshot,member_history_y_displacement_m_min,veh3_history_observed_fraction,0.013839153581503217,0.013839153581503217,3691,below_0p80,False,
group_snapshot,member_history_observed_fraction_mean,veh2_front_y_m,0.013829697919121392,0.013829697919121392,3332,below_0p80,False,
group_snapshot,member_history_observed_fraction_mean,veh1_history_mean_front_y_m,0.013776621184278326,0.013776621184278326,3534,below_0p80,False,
group_snapshot,member_history_observed_fraction_min,veh3_front_y_m,-0.013703976719093026,0.013703976719093026,3114,below_0p80,False,
group_snapshot,raw_group_size,veh3_lateral_x_m,-0.013664500913729737,0.013664500913729737,3114,below_0p80,False,
group_snapshot,member_history_observed_fraction_min,veh2_front_y_m,0.013661949692609577,0.013661949692609577,3332,below_0p80,False,
group_snapshot,member_waiting_band_dwell_sec_min,veh1_ttc_capped_sec,-0.013660977904820232,0.013660977904820232,3691,below_0p80,False,
group_snapshot,member_current_vy_mps_max,active_vehicle_count,-0.013644098800286312,0.013644098800286312,3691,below_0p80,False,
group_snapshot,member_history_mean_vy_mps_max,veh2_history_mean_front_y_m,0.013553080980284574,0.013553080980284574,3332,below_0p80,False,
group_snapshot,member_waiting_band_dwell_sec_max,veh1_history_mean_front_y_m,0.013521486545673011,0.013521486545673011,3534,below_0p80,False,
group_snapshot,group_old_ratio,member_history_observed_fraction_min,0.013503245240945125,0.013503245240945125,3691,below_0p80,False,
group_snapshot,member_distance_to_crossing_line_m_max,veh3_speed_mps,-0.013483231229306631,0.013483231229306631,3091,below_0p80,False,
group_snapshot,raw_group_size,member_distance_to_crossing_line_m_mean,0.013482555610421847,0.013482555610421847,3691,below_0p80,False,
group_snapshot,member_history_mean_vy_mps_max,veh2_front_y_m,-0.013455148550586646,0.013455148550586646,3332,below_0p80,False,
group_snapshot,member_distance_to_crossing_line_m_min,member_history_interpolated_fraction_mean,0.013447135154315613,0.013447135154315613,3691,below_0p80,False,
group_snapshot,veh2_history_mean_front_y_m,veh3_lateral_x_m,-0.013415742068927598,0.013415742068927598,3114,below_0p80,False,
group_snapshot,member_current_vy_mps_min,member_history_max_unobserved_gap_sec_mean,-0.013398967882509159,0.013398967882509159,3691,below_0p80,False,
group_snapshot,member_current_vy_mps_mean,member_window_low_speed_fraction_mean,0.013385642092655642,0.013385642092655642,3691,below_0p80,False,
group_snapshot,group_unknown_gender_ratio,veh2_lateral_x_m,0.013320070280913872,0.013320070280913872,3332,below_0p80,False,
group_snapshot,dbscan_mean_vx_mps,member_history_observed_fraction_max,-0.01331105282662477,0.01331105282662477,3691,below_0p80,False,
group_snapshot,eligible_member_fraction_of_group,group_young_ratio,-0.013310230421249614,0.013310230421249614,3691,below_0p80,False,
group_snapshot,member_distance_to_crossing_line_m_min,member_history_observed_fraction_min,0.013295009594801482,0.013295009594801482,3691,below_0p80,False,
group_snapshot,member_current_vy_mps_mean,veh1_history_observed_fraction,0.013273346251613917,0.013273346251613917,3691,below_0p80,False,
group_snapshot,member_history_mean_speed_mps_mean,veh1_history_observed_fraction,-0.013128203390614934,0.013128203390614934,3691,below_0p80,False,
group_snapshot,member_current_vy_mps_mean,veh3_speed_mps,0.013008080497523243,0.013008080497523243,3091,below_0p80,False,
group_snapshot,group_male_ratio,veh2_lateral_x_m,0.012963521536458193,0.012963521536458193,3332,below_0p80,False,
group_snapshot,member_current_speed_mps_max,veh1_history_front_y_change_m,0.012916641109623178,0.012916641109623178,3534,below_0p80,False,
group_snapshot,member_history_max_unobserved_gap_sec_max,veh3_history_mean_front_y_m,0.012884051912895192,0.012884051912895192,3114,below_0p80,False,
group_snapshot,dbscan_mean_vy_mps,veh3_ttc_capped_sec,-0.012847403947263974,0.012847403947263974,3691,below_0p80,False,
group_snapshot,member_waiting_band_dwell_sec_max,active_vehicle_count,-0.012803567659443396,0.012803567659443396,3691,below_0p80,False,
group_snapshot,member_history_y_displacement_m_max,veh2_front_y_m,-0.012769599129074835,0.012769599129074835,3332,below_0p80,False,
group_snapshot,dbscan_mean_vy_mps,veh2_history_observed_fraction,0.012711527149367229,0.012711527149367229,3691,below_0p80,False,
group_snapshot,group_old_ratio,member_history_max_unobserved_gap_sec_min,-0.012710970849490471,0.012710970849490471,3691,below_0p80,False,
group_snapshot,dbscan_mean_vx_mps,member_waiting_low_speed_time_sec_max,0.012687462889479728,0.012687462889479728,3691,below_0p80,False,
group_snapshot,member_current_speed_mps_max,veh1_closing_speed_mps,-0.012636097016036171,0.012636097016036171,3534,below_0p80,False,
group_snapshot,member_history_mean_vy_mps_min,member_history_interpolated_fraction_max,-0.01254197217553377,0.01254197217553377,3691,below_0p80,False,
group_snapshot,veh2_lateral_x_m,veh3_history_front_y_change_m,0.01253769800393998,0.01253769800393998,3114,below_0p80,False,
group_snapshot,dbscan_mean_vy_mps,member_history_mean_speed_mps_min,-0.012511745932426956,0.012511745932426956,3691,below_0p80,False,
group_snapshot,group_male_ratio,member_history_mean_speed_mps_max,0.012489056092112065,0.012489056092112065,3691,below_0p80,False,
group_snapshot,member_distance_to_crossing_line_m_mean,veh3_ttc_capped_sec,0.012470414727638175,0.012470414727638175,3691,below_0p80,False,
group_snapshot,raw_waiting_band_eligible_member_count,member_history_y_displacement_m_mean,-0.012451267251116345,0.012451267251116345,3691,below_0p80,False,
group_snapshot,cohort_eligible_member_count,member_history_y_displacement_m_mean,-0.012451267251116345,0.012451267251116345,3691,below_0p80,False,
group_snapshot,member_history_interpolated_fraction_min,veh3_front_y_m,-0.012422708314672685,0.012422708314672685,3114,below_0p80,False,
group_snapshot,member_history_y_displacement_m_min,member_history_interpolated_fraction_max,-0.012414806818855553,0.012414806818855553,3691,below_0p80,False,
group_snapshot,member_history_observed_fraction_mean,veh2_closing_speed_mps,0.012395358257550036,0.012395358257550036,3332,below_0p80,False,
group_snapshot,group_old_ratio,member_current_speed_mps_min,0.01238183001452719,0.01238183001452719,3691,below_0p80,False,
group_snapshot,member_waiting_low_speed_time_sec_mean,veh3_front_y_m,-0.012368901967736606,0.012368901967736606,3114,below_0p80,False,
group_snapshot,dbscan_spread_m,member_current_vy_mps_mean,-0.01234289546208908,0.01234289546208908,3691,below_0p80,False,
group_snapshot,dbscan_spread_m,veh2_front_y_m,0.012325443246027362,0.012325443246027362,3332,below_0p80,False,
group_snapshot,member_waiting_band_dwell_sec_max,veh2_front_y_m,0.012296539800305345,0.012296539800305345,3332,below_0p80,False,
group_snapshot,member_current_vy_mps_min,veh2_ttc_capped_sec,0.012219388218633323,0.012219388218633323,3691,below_0p80,False,
group_snapshot,dbscan_mean_vx_mps,group_old_ratio,-0.012180463367946493,0.012180463367946493,3691,below_0p80,False,
group_snapshot,member_waiting_band_dwell_sec_min,veh2_history_observed_fraction,0.01215060710128203,0.01215060710128203,3691,below_0p80,False,
group_snapshot,member_history_max_unobserved_gap_sec_mean,veh3_front_y_m,0.012135485309639081,0.012135485309639081,3114,below_0p80,False,
group_snapshot,group_unknown_gender_ratio,veh1_front_y_m,-0.012123557725923585,0.012123557725923585,3534,below_0p80,False,
group_snapshot,member_history_mean_vy_mps_min,veh3_history_observed_fraction,0.012123007106100514,0.012123007106100514,3691,below_0p80,False,
group_snapshot,member_history_observed_fraction_mean,veh3_front_y_m,-0.012096270540435973,0.012096270540435973,3114,below_0p80,False,
group_snapshot,dbscan_mean_vx_mps,member_history_interpolated_fraction_mean,0.012078290804762498,0.012078290804762498,3691,below_0p80,False,
group_snapshot,veh1_history_mean_front_y_m,veh3_lateral_x_m,0.01207723587255286,0.01207723587255286,3114,below_0p80,False,
group_snapshot,member_history_mean_speed_mps_max,stopped_vehicle_count,-0.012067588216878927,0.012067588216878927,3691,below_0p80,False,
group_snapshot,group_old_ratio,member_history_y_displacement_m_min,-0.012024780177935202,0.012024780177935202,3691,below_0p80,False,
group_snapshot,raw_waiting_band_eligible_member_count,veh2_front_y_m,0.011975156158132416,0.011975156158132416,3332,below_0p80,False,
group_snapshot,cohort_eligible_member_count,veh2_front_y_m,0.011975156158132416,0.011975156158132416,3332,below_0p80,False,
group_snapshot,veh1_history_observed_fraction,veh2_ttc_capped_sec,0.011880459391162036,0.011880459391162036,3691,below_0p80,False,
group_snapshot,member_waiting_band_dwell_sec_min,active_vehicle_count,0.01182514386464767,0.01182514386464767,3691,below_0p80,False,
group_snapshot,member_current_vy_mps_mean,member_waiting_low_speed_time_sec_max,0.011788463562665209,0.011788463562665209,3691,below_0p80,False,
group_snapshot,dbscan_mean_vx_mps,member_history_interpolated_fraction_max,0.011781956432208888,0.011781956432208888,3691,below_0p80,False,
group_snapshot,member_current_vy_mps_min,member_history_observed_fraction_mean,0.01177710881555559,0.01177710881555559,3691,below_0p80,False,
group_snapshot,group_unknown_age_ratio,member_history_max_unobserved_gap_sec_max,-0.01176400041158506,0.01176400041158506,3691,below_0p80,False,
group_snapshot,dbscan_mean_vx_mps,member_current_speed_mps_mean,0.011736487587863753,0.011736487587863753,3691,below_0p80,False,
group_snapshot,member_distance_to_crossing_line_m_max,member_current_vy_mps_max,0.01172985342432429,0.01172985342432429,3691,below_0p80,False,
group_snapshot,dbscan_spread_m,member_history_y_displacement_m_mean,-0.011532128786857198,0.011532128786857198,3691,below_0p80,False,
group_snapshot,group_female_ratio,veh3_front_y_m,0.011514489562239678,0.011514489562239678,3114,below_0p80,False,
group_snapshot,member_distance_to_crossing_line_m_min,approaching_vehicle_count,0.011509824946125614,0.011509824946125614,3691,below_0p80,False,
group_snapshot,member_history_interpolated_fraction_min,veh2_ttc_capped_sec,0.011498225440149001,0.011498225440149001,3691,below_0p80,False,
group_snapshot,group_unknown_age_ratio,member_current_vy_mps_max,0.011453380256288014,0.011453380256288014,3691,below_0p80,False,
group_snapshot,cohort_eligible_member_count,veh1_history_observed_fraction,-0.011453182686874152,0.011453182686874152,3691,below_0p80,False,
group_snapshot,raw_waiting_band_eligible_member_count,veh1_history_observed_fraction,-0.011453182686874152,0.011453182686874152,3691,below_0p80,False,
group_snapshot,member_current_vy_mps_mean,veh1_front_y_m,-0.011434926316491968,0.011434926316491968,3534,below_0p80,False,
group_snapshot,dbscan_mean_vx_mps,member_history_observed_fraction_mean,-0.011421408587355105,0.011421408587355105,3691,below_0p80,False,
group_snapshot,group_male_ratio,group_young_ratio,0.011409141128013209,0.011409141128013209,3691,below_0p80,False,
group_snapshot,dbscan_mean_vx_mps,member_history_interpolated_fraction_min,0.011381009743770862,0.011381009743770862,3691,below_0p80,False,
group_snapshot,member_current_vy_mps_min,veh3_speed_mps,-0.011352419788220847,0.011352419788220847,3091,below_0p80,False,
group_snapshot,member_history_observed_fraction_min,veh2_history_front_y_change_m,-0.01129409525102803,0.01129409525102803,3332,below_0p80,False,
group_snapshot,member_history_interpolated_fraction_max,veh2_ttc_capped_sec,-0.011200885478404357,0.011200885478404357,3691,below_0p80,False,
group_snapshot,member_history_observed_fraction_min,veh1_history_mean_front_y_m,0.01112992376853665,0.01112992376853665,3534,below_0p80,False,
group_snapshot,group_old_ratio,member_history_y_displacement_m_mean,-0.010979625815495652,0.010979625815495652,3691,below_0p80,False,
group_snapshot,member_history_max_unobserved_gap_sec_min,veh1_front_y_m,-0.010975070233064294,0.010975070233064294,3534,below_0p80,False,
group_snapshot,member_current_speed_mps_max,veh2_front_y_m,-0.010967569419058068,0.010967569419058068,3332,below_0p80,False,
group_snapshot,dbscan_mean_vy_mps,veh3_history_observed_fraction,0.010940401218398503,0.010940401218398503,3691,below_0p80,False,
group_snapshot,group_old_ratio,member_history_max_unobserved_gap_sec_mean,-0.01090662947203672,0.01090662947203672,3691,below_0p80,False,
group_snapshot,eligible_member_fraction_of_group,group_female_ratio,0.010872824762181833,0.010872824762181833,3691,below_0p80,False,
group_snapshot,group_male_ratio,member_history_mean_speed_mps_mean,0.010858168862743595,0.010858168862743595,3691,below_0p80,False,
group_snapshot,member_waiting_low_speed_time_sec_mean,veh3_history_observed_fraction,-0.010822958713290932,0.010822958713290932,3691,below_0p80,False,
group_snapshot,dbscan_mean_vx_mps,member_history_observed_fraction_min,-0.010777697887928081,0.010777697887928081,3691,below_0p80,False,
group_snapshot,eligible_member_fraction_of_group,member_history_y_displacement_m_mean,-0.010755087281066633,0.010755087281066633,3691,below_0p80,False,
group_snapshot,member_distance_to_crossing_line_m_max,veh3_ttc_capped_sec,-0.010687904233867448,0.010687904233867448,3691,below_0p80,False,
group_snapshot,member_history_mean_vy_mps_max,veh1_history_observed_fraction,-0.010686071099367702,0.010686071099367702,3691,below_0p80,False,
group_snapshot,member_current_vy_mps_mean,member_window_low_speed_fraction_max,0.010673515501274603,0.010673515501274603,3691,below_0p80,False,
group_snapshot,member_history_mean_vy_mps_mean,member_history_mean_speed_mps_max,-0.010620455989533623,0.010620455989533623,3691,below_0p80,False,
group_snapshot,group_unknown_gender_ratio,member_current_speed_mps_min,-0.010590045052636547,0.010590045052636547,3691,below_0p80,False,
group_snapshot,member_history_max_unobserved_gap_sec_mean,veh2_front_y_m,-0.010574919507580232,0.010574919507580232,3332,below_0p80,False,
group_snapshot,member_current_vy_mps_min,veh3_front_y_m,0.010574290961797812,0.010574290961797812,3114,below_0p80,False,
group_snapshot,member_current_vy_mps_max,veh1_history_front_y_change_m,-0.010573495925053501,0.010573495925053501,3534,below_0p80,False,
group_snapshot,group_old_ratio,veh2_front_y_m,0.010565799492689201,0.010565799492689201,3332,below_0p80,False,
group_snapshot,group_male_ratio,stopped_vehicle_count,0.010561433003184057,0.010561433003184057,3691,below_0p80,False,
group_snapshot,group_unknown_age_ratio,member_history_max_unobserved_gap_sec_mean,-0.010539896610770386,0.010539896610770386,3691,below_0p80,False,
group_snapshot,dbscan_centroid_y_m,dbscan_mean_speed_mps,0.010513763370291446,0.010513763370291446,3691,below_0p80,False,
group_snapshot,member_waiting_low_speed_time_sec_max,veh3_history_observed_fraction,-0.010452485010721768,0.010452485010721768,3691,below_0p80,False,
group_snapshot,member_current_speed_mps_max,veh1_history_observed_fraction,-0.010414550094205378,0.010414550094205378,3691,below_0p80,False,
group_snapshot,member_history_observed_fraction_max,veh1_front_y_m,0.010410176912228687,0.010410176912228687,3534,below_0p80,False,
group_snapshot,group_male_ratio,veh3_history_observed_fraction,0.010360044913324432,0.010360044913324432,3691,below_0p80,False,
group_snapshot,member_current_vy_mps_mean,veh2_front_y_m,-0.010359043607431409,0.010359043607431409,3332,below_0p80,False,
group_snapshot,group_old_ratio,member_current_speed_mps_mean,0.010348073614872591,0.010348073614872591,3691,below_0p80,False,
group_snapshot,dbscan_mean_vy_mps,group_male_ratio,-0.010339979669007607,0.010339979669007607,3691,below_0p80,False,
group_snapshot,member_current_vy_mps_mean,member_waiting_low_speed_time_sec_mean,0.01032177465151517,0.01032177465151517,3691,below_0p80,False,
group_snapshot,member_history_mean_vy_mps_max,active_vehicle_count,-0.010305481029433352,0.010305481029433352,3691,below_0p80,False,
group_snapshot,member_history_interpolated_fraction_mean,veh1_front_y_m,-0.010281817903489197,0.010281817903489197,3534,below_0p80,False,
group_snapshot,raw_waiting_band_eligible_member_count,group_unknown_age_ratio,-0.010276879525138357,0.010276879525138357,3691,below_0p80,False,
group_snapshot,cohort_eligible_member_count,group_unknown_age_ratio,-0.010276879525138357,0.010276879525138357,3691,below_0p80,False,
group_snapshot,eligible_member_fraction_of_group,member_history_mean_vy_mps_mean,-0.01027283072442165,0.01027283072442165,3691,below_0p80,False,
group_snapshot,dbscan_mean_vy_mps,veh2_history_front_y_change_m,-0.010270834717077366,0.010270834717077366,3332,below_0p80,False,
group_snapshot,group_old_ratio,member_history_max_unobserved_gap_sec_max,-0.01026752901923337,0.01026752901923337,3691,below_0p80,False,
group_snapshot,member_history_max_unobserved_gap_sec_mean,veh1_ttc_capped_sec,0.010234665002502663,0.010234665002502663,3691,below_0p80,False,
group_snapshot,member_current_vy_mps_min,member_waiting_band_dwell_sec_max,-0.010231319348381037,0.010231319348381037,3691,below_0p80,False,
group_snapshot,dbscan_spread_m,veh1_speed_mps,0.010216733094020361,0.010216733094020361,3504,below_0p80,False,
group_snapshot,member_waiting_band_dwell_sec_mean,veh1_history_observed_fraction,-0.010208039983557458,0.010208039983557458,3691,below_0p80,False,
group_snapshot,veh2_lateral_x_m,veh2_history_observed_fraction,-0.010173041225213302,0.010173041225213302,3332,below_0p80,False,
group_snapshot,dbscan_mean_speed_mps,group_male_ratio,-0.010135177790600613,0.010135177790600613,3691,below_0p80,False,
group_snapshot,group_male_ratio,member_current_vy_mps_max,-0.010120267624290783,0.010120267624290783,3691,below_0p80,False,
group_snapshot,group_old_ratio,member_history_mean_vy_mps_min,-0.01010827639643606,0.01010827639643606,3691,below_0p80,False,
group_snapshot,member_history_interpolated_fraction_mean,veh2_speed_mps,-0.010073737601901542,0.010073737601901542,3299,below_0p80,False,
group_snapshot,member_current_vy_mps_mean,veh1_speed_mps,0.010032478482764865,0.010032478482764865,3504,below_0p80,False,
group_snapshot,member_history_observed_fraction_max,veh3_ttc_capped_sec,0.010024454882350717,0.010024454882350717,3691,below_0p80,False,
group_snapshot,member_history_max_unobserved_gap_sec_max,veh1_history_mean_front_y_m,-0.009996101543429906,0.009996101543429906,3534,below_0p80,False,
group_snapshot,group_male_ratio,group_old_ratio,0.009881537368791193,0.009881537368791193,3691,below_0p80,False,
group_snapshot,group_old_ratio,member_history_mean_vy_mps_mean,-0.00987038042609236,0.00987038042609236,3691,below_0p80,False,
group_snapshot,group_female_ratio,member_current_speed_mps_min,0.009865026968068237,0.009865026968068237,3691,below_0p80,False,
group_snapshot,member_history_y_displacement_m_mean,veh1_front_y_m,0.009863899163384192,0.009863899163384192,3534,below_0p80,False,
group_snapshot,member_current_vy_mps_mean,veh2_history_front_y_change_m,-0.009772600738581265,0.009772600738581265,3332,below_0p80,False,
group_snapshot,member_history_mean_vy_mps_mean,veh1_front_y_m,0.009766913420746799,0.009766913420746799,3534,below_0p80,False,
group_snapshot,member_distance_to_crossing_line_m_max,member_waiting_band_dwell_sec_min,-0.009759965665381377,0.009759965665381377,3691,below_0p80,False,
group_snapshot,member_current_vy_mps_mean,veh3_ttc_capped_sec,-0.009709826755388546,0.009709826755388546,3691,below_0p80,False,
group_snapshot,group_young_ratio,member_history_max_unobserved_gap_sec_mean,-0.009693742026632535,0.009693742026632535,3691,below_0p80,False,
group_snapshot,member_current_vy_mps_max,veh2_history_mean_front_y_m,0.009446574325135182,0.009446574325135182,3332,below_0p80,False,
group_snapshot,member_history_observed_fraction_mean,veh1_ttc_capped_sec,-0.009443044717117134,0.009443044717117134,3691,below_0p80,False,
group_snapshot,member_current_vy_mps_mean,veh3_history_front_y_change_m,-0.009367953870428566,0.009367953870428566,3114,below_0p80,False,
group_snapshot,group_young_ratio,member_history_interpolated_fraction_max,-0.009365822675343952,0.009365822675343952,3691,below_0p80,False,
group_snapshot,group_young_ratio,veh1_history_observed_fraction,-0.00933296987213267,0.00933296987213267,3691,below_0p80,False,
group_snapshot,member_history_interpolated_fraction_min,veh3_ttc_capped_sec,-0.00923225726040627,0.00923225726040627,3691,below_0p80,False,
group_snapshot,dbscan_mean_vy_mps,veh1_front_y_m,-0.009183831776932442,0.009183831776932442,3534,below_0p80,False,
group_snapshot,dbscan_mean_vx_mps,dbscan_mean_speed_mps,0.009075403868823358,0.009075403868823358,3691,below_0p80,False,
group_snapshot,member_current_vy_mps_mean,veh3_history_mean_front_y_m,0.009049334770431258,0.009049334770431258,3114,below_0p80,False,
group_snapshot,group_unknown_age_ratio,member_history_y_displacement_m_min,0.009035249632666538,0.009035249632666538,3691,below_0p80,False,
group_snapshot,member_history_interpolated_fraction_max,veh1_front_y_m,-0.009008064168613232,0.009008064168613232,3534,below_0p80,False,
group_snapshot,member_current_vy_mps_max,veh1_lateral_x_m,0.008952156614274015,0.008952156614274015,3534,below_0p80,False,
group_snapshot,member_current_speed_mps_min,veh1_history_observed_fraction,0.008946273751925369,0.008946273751925369,3691,below_0p80,False,
group_snapshot,member_history_y_displacement_m_max,active_vehicle_count,-0.008930039235131157,0.008930039235131157,3691,below_0p80,False,
group_snapshot,member_current_vy_mps_min,veh1_front_y_m,0.008889790248169408,0.008889790248169408,3534,below_0p80,False,
group_snapshot,member_history_max_unobserved_gap_sec_max,veh2_front_y_m,-0.008837763153940905,0.008837763153940905,3332,below_0p80,False,
group_snapshot,dbscan_mean_vx_mps,member_window_low_speed_fraction_min,0.008834322481533667,0.008834322481533667,3691,below_0p80,False,
group_snapshot,dbscan_mean_vx_mps,member_current_speed_mps_min,0.008822413872695804,0.008822413872695804,3691,below_0p80,False,
group_snapshot,dbscan_mean_vy_mps,veh1_history_front_y_change_m,-0.008739407326361475,0.008739407326361475,3534,below_0p80,False,
group_snapshot,raw_group_size,dbscan_mean_vy_mps,0.008711072634818025,0.008711072634818025,3691,below_0p80,False,
group_snapshot,member_history_y_displacement_m_max,veh2_history_observed_fraction,0.008697256261915686,0.008697256261915686,3691,below_0p80,False,
group_snapshot,member_history_mean_speed_mps_min,veh1_history_observed_fraction,-0.008625201432584804,0.008625201432584804,3691,below_0p80,False,
group_snapshot,member_distance_to_crossing_line_m_max,veh3_history_mean_front_y_m,0.008591931674637305,0.008591931674637305,3114,below_0p80,False,
group_snapshot,dbscan_mean_vx_mps,member_history_mean_speed_mps_min,0.00859037925489312,0.00859037925489312,3691,below_0p80,False,
group_snapshot,group_adult_ratio,member_history_interpolated_fraction_min,0.008588908081395823,0.008588908081395823,3691,below_0p80,False,
group_snapshot,member_current_vy_mps_mean,veh1_history_mean_front_y_m,-0.008583538051911841,0.008583538051911841,3534,below_0p80,False,
group_snapshot,member_distance_to_crossing_line_m_mean,veh3_front_y_m,0.008569683854803237,0.008569683854803237,3114,below_0p80,False,
group_snapshot,member_history_max_unobserved_gap_sec_min,veh3_front_y_m,-0.008460160012371104,0.008460160012371104,3114,below_0p80,False,
group_snapshot,member_history_max_unobserved_gap_sec_min,veh3_ttc_capped_sec,-0.008439502455490654,0.008439502455490654,3691,below_0p80,False,
group_snapshot,member_history_mean_speed_mps_mean,veh1_ttc_capped_sec,0.008435708295585192,0.008435708295585192,3691,below_0p80,False,
group_snapshot,dbscan_centroid_y_m,member_current_vy_mps_mean,0.008407443814999563,0.008407443814999563,3691,below_0p80,False,
group_snapshot,raw_group_size,member_history_mean_vy_mps_mean,-0.008345954011515552,0.008345954011515552,3691,below_0p80,False,
group_snapshot,member_current_vy_mps_min,veh1_history_mean_front_y_m,-0.008332316423318536,0.008332316423318536,3534,below_0p80,False,
group_snapshot,group_female_ratio,member_history_y_displacement_m_min,0.008331813495606239,0.008331813495606239,3691,below_0p80,False,
group_snapshot,member_history_max_unobserved_gap_sec_max,veh2_closing_speed_mps,-0.008311679448343889,0.008311679448343889,3332,below_0p80,False,
group_snapshot,member_waiting_low_speed_time_sec_max,veh1_history_observed_fraction,0.008280836853269283,0.008280836853269283,3691,below_0p80,False,
group_snapshot,dbscan_centroid_x_m,veh1_history_observed_fraction,-0.008270421384695989,0.008270421384695989,3691,below_0p80,False,
group_snapshot,group_young_ratio,member_history_observed_fraction_min,0.008129601296905646,0.008129601296905646,3691,below_0p80,False,
group_snapshot,veh3_lateral_x_m,veh3_closing_speed_mps,-0.00808326505941772,0.00808326505941772,3114,below_0p80,False,
group_snapshot,group_unknown_gender_ratio,member_waiting_low_speed_time_sec_min,-0.008046520464832976,0.008046520464832976,3691,below_0p80,False,
group_snapshot,group_unknown_age_ratio,member_history_y_displacement_m_mean,0.008038236708768961,0.008038236708768961,3691,below_0p80,False,
group_snapshot,dbscan_mean_vx_mps,veh3_history_observed_fraction,-0.008031417619023686,0.008031417619023686,3691,below_0p80,False,
group_snapshot,member_waiting_band_dwell_sec_max,veh1_history_observed_fraction,-0.007994894276572729,0.007994894276572729,3691,below_0p80,False,
group_snapshot,member_current_speed_mps_min,active_vehicle_count,0.007974395956504936,0.007974395956504936,3691,below_0p80,False,
group_snapshot,eligible_member_fraction_of_group,dbscan_centroid_x_m,0.007957180173522734,0.007957180173522734,3691,below_0p80,False,
group_snapshot,member_history_observed_fraction_mean,veh3_history_mean_front_y_m,-0.00792890920433802,0.00792890920433802,3114,below_0p80,False,
group_snapshot,dbscan_mean_vy_mps,veh3_history_mean_front_y_m,0.007885093892659763,0.007885093892659763,3114,below_0p80,False,
group_snapshot,member_history_mean_vy_mps_max,member_history_mean_speed_mps_min,0.007874927048125322,0.007874927048125322,3691,below_0p80,False,
group_snapshot,group_old_ratio,member_history_interpolated_fraction_min,-0.007768640153782663,0.007768640153782663,3691,below_0p80,False,
group_snapshot,dbscan_mean_speed_mps,member_distance_to_crossing_line_m_max,-0.007750945681379105,0.007750945681379105,3691,below_0p80,False,
group_snapshot,group_male_ratio,veh2_history_observed_fraction,0.007699297688259422,0.007699297688259422,3691,below_0p80,False,
group_snapshot,group_old_ratio,member_current_speed_mps_max,0.007555833042935426,0.007555833042935426,3691,below_0p80,False,
group_snapshot,member_distance_to_crossing_line_m_max,member_current_speed_mps_max,-0.007464199715368354,0.007464199715368354,3691,below_0p80,False,
group_snapshot,raw_group_size,member_history_y_displacement_m_mean,-0.007458023430997371,0.007458023430997371,3691,below_0p80,False,
group_snapshot,dbscan_centroid_x_m,member_distance_to_crossing_line_m_max,0.007438861053095207,0.007438861053095207,3691,below_0p80,False,
group_snapshot,veh2_lateral_x_m,veh3_closing_speed_mps,-0.007398001100009536,0.007398001100009536,3114,below_0p80,False,
group_snapshot,dbscan_centroid_x_m,dbscan_centroid_y_m,0.007384832221079512,0.007384832221079512,3691,below_0p80,False,
group_snapshot,group_young_ratio,veh3_history_observed_fraction,-0.0073435400962758215,0.0073435400962758215,3691,below_0p80,False,
group_snapshot,member_history_observed_fraction_max,veh3_front_y_m,0.007241092319389144,0.007241092319389144,3114,below_0p80,False,
group_snapshot,member_current_vy_mps_min,veh2_closing_speed_mps,-0.007217341413310998,0.007217341413310998,3332,below_0p80,False,
group_snapshot,group_unknown_age_ratio,member_history_mean_vy_mps_min,0.0071818721127046075,0.0071818721127046075,3691,below_0p80,False,
group_snapshot,member_current_vy_mps_max,veh2_closing_speed_mps,0.007086788512244751,0.007086788512244751,3332,below_0p80,False,
group_snapshot,member_history_mean_speed_mps_min,veh3_history_observed_fraction,-0.007077976422306082,0.007077976422306082,3691,below_0p80,False,
group_snapshot,member_history_mean_vy_mps_max,veh3_history_observed_fraction,-0.007044365232855481,0.007044365232855481,3691,below_0p80,False,
group_snapshot,dbscan_centroid_x_m,member_current_vy_mps_min,-0.007034316607763919,0.007034316607763919,3691,below_0p80,False,
group_snapshot,group_unknown_age_ratio,member_history_mean_vy_mps_mean,0.006998210954192982,0.006998210954192982,3691,below_0p80,False,
group_snapshot,member_history_observed_fraction_min,veh2_speed_mps,-0.006954286419205541,0.006954286419205541,3299,below_0p80,False,
group_snapshot,member_waiting_low_speed_time_sec_mean,veh1_front_y_m,0.006859574484291166,0.006859574484291166,3534,below_0p80,False,
group_snapshot,dbscan_mean_vy_mps,member_history_mean_speed_mps_max,0.0067491090538951345,0.0067491090538951345,3691,below_0p80,False,
group_snapshot,member_current_vy_mps_max,veh2_history_observed_fraction,0.006730064891369863,0.006730064891369863,3691,below_0p80,False,
group_snapshot,member_current_vy_mps_mean,member_history_mean_speed_mps_max,0.006699283209251725,0.006699283209251725,3691,below_0p80,False,
group_snapshot,member_current_vy_mps_min,veh3_history_mean_front_y_m,-0.006688560573949621,0.006688560573949621,3114,below_0p80,False,
group_snapshot,member_history_y_displacement_m_max,veh1_history_observed_fraction,-0.006575401283277843,0.006575401283277843,3691,below_0p80,False,
group_snapshot,member_current_vy_mps_max,veh3_front_y_m,0.006571873249419788,0.006571873249419788,3114,below_0p80,False,
group_snapshot,member_window_low_speed_fraction_max,veh1_front_y_m,0.006548801742437665,0.006548801742437665,3534,below_0p80,False,
group_snapshot,member_waiting_low_speed_time_sec_mean,veh1_history_observed_fraction,0.006544334575321916,0.006544334575321916,3691,below_0p80,False,
group_snapshot,group_female_ratio,member_history_observed_fraction_max,0.006519025517724324,0.006519025517724324,3691,below_0p80,False,
group_snapshot,member_history_y_displacement_m_min,member_history_interpolated_fraction_mean,0.006409094677532706,0.006409094677532706,3691,below_0p80,False,
group_snapshot,member_current_vy_mps_max,veh1_history_mean_front_y_m,-0.006361014380296968,0.006361014380296968,3534,below_0p80,False,
group_snapshot,raw_group_size,veh1_history_front_y_change_m,0.006270765724068379,0.006270765724068379,3534,below_0p80,False,
group_snapshot,dbscan_centroid_x_m,member_waiting_band_dwell_sec_max,-0.006260907164204643,0.006260907164204643,3691,below_0p80,False,
group_snapshot,group_female_ratio,member_history_max_unobserved_gap_sec_min,-0.006249960618018076,0.006249960618018076,3691,below_0p80,False,
group_snapshot,member_current_speed_mps_mean,veh1_history_observed_fraction,-0.006225484068403945,0.006225484068403945,3691,below_0p80,False,
group_snapshot,member_history_mean_vy_mps_min,member_history_interpolated_fraction_mean,0.006171775167611483,0.006171775167611483,3691,below_0p80,False,
group_snapshot,member_current_vy_mps_mean,member_history_mean_speed_mps_mean,0.006125549294899821,0.006125549294899821,3691,below_0p80,False,
group_snapshot,member_waiting_low_speed_time_sec_max,veh1_front_y_m,-0.006086308571874201,0.006086308571874201,3534,below_0p80,False,
group_snapshot,member_current_vy_mps_max,veh1_closing_speed_mps,0.00602134183093909,0.00602134183093909,3534,below_0p80,False,
group_snapshot,group_female_ratio,member_history_mean_vy_mps_min,0.006008226716420033,0.006008226716420033,3691,below_0p80,False,
group_snapshot,raw_group_size,veh2_front_y_m,-0.00595478463045061,0.00595478463045061,3332,below_0p80,False,
group_snapshot,group_male_ratio,veh1_speed_mps,0.005917586230235032,0.005917586230235032,3504,below_0p80,False,
group_snapshot,member_history_y_displacement_m_min,member_history_observed_fraction_min,-0.005913929669711548,0.005913929669711548,3691,below_0p80,False,
group_snapshot,member_distance_to_crossing_line_m_max,member_waiting_low_speed_time_sec_min,-0.0058372043610719505,0.0058372043610719505,3691,below_0p80,False,
group_snapshot,member_history_mean_vy_mps_mean,veh1_history_observed_fraction,-0.005828853649255948,0.005828853649255948,3691,below_0p80,False,
group_snapshot,member_waiting_band_dwell_sec_mean,active_vehicle_count,-0.005812356385279259,0.005812356385279259,3691,below_0p80,False,
group_snapshot,member_history_observed_fraction_min,veh2_closing_speed_mps,0.005774871301160016,0.005774871301160016,3332,below_0p80,False,
group_snapshot,member_current_speed_mps_max,veh3_front_y_m,-0.00575791201841493,0.00575791201841493,3114,below_0p80,False,
group_snapshot,dbscan_mean_vy_mps,veh1_closing_speed_mps,0.005745357795550989,0.005745357795550989,3534,below_0p80,False,
group_snapshot,member_history_max_unobserved_gap_sec_mean,veh3_history_mean_front_y_m,0.0057226014585275075,0.0057226014585275075,3114,below_0p80,False,
group_snapshot,member_history_mean_vy_mps_max,veh3_lateral_x_m,-0.005661977803578404,0.005661977803578404,3114,below_0p80,False,
group_snapshot,raw_group_size,member_waiting_band_dwell_sec_mean,-0.00563182761714746,0.00563182761714746,3691,below_0p80,False,
group_snapshot,member_distance_to_crossing_line_m_min,member_waiting_low_speed_time_sec_max,0.005627755355469769,0.005627755355469769,3691,below_0p80,False,
group_snapshot,member_history_mean_speed_mps_min,veh1_front_y_m,-0.005589295251101086,0.005589295251101086,3534,below_0p80,False,
group_snapshot,member_history_y_displacement_m_min,veh1_history_observed_fraction,0.005534545788016882,0.005534545788016882,3691,below_0p80,False,
group_snapshot,group_unknown_age_ratio,member_history_observed_fraction_min,0.005493872784017817,0.005493872784017817,3691,below_0p80,False,
group_snapshot,group_unknown_age_ratio,member_history_observed_fraction_mean,0.0054797147679292195,0.0054797147679292195,3691,below_0p80,False,
group_snapshot,member_current_vy_mps_mean,veh2_history_mean_front_y_m,-0.0054553181018625364,0.0054553181018625364,3332,below_0p80,False,
group_snapshot,dbscan_spread_m,dbscan_mean_vy_mps,-0.005449080539571106,0.005449080539571106,3691,below_0p80,False,
group_snapshot,member_history_y_displacement_m_max,veh3_history_observed_fraction,-0.005350323147567728,0.005350323147567728,3691,below_0p80,False,
group_snapshot,member_distance_to_crossing_line_m_min,member_waiting_band_dwell_sec_max,0.005313394443839226,0.005313394443839226,3691,below_0p80,False,
group_snapshot,dbscan_mean_vy_mps,veh2_front_y_m,-0.005302522705285705,0.005302522705285705,3332,below_0p80,False,
group_snapshot,member_current_vy_mps_min,veh2_front_y_m,-0.005233831278948467,0.005233831278948467,3332,below_0p80,False,
group_snapshot,dbscan_mean_vx_mps,member_history_mean_speed_mps_max,-0.005223985669275174,0.005223985669275174,3691,below_0p80,False,
group_snapshot,member_waiting_low_speed_time_sec_min,veh1_history_observed_fraction,0.005113811490378887,0.005113811490378887,3691,below_0p80,False,
group_snapshot,member_history_interpolated_fraction_mean,veh2_ttc_capped_sec,-0.005111351723676507,0.005111351723676507,3691,below_0p80,False,
group_snapshot,member_history_interpolated_fraction_max,veh2_speed_mps,-0.005089993197898566,0.005089993197898566,3299,below_0p80,False,
group_snapshot,member_history_mean_vy_mps_min,veh1_history_observed_fraction,0.005036755613962601,0.005036755613962601,3691,below_0p80,False,
group_snapshot,member_history_mean_vy_mps_max,veh2_history_observed_fraction,0.0050116915072051784,0.0050116915072051784,3691,below_0p80,False,
group_snapshot,member_current_vy_mps_max,veh1_history_observed_fraction,0.004994989784441986,0.004994989784441986,3691,below_0p80,False,
group_snapshot,dbscan_mean_vx_mps,veh3_front_y_m,-0.004918458913791891,0.004918458913791891,3114,below_0p80,False,
group_snapshot,member_waiting_low_speed_time_sec_min,veh3_history_observed_fraction,0.004864560623398448,0.004864560623398448,3691,below_0p80,False,
group_snapshot,member_history_interpolated_fraction_min,veh3_closing_speed_mps,0.004860918428896819,0.004860918428896819,3114,below_0p80,False,
group_snapshot,group_female_ratio,member_history_interpolated_fraction_min,-0.004754614530626995,0.004754614530626995,3691,below_0p80,False,
group_snapshot,member_current_vy_mps_max,member_waiting_low_speed_time_sec_max,0.004740074184775699,0.004740074184775699,3691,below_0p80,False,
group_snapshot,group_unknown_gender_ratio,member_current_vy_mps_max,0.004574296231419703,0.004574296231419703,3691,below_0p80,False,
group_snapshot,dbscan_mean_vx_mps,member_window_low_speed_fraction_max,-0.004566494978450483,0.004566494978450483,3691,below_0p80,False,
group_snapshot,group_unknown_gender_ratio,group_adult_ratio,0.0045646907489523166,0.0045646907489523166,3691,below_0p80,False,
group_snapshot,group_male_ratio,veh1_history_mean_front_y_m,0.004547107252755891,0.004547107252755891,3534,below_0p80,False,
group_snapshot,member_history_y_displacement_m_min,veh2_front_y_m,0.0045333100797569845,0.0045333100797569845,3332,below_0p80,False,
group_snapshot,member_current_vy_mps_min,veh1_speed_mps,-0.004521073633499123,0.004521073633499123,3504,below_0p80,False,
group_snapshot,member_current_speed_mps_mean,member_history_y_displacement_m_max,0.004413378886059121,0.004413378886059121,3691,below_0p80,False,
group_snapshot,dbscan_centroid_x_m,member_distance_to_crossing_line_m_min,0.00439430544469711,0.00439430544469711,3691,below_0p80,False,
group_snapshot,member_history_mean_vy_mps_min,member_history_observed_fraction_min,-0.004312432362023663,0.004312432362023663,3691,below_0p80,False,
group_snapshot,member_history_max_unobserved_gap_sec_max,veh1_ttc_capped_sec,0.004308375368144229,0.004308375368144229,3691,below_0p80,False,
group_snapshot,member_history_max_unobserved_gap_sec_min,veh2_ttc_capped_sec,0.004097237106234538,0.004097237106234538,3691,below_0p80,False,
group_snapshot,group_young_ratio,veh3_front_y_m,0.004031170243741617,0.004031170243741617,3114,below_0p80,False,
group_snapshot,member_history_max_unobserved_gap_sec_max,veh2_speed_mps,0.004000067604139174,0.004000067604139174,3299,below_0p80,False,
group_snapshot,member_current_vy_mps_mean,veh2_closing_speed_mps,0.003969380136743903,0.003969380136743903,3332,below_0p80,False,
group_snapshot,member_current_vy_mps_mean,veh3_front_y_m,0.003930194432962403,0.003930194432962403,3114,below_0p80,False,
group_snapshot,member_history_y_displacement_m_max,veh3_lateral_x_m,-0.0038467160547754737,0.0038467160547754737,3114,below_0p80,False,
group_snapshot,member_history_interpolated_fraction_mean,veh3_history_mean_front_y_m,-0.003629519215946544,0.003629519215946544,3114,below_0p80,False,
group_snapshot,group_unknown_gender_ratio,veh2_ttc_capped_sec,0.00356108143898318,0.00356108143898318,3691,below_0p80,False,
group_snapshot,member_waiting_band_dwell_sec_mean,veh1_front_y_m,-0.0035131250511947574,0.0035131250511947574,3534,below_0p80,False,
group_snapshot,member_history_observed_fraction_max,veh2_ttc_capped_sec,-0.003483621084385247,0.003483621084385247,3691,below_0p80,False,
group_snapshot,dbscan_centroid_x_m,member_history_y_displacement_m_max,-0.0034746582677963895,0.0034746582677963895,3691,below_0p80,False,
group_snapshot,member_distance_to_crossing_line_m_max,member_history_interpolated_fraction_min,-0.00345613412950075,0.00345613412950075,3691,below_0p80,False,
group_snapshot,member_waiting_low_speed_time_sec_min,veh3_front_y_m,-0.003442802960091812,0.003442802960091812,3114,below_0p80,False,
group_snapshot,stopped_vehicle_count,veh2_lateral_x_m,0.003415719246670301,0.003415719246670301,3332,below_0p80,False,
group_snapshot,member_current_vy_mps_max,member_history_observed_fraction_max,-0.0033966145638127648,0.0033966145638127648,3691,below_0p80,False,
group_snapshot,member_history_mean_vy_mps_min,veh2_front_y_m,0.0033629247491047034,0.0033629247491047034,3332,below_0p80,False,
group_snapshot,group_female_ratio,member_current_vy_mps_mean,-0.003271733548872682,0.003271733548872682,3691,below_0p80,False,
group_snapshot,dbscan_centroid_x_m,member_history_mean_vy_mps_max,-0.003269974077501215,0.003269974077501215,3691,below_0p80,False,
group_snapshot,dbscan_mean_vy_mps,stopped_vehicle_count,-0.0032572658513632287,0.0032572658513632287,3691,below_0p80,False,
group_snapshot,member_current_vy_mps_max,member_waiting_band_dwell_sec_mean,0.0031662441962273823,0.0031662441962273823,3691,below_0p80,False,
group_snapshot,dbscan_mean_vy_mps,veh2_closing_speed_mps,0.003089345923040187,0.003089345923040187,3332,below_0p80,False,
group_snapshot,eligible_member_fraction_of_group,veh2_history_observed_fraction,0.0030616100437510646,0.0030616100437510646,3691,below_0p80,False,
group_snapshot,group_male_ratio,member_window_low_speed_fraction_mean,0.003045938655269572,0.003045938655269572,3691,below_0p80,False,
group_snapshot,eligible_member_fraction_of_group,veh3_front_y_m,0.0028879374794779184,0.0028879374794779184,3114,below_0p80,False,
group_snapshot,dbscan_mean_vy_mps,veh1_history_observed_fraction,0.002851653704357671,0.002851653704357671,3691,below_0p80,False,
group_snapshot,dbscan_mean_vx_mps,member_window_low_speed_fraction_mean,-0.002833415398219105,0.002833415398219105,3691,below_0p80,False,
group_snapshot,member_history_observed_fraction_min,veh1_ttc_capped_sec,-0.0028162542382075186,0.0028162542382075186,3691,below_0p80,False,
group_snapshot,group_male_ratio,member_window_low_speed_fraction_max,0.0027131715933246324,0.0027131715933246324,3691,below_0p80,False,
group_snapshot,group_female_ratio,veh1_lateral_x_m,0.0026969128653566436,0.0026969128653566436,3534,below_0p80,False,
group_snapshot,member_history_y_displacement_m_mean,veh3_history_observed_fraction,0.002656025964346803,0.002656025964346803,3691,below_0p80,False,
group_snapshot,group_old_ratio,veh3_front_y_m,0.002653750403844246,0.002653750403844246,3114,below_0p80,False,
group_snapshot,dbscan_centroid_x_m,member_current_vy_mps_mean,-0.0026503779438742017,0.0026503779438742017,3691,below_0p80,False,
group_snapshot,member_current_vy_mps_mean,veh1_closing_speed_mps,-0.0026249359112080696,0.0026249359112080696,3534,below_0p80,False,
group_snapshot,member_history_interpolated_fraction_max,veh3_front_y_m,0.0025581642522689895,0.0025581642522689895,3114,below_0p80,False,
group_snapshot,member_history_y_displacement_m_max,veh3_front_y_m,0.0025499668515631163,0.0025499668515631163,3114,below_0p80,False,
group_snapshot,member_distance_to_crossing_line_m_min,member_history_mean_vy_mps_min,-0.0025126726787039113,0.0025126726787039113,3691,below_0p80,False,
group_snapshot,member_history_observed_fraction_max,veh3_closing_speed_mps,-0.0025115208966541855,0.0025115208966541855,3114,below_0p80,False,
group_snapshot,member_history_mean_speed_mps_max,member_history_y_displacement_m_mean,-0.002486885008725172,0.002486885008725172,3691,below_0p80,False,
group_snapshot,member_current_vy_mps_mean,member_history_mean_speed_mps_min,-0.002403095695996109,0.002403095695996109,3691,below_0p80,False,
group_snapshot,member_history_y_displacement_m_mean,veh1_history_observed_fraction,-0.0023065420255279447,0.0023065420255279447,3691,below_0p80,False,
group_snapshot,member_history_mean_vy_mps_max,veh3_front_y_m,0.002303739166425574,0.002303739166425574,3114,below_0p80,False,
group_snapshot,dbscan_mean_vy_mps,veh1_history_mean_front_y_m,-0.0022032673717769283,0.0022032673717769283,3534,below_0p80,False,
group_snapshot,group_young_ratio,member_history_max_unobserved_gap_sec_max,-0.002178973552358944,0.002178973552358944,3691,below_0p80,False,
group_snapshot,member_history_observed_fraction_mean,veh1_front_y_m,0.0021491798155900566,0.0021491798155900566,3534,below_0p80,False,
group_snapshot,dbscan_mean_vy_mps,veh2_history_mean_front_y_m,-0.0021472412313333013,0.0021472412313333013,3332,below_0p80,False,
group_snapshot,group_male_ratio,member_window_low_speed_fraction_min,-0.0021371745914733737,0.0021371745914733737,3691,below_0p80,False,
group_snapshot,group_old_ratio,member_history_y_displacement_m_max,-0.0021301316971823066,0.0021301316971823066,3691,below_0p80,False,
group_snapshot,dbscan_mean_vy_mps,veh3_front_y_m,-0.0021075722799295806,0.0021075722799295806,3114,below_0p80,False,
group_snapshot,member_current_vy_mps_mean,member_waiting_low_speed_time_sec_min,0.0021041738117465658,0.0021041738117465658,3691,below_0p80,False,
group_snapshot,group_male_ratio,member_history_mean_speed_mps_min,0.0021023116383735983,0.0021023116383735983,3691,below_0p80,False,
group_snapshot,member_history_y_displacement_m_max,member_history_interpolated_fraction_min,-0.0020858949814356463,0.0020858949814356463,3691,below_0p80,False,
group_snapshot,member_history_max_unobserved_gap_sec_mean,veh2_speed_mps,-0.002035168338801634,0.002035168338801634,3299,below_0p80,False,
group_snapshot,member_history_max_unobserved_gap_sec_mean,veh1_front_y_m,-0.0020030704477814708,0.0020030704477814708,3534,below_0p80,False,
group_snapshot,dbscan_centroid_y_m,veh3_ttc_capped_sec,-0.0018510253044733182,0.0018510253044733182,3691,below_0p80,False,
group_snapshot,member_history_observed_fraction_min,veh1_front_y_m,0.0018507760523454526,0.0018507760523454526,3534,below_0p80,False,
group_snapshot,member_history_mean_vy_mps_max,member_history_interpolated_fraction_min,-0.001814375425481585,0.001814375425481585,3691,below_0p80,False,
group_snapshot,member_current_vy_mps_min,veh2_speed_mps,0.0018136996861523027,0.0018136996861523027,3299,below_0p80,False,
group_snapshot,member_current_vy_mps_min,veh2_history_front_y_change_m,0.0017410040453263703,0.0017410040453263703,3332,below_0p80,False,
group_snapshot,member_current_speed_mps_mean,member_history_mean_vy_mps_max,0.0017047625646087674,0.0017047625646087674,3691,below_0p80,False,
group_snapshot,member_distance_to_crossing_line_m_min,member_history_y_displacement_m_min,-0.0016833572204729386,0.0016833572204729386,3691,below_0p80,False,
group_snapshot,member_current_vy_mps_mean,veh3_closing_speed_mps,0.001643540628699035,0.001643540628699035,3114,below_0p80,False,
group_snapshot,member_current_vy_mps_max,veh2_front_y_m,-0.00163265616284813,0.00163265616284813,3332,below_0p80,False,
group_snapshot,member_history_interpolated_fraction_max,veh3_history_mean_front_y_m,0.0015355889719475117,0.0015355889719475117,3114,below_0p80,False,
group_snapshot,member_current_vy_mps_max,veh3_lateral_x_m,0.0015075432101250728,0.0015075432101250728,3114,below_0p80,False,
group_snapshot,member_current_vy_mps_max,member_history_max_unobserved_gap_sec_min,0.0015060088946181863,0.0015060088946181863,3691,below_0p80,False,
group_snapshot,dbscan_spread_m,veh1_front_y_m,0.0014737905982456331,0.0014737905982456331,3534,below_0p80,False,
group_snapshot,group_old_ratio,member_history_mean_vy_mps_max,-0.0014599093841699124,0.0014599093841699124,3691,below_0p80,False,
group_snapshot,group_unknown_age_ratio,member_history_y_displacement_m_max,-0.0014586068458496213,0.0014586068458496213,3691,below_0p80,False,
group_snapshot,group_unknown_gender_ratio,member_history_mean_vy_mps_max,0.0014161107661130393,0.0014161107661130393,3691,below_0p80,False,
group_snapshot,member_history_y_displacement_m_min,member_history_max_unobserved_gap_sec_max,0.001388884365453807,0.001388884365453807,3691,below_0p80,False,
group_snapshot,dbscan_mean_speed_mps,member_history_y_displacement_m_max,0.0013454505587911691,0.0013454505587911691,3691,below_0p80,False,
group_snapshot,group_unknown_gender_ratio,member_history_y_displacement_m_max,-0.0012861476212536849,0.0012861476212536849,3691,below_0p80,False,
group_snapshot,group_young_ratio,veh2_front_y_m,-0.0012248717037897934,0.0012248717037897934,3332,below_0p80,False,
group_snapshot,member_history_interpolated_fraction_mean,veh3_front_y_m,0.0012071836047935177,0.0012071836047935177,3114,below_0p80,False,
group_snapshot,member_distance_to_crossing_line_m_min,member_current_speed_mps_min,0.0011486649830127326,0.0011486649830127326,3691,below_0p80,False,
group_snapshot,eligible_member_fraction_of_group,veh1_front_y_m,0.0010600419502876577,0.0010600419502876577,3534,below_0p80,False,
group_snapshot,group_unknown_age_ratio,member_history_max_unobserved_gap_sec_min,-0.001027318435651166,0.001027318435651166,3691,below_0p80,False,
group_snapshot,veh3_lateral_x_m,veh3_front_y_m,-0.0010203721536498514,0.0010203721536498514,3114,below_0p80,False,
group_snapshot,veh3_lateral_x_m,veh3_history_front_y_change_m,-0.0009655956838786016,0.0009655956838786016,3114,below_0p80,False,
group_snapshot,dbscan_spread_m,member_distance_to_crossing_line_m_mean,-0.0009329678841073038,0.0009329678841073038,3691,below_0p80,False,
group_snapshot,group_unknown_age_ratio,active_vehicle_count,-0.0009250251833784537,0.0009250251833784537,3691,below_0p80,False,
group_snapshot,group_unknown_gender_ratio,veh2_history_mean_front_y_m,0.0009011693757101123,0.0009011693757101123,3332,below_0p80,False,
group_snapshot,dbscan_mean_vy_mps,member_history_mean_speed_mps_mean,0.0008566710138192282,0.0008566710138192282,3691,below_0p80,False,
group_snapshot,member_current_vy_mps_mean,stopped_vehicle_count,0.0008475004140744821,0.0008475004140744821,3691,below_0p80,False,
group_snapshot,member_distance_to_crossing_line_m_min,member_history_max_unobserved_gap_sec_mean,-0.0008337297324819725,0.0008337297324819725,3691,below_0p80,False,
group_snapshot,dbscan_centroid_y_m,veh3_front_y_m,0.0008146124647127124,0.0008146124647127124,3114,below_0p80,False,
group_snapshot,dbscan_mean_vx_mps,veh1_front_y_m,-0.0007930075481452685,0.0007930075481452685,3534,below_0p80,False,
group_snapshot,member_distance_to_crossing_line_m_min,veh3_front_y_m,0.000775268988426354,0.000775268988426354,3114,below_0p80,False,
group_snapshot,member_current_vy_mps_max,veh3_history_observed_fraction,0.0007647651409818209,0.0007647651409818209,3691,below_0p80,False,
group_snapshot,group_male_ratio,member_current_speed_mps_min,0.000714182957435426,0.000714182957435426,3691,below_0p80,False,
group_snapshot,dbscan_mean_vx_mps,member_history_mean_speed_mps_mean,-0.0006865108643823499,0.0006865108643823499,3691,below_0p80,False,
group_snapshot,member_distance_to_crossing_line_m_min,member_history_interpolated_fraction_max,0.000561385435736114,0.000561385435736114,3691,below_0p80,False,
group_snapshot,member_history_max_unobserved_gap_sec_min,veh3_closing_speed_mps,-0.000538009551641639,0.000538009551641639,3114,below_0p80,False,
group_snapshot,member_current_vy_mps_min,member_waiting_low_speed_time_sec_max,0.0004756759423242551,0.0004756759423242551,3691,below_0p80,False,
group_snapshot,dbscan_centroid_x_m,member_distance_to_crossing_line_m_mean,-0.00039762128631724863,0.00039762128631724863,3691,below_0p80,False,
group_snapshot,group_old_ratio,veh2_ttc_capped_sec,-0.00038987489795550126,0.00038987489795550126,3691,below_0p80,False,
group_snapshot,member_history_y_displacement_m_mean,veh2_front_y_m,0.00038158397931524707,0.00038158397931524707,3332,below_0p80,False,
group_snapshot,member_history_mean_vy_mps_mean,veh3_history_observed_fraction,-0.0003809261288047748,0.0003809261288047748,3691,below_0p80,False,
group_snapshot,member_history_max_unobserved_gap_sec_max,veh1_front_y_m,0.000360195108841131,0.000360195108841131,3534,below_0p80,False,
group_snapshot,group_unknown_age_ratio,member_history_observed_fraction_max,-0.00033371688758595034,0.00033371688758595034,3691,below_0p80,False,
group_snapshot,member_history_observed_fraction_mean,veh2_speed_mps,-0.0002873790097295638,0.0002873790097295638,3299,below_0p80,False,
group_snapshot,dbscan_mean_speed_mps,group_unknown_gender_ratio,0.000278264313917987,0.000278264313917987,3691,below_0p80,False,
group_snapshot,member_history_mean_vy_mps_mean,veh2_front_y_m,0.0002617786339214683,0.0002617786339214683,3332,below_0p80,False,
group_snapshot,member_current_vy_mps_max,veh2_lateral_x_m,-0.00018979806130189935,0.00018979806130189935,3332,below_0p80,False,
group_snapshot,group_unknown_age_ratio,member_history_mean_vy_mps_max,-0.00015670969740063777,0.00015670969740063777,3691,below_0p80,False,
group_snapshot,member_distance_to_crossing_line_m_min,member_history_observed_fraction_mean,-0.00011944385837414631,0.00011944385837414631,3691,below_0p80,False,
group_snapshot,dbscan_mean_speed_mps,member_history_mean_vy_mps_max,8.888017015345806e-05,8.888017015345806e-05,3691,below_0p80,False,
group_snapshot,member_current_vy_mps_mean,veh1_history_front_y_change_m,6.9470146157949e-05,6.9470146157949e-05,3534,below_0p80,False,
group_snapshot,veh1_history_observed_fraction,veh2_lateral_x_m,-6.528647511584078e-05,6.528647511584078e-05,3332,below_0p80,False,
group_snapshot,member_history_mean_vy_mps_min,member_history_max_unobserved_gap_sec_max,5.0370557368942545e-05,5.0370557368942545e-05,3691,below_0p80,False,
